tree
version=v4
num_class=1
num_tree_per_iteration=1
label_index=0
max_feature_idx=84
objective=lambdarank
feature_names=x_gap_1 x_amplitude_1 x_close_location_1 x_intraday_return x_volume_change_1 x_amount_change_1 x_pe x_pb x_return_2 x_return_3 x_return_5 x_return_10 x_return_20 x_return_40 x_return_60 x_return_120 x_ma_ratio_5 x_high_position_5 x_low_position_5 x_volatility_5 x_downside_vol_5 x_amount_ratio_5 x_volume_ratio_5 x_turnover_ratio_5 x_efficiency_5 x_max_return_5 x_min_return_5 x_ma_ratio_10 x_high_position_10 x_low_position_10 x_volatility_10 x_downside_vol_10 x_amount_ratio_10 x_volume_ratio_10 x_turnover_ratio_10 x_efficiency_10 x_max_return_10 x_min_return_10 x_ma_ratio_20 x_high_position_20 x_low_position_20 x_volatility_20 x_downside_vol_20 x_amount_ratio_20 x_volume_ratio_20 x_turnover_ratio_20 x_efficiency_20 x_max_return_20 x_min_return_20 x_ma_ratio_40 x_high_position_40 x_low_position_40 x_volatility_40 x_downside_vol_40 x_amount_ratio_40 x_volume_ratio_40 x_turnover_ratio_40 x_efficiency_40 x_max_return_40 x_min_return_40 x_ma_ratio_60 x_high_position_60 x_low_position_60 x_volatility_60 x_downside_vol_60 x_amount_ratio_60 x_volume_ratio_60 x_turnover_ratio_60 x_efficiency_60 x_max_return_60 x_min_return_60 x_ma_ratio_120 x_high_position_120 x_low_position_120 x_volatility_120 x_downside_vol_120 x_amount_ratio_120 x_volume_ratio_120 x_turnover_ratio_120 x_efficiency_120 x_max_return_120 x_min_return_120 x_price_amount_corr_10 x_price_amount_corr_20 x_price_amount_corr_40
feature_infos=[-0.95918369293212891:1] [-0.95918369293212891:1] [-0.95918369293212891:1] [-0.95918369293212891:1] [-0.95918369293212891:1] [-0.95918369293212891:1] [-0.95918369293212891:1] [-0.95918369293212891:1] [-0.95918369293212891:1] [-0.95918369293212891:1] [-0.95918369293212891:1] [-0.95918369293212891:1] [-0.95918369293212891:1] [-0.95918369293212891:1] [-0.95918369293212891:1] [-0.95833331346511841:1] [-0.95918369293212891:1] [-0.95918369293212891:1] [-0.95918369293212891:1] [-0.95918369293212891:1] [-0.95918369293212891:1] [-0.95918369293212891:1] [-0.95918369293212891:1] [-0.95918369293212891:1] [-0.95918369293212891:1] [-0.95918369293212891:1] [-0.95918369293212891:1] [-0.95918369293212891:1] [-0.95918369293212891:1] [-0.95918369293212891:1] [-0.95918369293212891:1] [-0.95918369293212891:1] [-0.95918369293212891:1] [-0.95918369293212891:1] [-0.95918369293212891:1] [-0.95918369293212891:1] [-0.95918369293212891:1] [-0.95918369293212891:1] [-0.95918369293212891:1] [-0.95918369293212891:1] [-0.95918369293212891:1] [-0.95918369293212891:1] [-0.95918369293212891:1] [-0.95918369293212891:1] [-0.95918369293212891:1] [-0.95918369293212891:1] [-0.95918369293212891:1] [-0.95918369293212891:1] [-0.95918369293212891:1] [-0.95918369293212891:1] [-0.95918369293212891:1] [-0.95918369293212891:1] [-0.95918369293212891:1] [-0.95918369293212891:1] [-0.95918369293212891:1] [-0.95918369293212891:1] [-0.95918369293212891:1] [-0.95918369293212891:1] [-0.95918369293212891:1] [-0.95918369293212891:1] [-0.95918369293212891:1] [-0.95918369293212891:1] [-0.95918369293212891:1] [-0.95918369293212891:1] [-0.95918369293212891:1] [-0.95918369293212891:1] [-0.95918369293212891:1] [-0.95918369293212891:1] [-0.95918369293212891:1] [-0.95918369293212891:1] [-0.95918369293212891:1] [-0.95833331346511841:1] [-0.95833331346511841:1] [-0.95833331346511841:1] [-0.95833331346511841:1] [-0.95833331346511841:1] [-0.95833331346511841:1] [-0.95833331346511841:1] [-0.95833331346511841:1] [-0.95833331346511841:1] [-0.95833331346511841:1] [-0.95833331346511841:1] [-0.95918369293212891:1] [-0.95918369293212891:1] [-0.95918369293212891:1]
tree_sizes=912 906 908 910 912 908 900 900 914 902 908 911 905 899 901 914 911 911 908 887 910 910 908 909 910 918 904 903 905 906 914 909 905 907 909 910 915 911 912 912 910 909 909 913 907 911 906 881 913 908 906 913 902 909 912 911 904 906 905 902 906 906 909 904 904 910 917 883 913 914 903 910 914 913 909 903 909 904 910 909 910 913 908 904 908 908 913 887 904 908 907 918 907 912 903 908 907 888 884 914 913 912 917 885 919 912 894 909 908 913 912 909 889 905 907 919 915 910 921 913

Tree=0
num_leaves=7
num_cat=0
split_feature=41 79 81 35 15 55
split_gain=86.7773 38.2191 21.455 19.0957 18.9189 12.4971
threshold=0.5582655966281892 0.10874704644083978 -0.71130952239036549 0.25265957415103918 -0.41885964572429651 -0.03696236573159694
decision_type=2 2 2 2 2 2
left_child=1 3 -2 -1 -4 -3
right_child=2 5 4 -5 -6 -7
leaf_value=-0.0076908511528824856 0.014015683830045596 -0.0017973272791518614 0.015329687644585517 -0.00052407830887407376 0.0017826192702782141 0.0047269075196358784
leaf_weight=1157.0310552897863 326.60255228728056 480.25746186869219 111.29517710395157 483.99363263091072 505.26266547245905 565.23254195787013
leaf_count=33437 8883 14199 2485 13426 12164 16807
internal_value=0 -0.00274938 0.0078046 -0.00560337 0.00437992 0.00170708
internal_weight=3629.68 2686.51 943.16 1641.02 616.558 1045.49
internal_count=101401 77869 23532 46863 14649 31006
is_linear=0
shrinkage=0.03


Tree=1
num_leaves=7
num_cat=0
split_feature=53 40 72 83 79 81
split_gain=289.655 97.6973 77.637 57.103 43.5367 38.2658
threshold=0.67006802558898937 0.19098278135061267 -0.77525252103805531 0.60434782505035411 0.1234756112098694 -0.29570747911930079
decision_type=2 2 2 2 2 2
left_child=1 4 5 -3 -1 -2
right_child=2 3 -4 -5 -6 -7
leaf_value=-0.0092538940394885413 0.012257054848855675 0.0032298544928395091 0.0041201946597525197 -0.005111622186406547 -0.0025711683659087057 0.03345348989250449
leaf_weight=2309.5776013126597 992.19926520437002 2162.8756943810731 2100.8439576420933 1114.5684375669807 1444.6744180470705 82.820091336965561
leaf_count=35617 4894 21390 12031 10328 16775 366
internal_value=0 -0.00339607 0.00751277 0.000380543 -0.00669713 0.0140651
internal_weight=10207.6 7031.7 3175.86 3277.44 3754.25 1075.02
internal_count=101401 84110 17291 31718 52392 5260
is_linear=0
shrinkage=0.03


Tree=2
num_leaves=7
num_cat=0
split_feature=7 40 72 41 84 58
split_gain=308.108 84.2052 79.9026 65.814 49.2555 41.6214
threshold=0.65783974528312694 0.19574468582868579 -0.78550893068313588 0.71760797500610363 0.14589665830135348 0.97937926650047313
decision_type=2 2 2 2 2 2
left_child=1 3 5 -1 -3 -2
right_child=2 4 -4 -5 -6 -7
leaf_value=-0.0080652672780704062 0.016050583302397115 0.0036852217894946145 0.003839770252150594 0.0070978657787962862 -0.0037813669803583214 0.00034827862187738736
leaf_weight=3196.3356983885169 1052.7759382966906 1568.0120758749545 1814.5085977669805 274.26089428924024 1602.6350486231968 182.25151486694813
leaf_count=50937 3620 14090 14343 1418 16437 556
internal_value=0 -0.00362455 0.00788651 -0.00684989 -7.94042e-05 0.0137684
internal_weight=9690.78 6641.24 3049.54 3470.6 3170.65 1235.03
internal_count=101401 82882 18519 52355 30527 4176
is_linear=0
shrinkage=0.03


Tree=3
num_leaves=7
num_cat=0
split_feature=53 40 83 84 47 14
split_gain=258.323 99.2817 52.2593 51.7192 51.8962 33.5905
threshold=0.67006802558898937 0.19098278135061267 0.60434782505035411 -0.13961039483547208 0.89331436157226574 -0.95180022716522206
decision_type=2 2 2 2 2 2
left_child=1 -1 -3 5 -5 -2
right_child=3 2 -4 4 -6 -7
leaf_value=-0.0077015211764333846 0.023273684718568197 0.0023774387574284632 -0.0067905106648170881 -0.00038189716919094448 0.0097496205214804722 0.0090742099792194483
leaf_weight=2934.9591256836429 172.48548180609941 2225.0374418534338 741.93975545093417 1229.2266384623945 712.19974762946367 1287.7475967444479
leaf_count=52392 581 21390 10328 6659 3445 6606
internal_value=0 -0.00379427 6.71859e-05 0.00657902 0.00333487 0.0108456
internal_weight=9303.6 5901.94 2966.98 3401.66 1941.43 1460.23
internal_count=101401 84110 31718 17291 10104 7187
is_linear=0
shrinkage=0.03


Tree=4
num_leaves=7
num_cat=0
split_feature=53 40 60 41 83 79
split_gain=271.755 78.1819 53.6645 44.8219 42.4096 23.4768
threshold=0.67874693870544445 0.19098278135061267 -0.95060974359512318 0.82732918858528148 0.60434782505035411 0.13961039483547213
decision_type=2 2 2 2 2 2
left_child=1 5 -2 -4 -3 -1
right_child=2 4 3 -5 -6 -7
leaf_value=-0.0096473718119319297 0.018470017481876537 0.0015169665112491344 0.0010470843589661506 0.0084934434947421776 -0.0071046607413882794 -0.0038049166635144523
leaf_weight=1798.7777284029871 315.99624833837152 2166.9312636256218 1234.0754950400442 1808.7281310074031 666.7884418014437 988.77311157993972
leaf_count=36154 1114 21456 8055 7915 10372 16335
internal_value=0 -0.00403305 0.00674565 0.00548993 -0.000510118 -0.00759626
internal_weight=8980.07 5621.27 3358.8 3042.8 2833.72 2787.55
internal_count=101401 84317 17084 15970 31828 52489
is_linear=0
shrinkage=0.03


Tree=5
num_leaves=7
num_cat=0
split_feature=53 72 29 41 69 79
split_gain=235.931 58.1261 54.2585 35.9858 35.872 25.0247
threshold=0.67874693870544445 -0.83156028389930714 0.12632978707551959 0.71760797500610363 0.65783974528312694 0.13961039483547213
decision_type=2 2 2 2 2 2
left_child=2 3 5 -2 -3 -1
right_child=1 4 -4 -5 -6 -7
leaf_value=-0.0091913378530652061 0.0016468434080860793 0.0088097977955526475 -0.00083924590091924954 0.014638375688040231 0.00063129674785093195 -0.0032045410128790411
leaf_weight=1644.0641316743568 253.32012625038624 726.41740895807743 2695.1756134014577 884.00623321533203 1448.380509050563 1058.1653495505452
leaf_count=33546 1276 4720 34326 2846 8242 16445
internal_value=0 0.00629768 -0.00386683 0.0117909 0.00339075 -0.0068683
internal_weight=8709.53 3312.12 5397.41 1137.33 2174.8 2702.23
internal_count=101401 17084 84317 4122 12962 49991
is_linear=0
shrinkage=0.03


Tree=6
num_leaves=7
num_cat=0
split_feature=53 40 72 41 50 7
split_gain=228.422 58.9193 54.485 32.2247 31.1364 29.4518
threshold=0.67874693870544445 0.19098278135061267 -0.83156028389930714 0.71760797500610363 -0.9420168101787566 0.94028520584106456
decision_type=2 2 2 2 2 2
left_child=1 -1 3 -2 -4 -3
right_child=2 5 4 -5 -6 -7
leaf_value=-0.0070979134725317541 0.0017752891565792457 -0.0014370523205624562 -0.01005647284101696 0.014397165322798252 0.0043836296124988077 0.013394286876598945
leaf_weight=2591.0184135474265 240.15821256116033 2526.74833190348 138.00373145192862 852.97142125666142 2046.5312467813492 121.31844018772244
leaf_count=52489 1276 30877 735 2846 12227 951
internal_value=0 -0.00388488 0.00620612 0.0116722 0.00343682 -0.0007223
internal_weight=8516.75 5239.09 3277.66 1093.13 2184.53 2648.07
internal_count=101401 84317 17084 4122 12962 31828
is_linear=0
shrinkage=0.03


Tree=7
num_leaves=7
num_cat=0
split_feature=7 42 70 74 84 61
split_gain=208.744 67.9653 49.065 49.0009 34.4003 30.6781
threshold=0.65783974528312694 0.83997154235839855 -0.80720093846321095 0.829179346561432 0.10874704644083978 -0.95293465256690968
decision_type=2 2 2 2 2 2
left_child=1 4 3 -2 -1 -4
right_child=2 -3 5 -5 -6 -7
leaf_value=-0.0022202995231610178 -0.0041040323396044371 0.0075548167796013893 0.020532392038761272 0.013531489496183937 -0.0072371097855257515 0.00212779131573286
leaf_weight=2878.5938174761832 158.50090860202909 461.64231167547405 81.914382424205542 1054.9856094904244 2184.158555297181 1514.6482335012406
leaf_count=44447 955 2449 288 4465 35986 12811
internal_value=0 -0.00338558 0.00665005 0.011196 -0.00439556 0.00315196
internal_weight=8334.44 5524.39 2810.05 1213.49 5062.75 1596.56
internal_count=101401 82882 18519 5420 80433 13099
is_linear=0
shrinkage=0.03


Tree=8
num_leaves=7
num_cat=0
split_feature=53 40 60 69 83 79
split_gain=187.159 57.4763 38.3205 41.8085 29.9345 21.6901
threshold=0.67874693870544445 0.19098278135061267 -0.95060974359512318 0.96917518973350536 0.60434782505035411 0.13961039483547213
decision_type=2 2 2 2 2 2
left_child=1 5 -2 -4 -3 -1
right_child=2 4 3 -5 -6 -7
leaf_value=-0.0087289779288363574 0.016177238496173734 0.0015686977910381694 0.0062288405610459591 -0.0044837503072664049 -0.0059079884963320235 -0.0029448798952834716
leaf_weight=1641.2573994398117 292.57735163345933 1923.9709027949721 2377.8845147490501 373.1797155328095 636.91312357410789 943.8797952439636
leaf_count=36154 1114 21456 14093 1877 10372 16335
internal_value=0 -0.00348687 0.00589145 0.0047593 -0.000287013 -0.00663844
internal_weight=8189.66 5146.02 3043.64 2751.06 2560.88 2585.14
internal_count=101401 84317 17084 15970 31828 52489
is_linear=0
shrinkage=0.03


Tree=9
num_leaves=7
num_cat=0
split_feature=7 42 40 64 70 80
split_gain=186.121 67.6226 40.5234 39.366 32.831 38.0459
threshold=0.73508772253990184 0.83503401279449474 0.19098278135061267 0.83503401279449474 -0.80720093846321095 0.98958334326744091
decision_type=2 2 2 2 2 2
left_child=1 2 -1 -3 5 -2
right_child=4 3 -4 -5 -6 -7
leaf_value=-0.0065890826558449083 0.013492936376517096 0.013983228807747473 -0.0012410295173239016 -0.0014429239164744231 0.0036228185100829024 -0.00037762080452357597
leaf_weight=2650.5432427935302 913.75499632395804 308.84347754903138 2489.8258203752339 275.57119296118617 1189.2369346003979 215.22658030688763
leaf_count=52802 4200 1790 31226 1154 9215 1014
internal_value=0 -0.00290413 -0.00400822 0.00670785 0.0071625 0.0108322
internal_weight=8043 5724.78 5140.37 584.415 2318.22 1128.98
internal_count=101401 86972 84028 2944 14429 5214
is_linear=0
shrinkage=0.03


Tree=10
num_leaves=7
num_cat=0
split_feature=53 7 29 84 47 72
split_gain=174.169 50.8248 34.6583 34.5799 57.1721 20.9424
threshold=0.67874693870544445 0.88730159401893627 0.12372449040412904 -0.16472868621349332 0.89331436157226574 -0.90121948719024647
decision_type=2 2 2 2 2 2
left_child=1 2 -1 5 -5 -2
right_child=3 -3 -4 4 -6 -7
leaf_value=-0.0066284621174386299 0.015858326080171958 0.010760003256326726 -0.0014815137786956757 -0.0018180225794284552 0.0094329300485445581 0.0070286047256624641
leaf_weight=2391.7691788738593 340.98858987912536 211.34472326748073 2357.8645470077172 971.56461450457573 688.31542209163308 959.38216468319297
leaf_count=48855 1378 1771 33691 6680 3460 5566
internal_value=0 -0.0034353 -0.00408391 0.00575319 0.0028438 0.00941883
internal_weight=7921.23 4960.98 4749.63 2960.25 1659.88 1300.37
internal_count=101401 84317 82546 17084 10140 6944
is_linear=0
shrinkage=0.03


Tree=11
num_leaves=7
num_cat=0
split_feature=53 40 57 41 83 15
split_gain=155.341 44.253 29.9063 29.2202 24.4377 13.6397
threshold=0.67874693870544445 0.19098278135061267 -0.95180022716522206 0.78835389018058788 0.60434782505035411 0.16472868621349337
decision_type=2 2 2 2 2 2
left_child=1 5 -2 -4 -3 -1
right_child=2 4 3 -5 -6 -7
leaf_value=-0.0077167338196397171 0.021963210910938172 0.0013226952500582077 0.00074707850692056843 0.0071839772020915833 -0.005542253170108917 -0.0028862727147953909
leaf_weight=1618.767363877967 92.515523821115494 1844.3315656334162 995.75613179430366 1807.1033167988062 618.3281183373183 826.10155935585499
leaf_count=37148 451 21456 7332 9301 10372 15341
internal_value=0 -0.00325036 0.00550532 0.00491326 -0.000396546 -0.00610603
internal_weight=7802.9 4907.53 2895.37 2802.86 2462.66 2444.87
internal_count=101401 84317 17084 16633 31828 52489
is_linear=0
shrinkage=0.03


Tree=12
num_leaves=7
num_cat=0
split_feature=7 81 41 83 60 73
split_gain=154.937 38.7398 38.7299 30.1957 27.6674 26.6612
threshold=0.65783974528312694 -0.02174940891563892 0.5582655966281892 0.7379862666130067 0.78019323945045482 -0.74734041094779957
decision_type=2 2 2 2 2 2
left_child=2 5 -1 -3 -4 -2
right_child=1 3 4 -5 -6 -7
leaf_value=-0.0044865773315133804 0.020867584818027984 0.0016462672827620953 0.0040300530906401079 -0.018604617078083564 -0.0067774748970676722 0.0068861584361077609
leaf_weight=3893.0557976132259 130.60595629550517 451.17207703925669 952.88525699265301 72.303286368027329 268.02181921899319 1927.3469130732119
leaf_count=71201 648 5020 8633 834 3048 12017
internal_value=0 0.0059847 -0.00302385 -0.00124361 0.00161507 0.00783644
internal_weight=7695.39 2581.43 5113.96 523.475 1220.91 2057.95
internal_count=101401 18519 82882 5854 11681 12665
is_linear=0
shrinkage=0.03


Tree=13
num_leaves=7
num_cat=0
split_feature=7 42 73 40 64 70
split_gain=149.99 58.9263 32.3704 31.9992 31.8147 20.2898
threshold=0.73508772253990184 0.83503401279449474 -0.66312056779861439 0.19098278135061267 0.85880398750305187 -0.82917934656143177
decision_type=2 2 2 2 2 2
left_child=1 3 5 -1 -3 -2
right_child=2 4 -4 -5 -6 -7
leaf_value=-0.0061059577480720153 0.031383127547925896 0.012322993428871432 0.0055190004046537051 -0.0012120491079741684 -0.0022860144272229353 0.0086473502914597624
leaf_weight=2509.9937702873722 69.618207883089781 333.17313696816564 2056.2012529820204 2344.7277934793383 215.1014437507838 86.676370572298765
leaf_count=52802 266 1920 13566 31226 1024 597
internal_value=0 -0.00269421 0.0065706 -0.00375216 0.00656844 0.0196194
internal_weight=7615.49 5403 2212.5 4854.72 548.275 156.295
internal_count=101401 86972 14429 84028 2944 863
is_linear=0
shrinkage=0.03


Tree=14
num_leaves=7
num_cat=0
split_feature=7 42 72 50 59 84
split_gain=141.251 56.3428 36.2932 29.4627 28.8925 28.654
threshold=0.65783974528312694 0.83503401279449474 -0.81322672963142384 -0.9420168101787566 -0.83503401279449452 0.37321428954601293
decision_type=2 2 2 2 2 2
left_child=1 -1 5 -4 -3 -2
right_child=2 4 3 -5 -6 -7
leaf_value=-0.0039785633043292641 0.014397629558747828 -0.0031374940626114249 -0.016240866546031862 0.0040661754293171383 0.012269070137248409 0.0010533959108028738
leaf_weight=4507.6101779164746 587.6629607193172 162.38298707827926 61.433656502515078 1707.8407274838537 305.93581590801477 199.35130435600877
leaf_count=80348 2739 818 470 14314 1716 996
internal_value=0 -0.00294402 0.00572523 0.00330037 0.00688697 0.0110834
internal_weight=7532.22 4975.93 2556.29 1769.27 468.319 787.014
internal_count=101401 82882 18519 14784 2534 3735
is_linear=0
shrinkage=0.03


Tree=15
num_leaves=7
num_cat=0
split_feature=7 41 72 73 60 70
split_gain=129.539 38.2956 33.6364 27.6405 22.1185 17.7756
threshold=0.73508772253990184 0.59591838717460643 0.37638889253139501 -0.66312056779861439 0.67006802558898937 0.084523811936378493
decision_type=2 2 2 2 2 2
left_child=1 2 -1 -2 -3 -5
right_child=3 4 -4 5 -6 -7
leaf_value=-0.0059165753007022013 0.018422291720785224 0.0048957038995168746 -0.00020707870684761036 0.0060146349381330439 -0.0037881562885464671 -0.0044012053650270199
leaf_weight=2648.5657601831481 151.73967353068292 829.63165857177228 1446.2975463857874 1857.8750762846321 378.09496117010713 153.21772256121039
leaf_count=51187 863 7030 24545 11976 4210 1590
internal_value=0 -0.00252387 -0.00391002 0.00617929 0.00214796 0.00519726
internal_weight=7465.42 5302.59 4094.86 2162.83 1207.73 2011.09
internal_count=101401 86972 75732 14429 11240 13566
is_linear=0
shrinkage=0.03


Tree=16
num_leaves=7
num_cat=0
split_feature=7 42 64 35 73 69
split_gain=118.788 54.8064 28.1941 28.1038 27.1716 19.3151
threshold=0.73508772253990184 0.83997154235839855 0.85880398750305187 0.39559109508991247 -0.58236432075500477 0.94201681017875682
decision_type=2 2 2 2 2 2
left_child=1 3 -3 -1 -2 -6
right_child=4 2 -4 -5 5 -7
leaf_value=-0.0051968208413957434 0.016702708063922118 0.011867611686660532 -0.0023929374069046249 -0.00033668147446284285 0.0065224102255476589 -0.00028748985761034568
leaf_weight=3030.9418217763305 189.29665694385767 335.56711406260729 189.75489430502057 1676.5594111196697 1481.3570896331221 489.61674695089459
leaf_count=58731 1064 1833 1007 25401 10279 3086
internal_value=0 -0.00244333 0.0066859 -0.00347446 0.00591045 0.00481911
internal_weight=7393.09 5232.82 525.322 4707.5 2160.27 1970.97
internal_count=101401 86972 2840 84132 14429 13365
is_linear=0
shrinkage=0.03


Tree=17
num_leaves=7
num_cat=0
split_feature=74 1 69 59 14 72
split_gain=97.6203 36.9644 40.6791 27.738 20.3078 16.6256
threshold=0.829179346561432 -0.093073595315217958 0.90360045433044445 -0.13278495520353314 0.97959184646606456 0.43167701363563543
decision_type=2 2 2 2 2 2
left_child=1 5 -3 4 -2 -1
right_child=3 2 -4 -5 -6 -7
leaf_value=-0.0065894293319643674 0.0086035326691981402 0.0009193846426012491 -0.012730242294317485 -0.013743552479520534 -0.0019572048560984102 -0.00098466688866416822
leaf_weight=1527.2742044860497 1351.8723481092602 3296.8633460719138 203.90175976231694 52.834504367783666 179.40641305968165 713.64168782625347
leaf_count=31284 7898 45691 2123 545 1067 12793
internal_value=0 -0.00181985 9.87837e-05 0.00658111 0.00734435 -0.00482406
internal_weight=7325.79 5741.68 3500.77 1584.11 1531.28 2240.92
internal_count=101401 91891 47814 9510 8965 44077
is_linear=0
shrinkage=0.03


Tree=18
num_leaves=7
num_cat=0
split_feature=7 31 35 72 61 58
split_gain=112.113 28.8506 28.9602 23.5516 25.1158 22.8823
threshold=0.73508772253990184 0.78835389018058788 0.39559109508991247 -0.80720093846321095 -0.90586933493614186 0.98979592323303234
decision_type=2 2 2 2 2 2
left_child=1 2 -1 5 -5 -2
right_child=3 -3 -4 4 -6 -7
leaf_value=-0.0050584388016069251 0.012543655901792806 0.0038449022495405535 -9.4863912084519473e-05 -0.017308791815151162 0.0042890195796332319 -0.0029697391905797923
leaf_weight=2852.500784306787 589.96393754705787 580.48236104659736 1699.9567840686068 44.826023735105991 1414.8779160864651 94.459688309580088
leaf_count=56586 2806 5013 25373 390 10726 507
internal_value=0 -0.00240663 -0.00321368 0.00575355 0.00354847 0.0103531
internal_weight=7277.07 5132.94 4552.46 2144.13 1459.7 684.424
internal_count=101401 86972 81959 14429 11116 3313
is_linear=0
shrinkage=0.03


Tree=19
num_leaves=7
num_cat=0
split_feature=7 42 74 35 84 70
split_gain=104.308 48.0249 27.5498 26.6873 21.4362 24.4092
threshold=0.73508772253990184 0.83503401279449474 0.60434782505035411 0.39559109508991247 -0.91396856307983387 0.084523811936378493
decision_type=2 2 2 2 2 2
left_child=1 3 -3 -1 -2 -6
right_child=4 2 -4 -5 5 -7
leaf_value=-0.005075820893487782 0.018914348745045675 0.013747780506423155 0 -0.00029550921719858296 0.0057975656405435116 -0.006232930060224226
leaf_weight=2886.4436712572351 99.880198400467634 234.40925312787294 284.15504200011492 1674.0584517177194 1881.3908211626112 158.6524321809411
leaf_count=58643 573 1339 1605 25385 12199 1657
internal_value=0 -0.00234068 0.00625032 -0.00332989 0.00554807 0.00483434
internal_weight=7218.99 5079.07 518.564 4560.5 2139.92 2040.04
internal_count=101401 86972 2944 84028 14429 13856
is_linear=0
shrinkage=0.03


Tree=20
num_leaves=7
num_cat=0
split_feature=53 48 79 79 58 30
split_gain=83.7687 28.683 27.1844 26.305 24.1836 22.4194
threshold=0.58578431606292736 -0.90360045433044422 -0.52277433872222889 0.1234756112098694 0.98979592323303234 0.67874693870544445
decision_type=2 2 2 2 2 2
left_child=3 4 -3 5 -2 -1
right_child=1 2 -4 -5 -6 -7
leaf_value=-0.0056794594406005807 0.012168993413803342 0.0085619427452305798 0.00049888347902133918 -0.00018664876926905157 -0.0027323535050563282 0.0061824611303829538
leaf_weight=2091.3390665045008 539.43309953995049 483.89229100756347 1678.7947073690593 2102.9275434613228 113.7505173124373 147.51134197879583
leaf_count=44608 2954 3579 14462 33356 730 1712
internal_value=0 0.00402593 0.00233239 -0.00261265 0.00952733 -0.00487251
internal_weight=7157.65 2815.87 2162.69 4341.78 653.184 2238.85
internal_count=101401 21725 18041 79676 3684 46320
is_linear=0
shrinkage=0.03


Tree=21
num_leaves=7
num_cat=0
split_feature=7 48 74 76 70 69
split_gain=95.4987 28.4954 33.4957 25.6958 21.5861 35.7252
threshold=0.73508772253990184 -0.87095281481742848 0.70400500297546398 0.084523811936378493 -0.80720093846321095 0.87367022037506115
decision_type=2 2 2 2 2 2
left_child=1 2 -1 -3 -2 -6
right_child=4 3 -4 -5 5 -7
leaf_value=0.014631935295174228 0.008684129468868788 -0.0049485781759988799 -0.0052411284203357092 -0.00049771440839329511 0.0053498435876509461 -0.007407083381350983
leaf_weight=181.39547854289412 960.96991797909141 2456.4614264601842 122.97704299539328 2254.0293523352593 885.09313330426812 247.72612861916423
leaf_count=1242 5214 47823 751 37156 7173 2042
internal_value=0 -0.00224677 0.00655062 -0.00282793 0.00537381 0.00251349
internal_weight=7108.65 5014.86 304.373 4710.49 2093.79 1132.82
internal_count=101401 86972 1993 84979 14429 9215
is_linear=0
shrinkage=0.03


Tree=22
num_leaves=7
num_cat=0
split_feature=42 61 48 35 55 70
split_gain=80.0686 30.7747 31.7871 29.2953 28.213 15.5983
threshold=0.71130952239036571 0.14946808665990832 -0.72850123047828663 0.38278388977050787 -0.76943522691726673 -0.83503401279449452
decision_type=2 2 2 2 2 2
left_child=3 4 -3 -1 -2 -5
right_child=1 2 -4 5 -6 -7
leaf_value=-0.0041118954945192649 -0.0020853234544459566 -0.0094120180712455436 0.0098103779800447922 0.012784755814709626 0.0077562739001348175 3.5837344117800901e-05
leaf_weight=2868.955641426146 305.66296905092895 243.73938968777657 106.5773551184684 85.859321672469378 1600.6167991906404 1851.8216100176796
leaf_count=58061 2336 1708 867 648 10964 26817
internal_value=0 0.00465567 -0.00342377 -0.00218829 0.0061612 0.00064764
internal_weight=7063.23 2256.6 350.317 4806.64 1906.28 1937.68
internal_count=101401 15875 2575 85526 13300 27465
is_linear=0
shrinkage=0.03


Tree=23
num_leaves=7
num_cat=0
split_feature=74 84 40 59 14 60
split_gain=81.8351 31.7689 29.3104 22.6034 18.1649 6.18383
threshold=0.829179346561432 0.82020202279090892 0.44840425252914434 -0.13278495520353314 0.95875850319862377 0.042572464793920524
decision_type=2 2 2 2 2 2
left_child=1 2 -1 4 -2 -3
right_child=3 5 -4 -5 -6 -7
leaf_value=-0.0025610553880101869 0.0080725661406165494 -0.0023588406707255225 0.0023111787450608933 -0.013034093353200847 -0.0024269739044614391 -0.010515128361949923
leaf_weight=3345.3480239575729 1293.9336751047522 122.61909675505012 1652.8096573986113 47.625819569453597 160.37895906344056 399.98436711914837
leaf_count=63289 7888 2299 19671 545 1077 6632
internal_value=0 -0.00168998 -0.000943191 0.00619695 0.00688979 -0.00869876
internal_weight=7022.7 5520.76 4998.16 1501.94 1454.31 522.603
internal_count=101401 91891 82960 9510 8965 8931
is_linear=0
shrinkage=0.03


Tree=24
num_leaves=7
num_cat=0
split_feature=53 40 48 79 58 83
split_gain=75.8765 27.4744 26.9215 22.943 21.0502 20.3971
threshold=0.58578431606292736 0.19098278135061267 -0.90360045433044422 -0.52277433872222889 0.98979592323303234 0.65783974528312694
decision_type=2 2 2 2 2 2
left_child=1 -1 4 -4 -2 -3
right_child=2 5 3 -5 -6 -7
leaf_value=-0.004845182276385052 0.011633291229729149 0.0016426259750004512 0.0079656916578875973 0.00045962217950705893 -0.0024170256165770205 -0.0053237575151079417
leaf_weight=2186.263528524898 541.68217929825187 1575.9228643141687 474.07142606936395 1605.8258539512753 110.44257478043437 492.20250656548887
leaf_count=50311 2954 20759 3579 14462 730 8606
internal_value=0 -0.00250439 0.00389737 0.00219987 0.00920782 -9.70545e-06
internal_weight=6986.41 4254.39 2732.02 2079.9 652.125 2068.13
internal_count=101401 79676 21725 18041 3684 29365
is_linear=0
shrinkage=0.03


Tree=25
num_leaves=7
num_cat=0
split_feature=7 41 79 84 70 83
split_gain=87.4903 23.6316 28.0847 20.9122 21.4564 18.2976
threshold=0.73508772253990184 0.46802721917629247 0.082207206636667265 -0.91396856307983387 0.084523811936378493 -0.47493734955787653
decision_type=2 2 2 2 2 2
left_child=1 2 -1 -2 -5 -3
right_child=3 5 -4 4 -6 -7
leaf_value=-0.0060052074856169323 0.018477110245387618 0.0070309010190340755 -0.00054905471675683649 0.0054092056765188455 -0.0064143585446664849 -0.00082537416539253889
leaf_weight=1868.5882042013109 98.947353161871433 342.94125457294285 1578.5990766212344 1781.9192687086761 143.29056151211262 1122.7841312550008
leaf_count=42074 573 3138 28037 12199 1657 13723
internal_value=0 -0.00216256 -0.00351973 0.00524123 0.00449932 0.00101004
internal_weight=6937.07 4912.91 3447.19 2024.16 1925.21 1465.73
internal_count=101401 86972 70111 14429 13856 16861
is_linear=0
shrinkage=0.03


Tree=26
num_leaves=7
num_cat=0
split_feature=70 1 83 48 58 47
split_gain=68.4472 27.0249 21.4412 17.9855 32.758 19.8267
threshold=-0.67874693870544422 -0.093073595315217958 0.60434782505035411 -0.90360045433044422 0.98979592323303234 0.943650782108307
decision_type=2 2 2 2 2 2
left_child=3 -2 -3 4 -1 -5
right_child=1 2 -4 5 -6 -7
leaf_value=0.011964446884502156 -0.004545063549890262 0.0013389047717662958 -0.0046518582002333005 0.0009984718990255206 -0.0070749520036302886 0.010860496035744568
leaf_weight=524.9023906365037 1988.198616784066 2324.6980558196083 693.90477837249637 1047.1510427519679 90.565304469317198 220.29031913168728
leaf_count=2754 42614 33042 11182 9658 634 1517
internal_value=0 -0.00183391 -3.3722e-05 0.00486844 0.00908004 0.00277208
internal_weight=6889.71 5006.8 3018.6 1882.91 615.468 1267.44
internal_count=101401 86838 44224 14563 3388 11175
is_linear=0
shrinkage=0.03


Tree=27
num_leaves=7
num_cat=0
split_feature=42 40 13 13 84 81
split_gain=66.2754 30.4391 21.1512 30.6171 20.7531 18.1233
threshold=0.83503401279449474 0.44840425252914434 -0.95180022716522206 -0.9420168101787566 -0.76943522691726673 -0.91396856307983387
decision_type=2 2 2 2 2 2
left_child=1 4 -2 -4 -1 -3
right_child=2 5 3 -5 -6 -7
leaf_value=0.0028591952663776527 0.016593565929991616 0.01241718277915989 -0.01391623200495269 0.0054623536223219809 -0.0041839048424712243 0.00061776478746294211
leaf_weight=422.59046653937548 139.28432048112154 120.77268274314702 72.304497875273228 1284.9925443567336 2956.1928640389815 1856.9427205473185
leaf_count=7828 668 828 351 8007 60113 23606
internal_value=0 -0.00156016 0.00557066 0.00436073 -0.00329122 0.00138294
internal_weight=6853.08 5356.5 1496.58 1357.3 3378.78 1977.72
internal_count=101401 92375 9026 8358 67941 24434
is_linear=0
shrinkage=0.03


Tree=28
num_leaves=7
num_cat=0
split_feature=7 42 7 84 70 72
split_gain=77.3194 37.5706 22.7289 18.7625 20.0621 17.763
threshold=0.73508772253990184 0.83503401279449474 0.042572464793920524 -0.91396856307983387 0.084523811936378493 0.37638889253139501
decision_type=2 2 2 2 2 2
left_child=1 5 -3 -2 -5 -1
right_child=3 2 -4 4 -6 -7
leaf_value=-0.0043760141578957053 0.017427928580435976 0.015189074200732233 0.0012988375906312847 0.0051339565584036387 -0.006600066517231112 -0.00034488182247386387
leaf_weight=2791.4394882423803 100.37270351871848 151.79865631461143 348.2258858717978 1746.358022980392 135.35294815525413 1545.1995900347829
leaf_count=56783 573 836 2108 12199 1657 27245
internal_value=0 -0.00204506 0.0056837 0.00498292 0.00425876 -0.00294863
internal_weight=6818.75 4836.66 500.025 1982.08 1881.71 4336.64
internal_count=101401 86972 2944 14429 13856 84028
is_linear=0
shrinkage=0.03


Tree=29
num_leaves=7
num_cat=0
split_feature=7 42 59 78 72 50
split_gain=71.1891 37.969 23.0465 17.1251 16.9643 26.1775
threshold=0.73508772253990184 0.83503401279449474 -0.83503401279449452 0.10874704644083978 -0.80720093846321095 -0.9420168101787566
decision_type=2 2 2 2 2 2
left_child=1 3 -3 -1 -2 -6
right_child=4 2 -4 -5 5 -7
leaf_value=-0.0046166529332463315 0.0089612257348817923 -0.0033276642170431696 0.010258642660207271 -0.00080361175834821233 -0.018403057282474017 0.0036987951980895339
leaf_weight=2333.1055580861866 610.9290360212326 160.24699014052749 336.81361148133874 1983.997298233211 44.776186384260654 1309.6175600271672
leaf_count=48316 3313 949 1995 35712 395 10721
internal_value=0 -0.00196423 0.00582929 -0.0028742 0.00480426 0.00288104
internal_weight=6779.49 4814.16 497.061 4317.1 1965.32 1354.39
internal_count=101401 86972 2944 84028 14429 11116
is_linear=0
shrinkage=0.03


Tree=30
num_leaves=7
num_cat=0
split_feature=7 1 84 82 84 79
split_gain=66.0704 20.1332 20.0894 19.9553 19.6565 12.1501
threshold=0.73508772253990184 -0.32624113559722895 -0.91396856307983387 -0.91396856307983387 0.021749408915638927 0.16472868621349337
decision_type=2 2 2 2 2 2
left_child=1 5 -2 -4 -3 -1
right_child=2 4 3 -5 -6 -7
leaf_value=-0.0068476855363224891 0.017495955065029736 0.0017278915551213472 -0.01091422922708549 0.0045536743169871229 -0.0028291750315186629 -0.00080690373848321608
leaf_weight=945.37538927700371 100.60523539036512 1634.0416976092383 72.662909358739853 1768.4985449481755 1761.3110478548333 457.23532803542912
leaf_count=23090 573 25498 586 13270 29526 8858
internal_value=0 -0.00188966 0.00466207 0.00389907 -0.00062791 -0.00490963
internal_weight=6739.73 4797.96 1941.77 1841.16 3395.35 1402.61
internal_count=101401 86972 14429 13856 55024 31948
is_linear=0
shrinkage=0.03


Tree=31
num_leaves=7
num_cat=0
split_feature=7 84 84 41 82 7
split_gain=61.5109 20.6902 19.344 27.1054 16.5198 11.0082
threshold=0.73508772253990184 -0.91396856307983387 0.021749408915638927 0.59591838717460643 -0.91396856307983387 -0.65905553102493275
decision_type=2 2 2 2 2 2
left_child=2 -2 3 -1 -3 -4
right_child=1 4 5 -5 -6 -7
leaf_value=-0.0015068851008216829 0.017348594388403926 -0.010132231631304348 -0.0091074956725893455 0.006515875154733672 0.004281743420976738 -0.0029585913177616208
leaf_weight=1990.7711049262434 102.92499136552215 68.750898256897926 306.99864611774683 462.84551698341966 1778.0896978154778 1999.1015631426126
leaf_count=40217 573 586 6985 3928 13270 35842
internal_value=0 0.00448126 -0.00183848 4.48433e-06 0.00370306 -0.00380808
internal_weight=6709.48 1949.77 4759.72 2453.62 1846.84 2306.1
internal_count=101401 14429 86972 44145 13856 42827
is_linear=0
shrinkage=0.03


Tree=32
num_leaves=7
num_cat=0
split_feature=7 42 63 72 72 61
split_gain=58.3047 34.6897 20.0545 16.7011 15.5725 22.483
threshold=0.73508772253990184 0.83503401279449474 0.829179346561432 0.37638889253139501 -0.80720093846321095 -0.90586933493614186
decision_type=2 2 2 2 2 2
left_child=1 3 -3 -1 -2 -6
right_child=4 2 -4 -5 5 -7
leaf_value=-0.0040750363940250892 0.0084016621559739012 0.0100149757323815 -0.0027414499442516343 -0.00013632816606065236 -0.018009671201123255 0.0032646548737941036
leaf_weight=2723.3730575554073 597.89754786714911 324.14872089400887 159.79064168408513 1527.9365312391892 41.003942131996155 1304.7020375616848
leaf_count=56783 3313 1887 1057 27245 390 10726
internal_value=0 -0.0017958 0.00575665 -0.00266832 0.00436854 0.00252994
internal_weight=6678.85 4735.25 483.939 4251.31 1943.6 1345.71
internal_count=101401 86972 2944 84028 14429 11116
is_linear=0
shrinkage=0.03


Tree=33
num_leaves=7
num_cat=0
split_feature=70 83 40 14 6 6
split_gain=49.0726 24.6481 27.9563 18.022 17.2362 12.6832
threshold=-0.67874693870544422 0.60434782505035411 0.32624113559722906 0.97959184646606456 0.83503401279449474 0.66312056779861461
decision_type=2 2 2 2 2 2
left_child=3 2 -2 4 -1 -5
right_child=1 -3 -4 5 -6 -7
leaf_value=0.0025166780623287499 -0.0024401561266757287 -0.0058485867124541359 0.0027969095182268909 0.00284543480613598 0.0088492644631699251 -0.014405189410265688
leaf_weight=956.23094567470253 2459.3392252800986 961.06060534343123 1453.7852697651833 70.510815683752298 673.82406646758318 70.506967235356569
leaf_count=8868 51260 17785 17793 515 4565 615
internal_value=0 -0.00155423 -0.000485764 0.00426974 0.00517182 -0.00577211
internal_weight=6645.26 4874.19 3913.12 1771.07 1630.06 141.018
internal_count=101401 86838 69053 14563 13433 1130
is_linear=0
shrinkage=0.03


Tree=34
num_leaves=7
num_cat=0
split_feature=7 42 59 35 73 69
split_gain=53.6554 29.6358 21.5893 16.8074 16.2066 12.5948
threshold=0.73508772253990184 0.83503401279449474 -0.83156028389930714 0.44840425252914434 -0.58236432075500477 0.96917518973350536
decision_type=2 2 2 2 2 2
left_child=1 3 -3 -1 -2 -6
right_child=4 2 -4 -5 5 -7
leaf_value=-0.0038824882457511758 0.013171608264009529 -0.0036559202588578041 0.0097139276925475564 0.00010159037324481392 0.0043175305768496193 -0.003139522467378239
leaf_weight=2798.0385928861797 163.955032851547 155.64921846985817 321.82132604345679 1421.5983495358378 1528.8074839897454 226.63799531012774
leaf_count=60916 1064 1005 1939 23112 11568 1797
internal_value=0 -0.00172698 0.00530063 -0.00253462 0.00421972 0.00333156
internal_weight=6616.51 4697.11 477.471 4219.64 1919.4 1755.45
internal_count=101401 86972 2944 84028 14429 13365
is_linear=0
shrinkage=0.03


Tree=35
num_leaves=7
num_cat=0
split_feature=7 42 74 35 55 13
split_gain=49.6602 30.7851 20.306 15.7681 14.5104 13.3849
threshold=0.73508772253990184 0.83503401279449474 0.60434782505035411 0.39559109508991247 -0.74734041094779957 -0.56949809193611134
decision_type=2 2 2 2 2 2
left_child=1 3 -3 -1 -2 -6
right_child=4 2 -4 -5 5 -7
leaf_value=-0.0038977206086211087 -0.0022505902649679059 0.011649505968609156 -0.00052974855039243077 -6.5879752463988387e-05 0.0092975322663459425 0.0032978368902141816
leaf_weight=2648.9619681313634 271.200265429914 236.43924060091376 241.61222786456347 1545.7022304572165 490.81192234158516 1149.1938410885632
leaf_count=58643 2203 1339 1605 25385 3160 9066
internal_value=0 -0.00166632 0.00549011 -0.00249462 0.0040677 0.00513443
internal_weight=6583.92 4672.72 478.051 4194.66 1911.21 1640.01
internal_count=101401 86972 2944 84028 14429 12226
is_linear=0
shrinkage=0.03


Tree=36
num_leaves=7
num_cat=0
split_feature=48 48 59 84 79 58
split_gain=44.0114 20.8789 24.4861 18.4074 17.6204 20.1577
threshold=-0.18274582922458646 -0.90360045433044422 -0.74734041094779957 0.021749408915638927 0.10874704644083978 0.14946808665990832
decision_type=2 2 2 2 2 2
left_child=1 2 -1 -3 -2 -6
right_child=4 3 -4 -5 5 -7
leaf_value=0.0089775819925349658 -0.0048304178710198153 0.0035083105020196339 -0.011695405609865015 -0.0012633427199192171 0.0023886919838711656 -0.0049927725698560143
leaf_weight=583.73118511214852 1585.1455538170412 1483.3393515544012 51.029234550893307 1407.8402519477531 927.36713461577892 512.3124327827245
leaf_count=3521 36418 18199 425 18260 16395 8183
internal_value=0 0.00227609 0.00719034 0.00117626 -0.00265255 -0.000225438
internal_weight=6550.77 3525.94 634.76 2891.18 3024.83 1439.68
internal_count=101401 40405 3946 36459 60996 24578
is_linear=0
shrinkage=0.03


Tree=37
num_leaves=7
num_cat=0
split_feature=7 42 64 84 70 45
split_gain=46.8586 25.7453 21.0602 20.1589 18.4663 15.6066
threshold=0.73508772253990184 0.83503401279449474 0.83503401279449474 -0.91396856307983387 0.084523811936378493 -0.46143704652786249
decision_type=2 2 2 2 2 2
left_child=1 5 -3 -2 -5 -1
right_child=3 2 -4 4 -6 -7
leaf_value=-0.0057584585941119482 0.016720565041371545 0.0096625351202215479 -0.0031993029512084495 0.0040805044638531247 -0.0071633553995734626 -0.0013682868902173766
leaf_weight=952.60675948113203 101.80397482588887 303.37802857905626 174.66530983150005 1651.9761667102575 136.47649640589952 3206.4944108789787
leaf_count=20434 573 1790 1154 12199 1657 63594
internal_value=0 -0.00162289 0.00491656 0.00397502 0.00318818 -0.00238673
internal_weight=6527.4 4637.14 478.043 1890.26 1788.45 4159.1
internal_count=101401 86972 2944 14429 13856 84028
is_linear=0
shrinkage=0.03


Tree=38
num_leaves=7
num_cat=0
split_feature=7 83 41 69 70 70
split_gain=43.6549 17.5528 19.8177 13.8829 24.2209 22.4795
threshold=0.73508772253990184 0.65465840697288524 0.82732918858528148 0.38278388977050787 -0.80720093846321095 0.065248228609561934
decision_type=2 2 2 2 2 2
left_child=1 2 -1 5 -5 -2
right_child=3 -3 -4 4 -6 -7
leaf_value=-0.0013144812797814519 0.011900544466020867 -0.0055582186739065306 0.0069408484703590593 0.0057473999106157619 -0.0021865596179747719 -0.0029077745309997287
leaf_weight=3539.0120859723538 364.24722813442349 812.77047047298402 276.90241479128599 789.61602157354355 603.25435433536768 116.73973930627108
leaf_count=69058 2769 15891 2023 4949 5337 1374
internal_value=0 -0.00156403 -0.000699282 0.00385726 0.0022942 0.00825177
internal_weight=6502.54 4628.68 3815.91 1873.86 1392.87 480.987
internal_count=101401 86972 71081 14429 10286 4143
is_linear=0
shrinkage=0.03


Tree=39
num_leaves=7
num_cat=0
split_feature=48 84 72 40 65 77
split_gain=38.5782 24.0291 24.4642 18.8212 15.943 13.6516
threshold=-0.90360045433044422 0.021749408915638927 -0.8355855643749236 0.65783974528312694 0.87367022037506115 -0.79326924681663502
decision_type=2 2 2 2 2 2
left_child=4 2 -2 -3 5 -1
right_child=1 3 -4 -5 -6 -7
leaf_value=-0.0044490254802674557 0.0089052842252573591 -0.0044343834600335001 0.00014980452056516155 0.00074461314204114586 -0.0038581095673800342 0.010642092348307253
leaf_weight=54.910243624821305 317.6840553060174 1919.0760474465787 2687.6648815851659 924.64881230145693 96.459288690239191 482.76865215227008
leaf_count=364 3083 37203 45886 11283 618 2964
internal_value=0 -0.000764065 0.00109853 -0.00274153 0.00699832 0.00901884
internal_weight=6483.21 5849.07 3005.35 2843.72 634.138 537.679
internal_count=101401 97455 48969 48486 3946 3328
is_linear=0
shrinkage=0.03


Tree=40
num_leaves=7
num_cat=0
split_feature=7 83 78 69 70 70
split_gain=43.482 16.0923 19.9363 14.3113 22.343 21.7579
threshold=0.73508772253990184 0.65465840697288524 0.22086720913648608 0.38278388977050787 0.065248228609561934 -0.80720093846321095
decision_type=2 2 2 2 2 2
left_child=1 2 -1 4 -2 -5
right_child=3 -3 -4 5 -6 -7
leaf_value=-0.0024697685407634277 0.011830481221446658 -0.0054225070380884473 0.0019653838509144368 0.0055265286338706159 -0.0030145524122168056 -0.00208133937293771
leaf_weight=2331.3825041595846 372.62847647815943 798.65356852952391 1485.6756725916639 781.03695105947554 114.10947890952229 583.14497055858374
leaf_count=46296 2769 15891 24785 4949 1374 5337
internal_value=0 -0.00155785 -0.000735356 0.00387861 0.00829398 0.00225677
internal_weight=6466.63 4615.71 3817.06 1850.92 486.738 1364.18
internal_count=101401 86972 71081 14429 4143 10286
is_linear=0
shrinkage=0.03


Tree=41
num_leaves=7
num_cat=0
split_feature=7 42 7 72 55 69
split_gain=41.3709 26.4993 18.3223 14.4481 14.0204 12.3679
threshold=0.73508772253990184 0.83503401279449474 0.042572464793920524 0.37638889253139501 -0.76943522691726673 0.38278388977050787
decision_type=2 2 2 2 2 2
left_child=1 3 -3 -1 -2 -6
right_child=4 2 -4 -5 5 -7
leaf_value=-0.0036213951933157218 -0.0028461263588234879 0.013716854887242969 0.00092728457143243762 4.6646943445629312e-05 0.0090243339764312282 0.0030928535659852795
leaf_weight=2642.4364752676338 240.86070899665356 149.39408452063799 309.39911784045398 1496.7154987389222 451.23925869166851 1159.141734175384
leaf_count=56783 2056 836 2108 27245 3724 8649
internal_value=0 -0.00152468 0.00525954 -0.00228934 0.00378077 0.00479625
internal_weight=6449.19 4597.95 458.793 4139.15 1851.24 1610.38
internal_count=101401 86972 2944 84028 14429 12373
is_linear=0
shrinkage=0.03


Tree=42
num_leaves=7
num_cat=0
split_feature=7 42 84 7 70 45
split_gain=40.6992 24.1652 19.7695 18.5517 17.1468 13.6437
threshold=0.73508772253990184 0.83503401279449474 -0.9420168101787566 0.042572464793920524 0.084523811936378493 -0.45889639854431147
decision_type=2 2 2 2 2 2
left_child=1 5 -2 -3 -4 -1
right_child=2 3 4 -5 -6 -7
leaf_value=-0.0054310573707116987 0.017607987481621797 0.013268327629441586 0.0038761710551584736 0.00049429971340732173 -0.0071744158092443494 -0.0012957136722753181
leaf_weight=937.41437463555485 84.319468639791012 154.34277436137199 1634.1420797146857 301.78819591365755 130.62560866400599 3183.0866883182898
leaf_count=20553 466 836 12306 2108 1657 63475
internal_value=0 -0.00151765 0.00375025 0.00497875 0.00302331 -0.00224922
internal_weight=6425.72 4576.63 1849.09 456.131 1764.77 4120.5
internal_count=101401 86972 14429 2944 13963 84028
is_linear=0
shrinkage=0.03


Tree=43
num_leaves=7
num_cat=0
split_feature=48 72 72 41 50 13
split_gain=34.8546 17.4348 16.1108 26.8285 14.8915 12.612
threshold=-0.18274582922458646 0.37321428954601293 -0.83156028389930714 0.71760797500610363 -0.9420168101787566 -0.022739018313586708
decision_type=2 2 2 2 2 2
left_child=2 5 3 -1 -4 -2
right_child=1 -3 4 -5 -6 -7
leaf_value=-0.0032919461449941868 -0.0023282656324240055 0.0001884405481239942 -0.011560889350571252 0.0097532899019768509 0.0014053768319750751 -0.0077926197023793446
leaf_weight=189.78907666169107 1041.9077790258452 1317.3635849021375 76.830417497083545 503.35455592162907 2652.2529733888805 622.13329949695617
leaf_count=2364 24202 23758 776 2895 34370 13036
internal_value=0 -0.00236917 0.00206444 0.00614042 0.0010089 -0.00440642
internal_weight=6403.63 2981.4 3422.23 693.144 2729.08 1664.04
internal_count=101401 60996 40405 5259 35146 37238
is_linear=0
shrinkage=0.03


Tree=44
num_leaves=7
num_cat=0
split_feature=7 42 84 59 70 84
split_gain=38.5317 21.7872 20.0989 17.6801 15.3166 12.9295
threshold=0.73508772253990184 0.83503401279449474 -0.9420168101787566 -0.83156028389930714 0.084523811936378493 0.10874704644083978
decision_type=2 2 2 2 2 2
left_child=1 5 -2 -3 -4 -1
right_child=2 3 4 -5 -6 -7
leaf_value=-0.00066096712305301075 0.01768591351106924 -0.0037686761876119662 0.003753326409492008 0.0087467214671750702 -0.0068065608674089985 -0.004068849918858382
leaf_weight=2311.2821595482528 83.866163197904825 142.78440855443478 1608.0836644396186 308.99642617255449 127.47722421213984 1802.118974247016
leaf_count=46451 466 1005 12306 1939 1657 37577
internal_value=0 -0.00147136 0.00368576 0.00472762 0.00294314 -0.0021644
internal_weight=6384.61 4565.18 1819.43 451.781 1735.56 4113.4
internal_count=101401 86972 14429 2944 13963 84028
is_linear=0
shrinkage=0.03


Tree=45
num_leaves=7
num_cat=0
split_feature=7 84 83 73 80 81
split_gain=36.0907 21.2506 14.5771 14.8373 14.4347 9.77036
threshold=0.73508772253990184 -0.9420168101787566 0.65465840697288524 -0.58514490723609913 0.98958334326744091 -0.63397127389907826
decision_type=2 2 2 2 2 2
left_child=2 -2 3 -1 -3 -4
right_child=1 4 5 -5 -6 -7
leaf_value=-0.0047074440757639098 0.017794168055972427 0.003816286420908371 0.002423447293989211 0.00021963449750688385 -0.0046483249461636081 -0.0065900547833867172
leaf_weight=660.30061816982925 85.98239179328084 1518.143204594031 121.22236316464841 3121.5373157812282 198.49561700597405 659.10922724660486
leaf_count=16133 466 12394 1871 54948 1569 14020
internal_value=0 0.00358803 -0.00142009 -0.00063778 0.00280944 -0.00514512
internal_weight=6364.79 1802.62 4562.17 3781.84 1716.64 780.332
internal_count=101401 14429 86972 71081 13963 15891
is_linear=0
shrinkage=0.03


Tree=46
num_leaves=7
num_cat=0
split_feature=7 42 84 63 70 35
split_gain=33.7321 20.3807 18.5776 17.1906 13.8188 12.7148
threshold=0.73508772253990184 0.83503401279449474 -0.9420168101787566 0.829179346561432 0.084523811936378493 0.39559109508991247
decision_type=2 2 2 2 2 2
left_child=1 5 -2 -3 -4 -1
right_child=2 3 4 -5 -6 -7
leaf_value=-0.0033155967219353206 0.016721538752628513 0.0085767968806323962 0.0035047100132249258 -0.003885798809883349 -0.0065947943957827644 0.00013722659976786751
leaf_weight=2599.9388325521722 86.406079765409231 308.62737929075956 1593.4027472287416 138.62663911655545 125.54437101632357 1493.5248734904453
leaf_count=58643 466 1887 12306 1057 1657 25385
internal_value=0 -0.0013792 0.00346312 0.00464742 0.0027327 -0.00204986
internal_weight=6346.07 4540.72 1805.35 447.254 1718.95 4093.46
internal_count=101401 86972 14429 2944 13963 84028
is_linear=0
shrinkage=0.03


Tree=47
num_leaves=7
num_cat=0
split_feature=7 42 64 84 82 72
split_gain=31.1452 21.0873 26.7684 16.0151 13.395 12.1039
threshold=0.65783974528312694 0.83503401279449474 0.829179346561432 -0.91396856307983387 -0.91396856307983387 0.34057971835136419
decision_type=2 2 2 2 2 2
left_child=1 5 -3 -2 -5 -1
right_child=3 2 -4 4 -6 -7
leaf_value=-0.0034580232541404545 0.013741516088034443 0.010520883055386381 -0.0059526087040257369 -0.01010976717436877 0.0028501150033335637 0
leaf_weight=2387.7461576722562 114.75580955576152 264.4167895577848 125.96540246903896 68.904574071988463 1868.9194304328412 1489.8560709888116
leaf_count=52734 814 1591 943 722 16983 27614
internal_value=0 -0.00146019 0.00512142 0.00303238 0.00234902 -0.00213627
internal_weight=6320.56 4267.98 390.382 2052.58 1937.82 3877.6
internal_count=101401 82882 2534 18519 17705 80348
is_linear=0
shrinkage=0.03


Tree=48
num_leaves=7
num_cat=0
split_feature=7 1 84 84 80 78
split_gain=29.575 14.1622 14.0071 13.6577 12.4537 11.3039
threshold=0.65783974528312694 -0.32624113559722895 0.69059830904006969 0.021749408915638927 0.98958334326744091 1.0000000180025095e-35
decision_type=2 2 2 2 2 2
left_child=1 -1 4 -3 -2 -4
right_child=2 3 5 -5 -6 -7
leaf_value=-0.004059939707017823 0.004915557091636275 0.0017758827935960035 -0.0082990027594696016 -0.002282326175478406 -0.0039811879407451118 0.0022215601736948511
leaf_weight=1279.7512762341648 1540.3172377841547 1461.3946867790073 156.93828246742487 1510.8735090205446 148.41117111966014 202.1406490392983
leaf_count=30713 13782 24216 1648 27953 1162 1927
internal_value=0 -0.00142625 0.0029577 -0.000277292 0.00410652 -0.00234496
internal_weight=6299.83 4252.02 2047.81 2972.27 1688.73 359.079
internal_count=101401 82882 18519 52169 14944 3575
is_linear=0
shrinkage=0.03


Tree=49
num_leaves=7
num_cat=0
split_feature=48 79 58 74 58 80
split_gain=26.2369 16.174 18.3889 13.5726 13.0768 12.1212
threshold=-0.18274582922458646 0.10874704644083978 0.14946808665990832 0.83156028389930736 0.83503401279449474 0.98958334326744091
decision_type=2 2 2 2 2 2
left_child=3 -2 -3 4 -1 -5
right_child=1 2 -4 5 -6 -7
leaf_value=0.001398583036542095 -0.004196641632888254 0.0027519536904783634 -0.0044402768778193397 0.0059626941569692442 -0.0050803705325320929 -0.0019249830390967314
leaf_weight=1897.6005075238645 1531.6386827602983 917.609230495058 484.12743559572846 921.66138206608593 322.99491710029542 207.15880734287202
leaf_count=28519 36418 16395 8183 6702 3453 1731
internal_value=0 -0.00206972 0.000239644 0.00181301 0.000433416 0.0044866
internal_weight=6282.79 2933.38 1401.74 3349.42 2220.6 1128.82
internal_count=101401 60996 24578 40405 31972 8433
is_linear=0
shrinkage=0.03


Tree=50
num_leaves=7
num_cat=0
split_feature=7 42 64 84 45 82
split_gain=27.4691 18.1336 16.1918 14.465 12.1224 9.88117
threshold=0.73508772253990184 0.83503401279449474 0.83503401279449474 -0.9420168101787566 -0.45889639854431147 -0.91396856307983387
decision_type=2 2 2 2 2 2
left_child=1 4 -3 -2 -1 -5
right_child=3 2 -4 5 -6 -7
leaf_value=-0.0049312610991083692 0.0147727178001733 0.0086471486206300147 -0.0033943543698148962 -0.0088329942002501761 -0.00098514656903345176 0.0029433607782097092
leaf_weight=910.87992971669883 87.473270285874605 286.74114418588579 145.61872569471598 60.803246237337589 3134.2014386486262 1640.2957435753196
leaf_count=20553 466 1790 1154 595 63475 13368
internal_value=0 -0.00125546 0.00453054 0.00313762 -0.00188614 0.0024802
internal_weight=6266.01 4477.44 432.36 1788.57 4045.08 1701.1
internal_count=101401 86972 2944 14429 84028 13963
is_linear=0
shrinkage=0.03


Tree=51
num_leaves=7
num_cat=0
split_feature=84 1 72 79 79 48
split_gain=24.1598 24.191 15.1077 14.2155 11.5382 14.5571
threshold=-0.91396856307983387 -0.093073595315217958 -0.82732918858528126 0.13961039483547213 0.048809524625539787 -0.95180022716522206
decision_type=2 2 2 2 2 2
left_child=4 3 -3 -2 5 -1
right_child=1 2 -4 -5 -6 -7
leaf_value=0.022452409034653405 -0.0052642719705428163 0.0050453387947562928 9.0088914938774817e-05 1.7536042244272495e-05 0.016844776689958155 -0.00036805152240374411
leaf_weight=25.109329290688038 1155.8931108806282 658.35538375377655 3434.1882453365251 739.40017003007233 97.588373309001327 137.88056483864784
leaf_count=142 29000 5526 49766 13857 989 2121
internal_value=0 -0.000392388 0.000899731 -0.0031933 0.00885433 0.00353259
internal_weight=6248.42 5987.84 4092.54 1895.29 260.578 162.99
internal_count=101401 98149 55292 42857 3252 2263
is_linear=0
shrinkage=0.03


Tree=52
num_leaves=7
num_cat=0
split_feature=7 47 48 58 65 79
split_gain=24.4288 42.086 27.9014 27.1209 18.2204 15.6851
threshold=0.88730159401893627 0.60434782505035411 -0.87367022037506092 0.79057019948959362 0.94201681017875682 -0.41565039753913874
decision_type=2 2 2 2 2 2
left_child=2 3 4 -2 -1 -3
right_child=1 5 -4 -5 -6 -7
leaf_value=0.0078707662547136265 0.018954074460191539 0.009528498358030801 -0.0014554070131569694 -0.0061224405495031607 -0.011061588952168886 -0.0021357471357551306
leaf_weight=449.11954438500106 215.88899843581021 126.34464136138558 4864.3346381820738 42.534989811480045 45.255299201235175 486.03886835277081
leaf_count=3193 1451 814 91370 379 335 3859
internal_value=0 0.00464543 -0.000758523 0.0146749 0.00598421 0.000279862
internal_weight=6229.52 870.807 5358.71 258.424 494.375 612.384
internal_count=101401 6503 94898 1830 3528 4673
is_linear=0
shrinkage=0.03


Tree=53
num_leaves=7
num_cat=0
split_feature=75 69 84 84 58 58
split_gain=21.6555 21.2533 17.9745 9.9807 19.2602 17.7298
threshold=0.78019323945045482 0.88730159401893627 0.82020202279090892 -0.022739018313586708 0.88730159401893627 0.97937926650047313
decision_type=2 2 2 2 2 2
left_child=1 2 -1 5 -5 -2
right_child=3 -3 -4 4 -6 -7
leaf_value=1.0791785277429792e-05 0.0074588600323192049 -0.010958739628866562 -0.006642481336360616 -0.0032344333973802902 0.0062187799051814348 -0.010551584563928273
leaf_weight=4225.5211747251451 596.29779300838709 179.43549232371151 394.13738053757697 433.98183314874768 340.729551685974 47.917767494916916
leaf_count=79041 4406 2353 8204 4161 2862 374
internal_value=0 -0.000963093 -0.000556929 0.00324932 0.000897971 0.00600206
internal_weight=6218.02 4799.09 4619.66 1418.93 774.711 644.216
internal_count=101401 89598 87245 11803 7023 4780
is_linear=0
shrinkage=0.03


Tree=54
num_leaves=7
num_cat=0
split_feature=7 73 61 58 7 70
split_gain=25.2191 12.2984 11.5705 11.2646 34.1044 21.2731
threshold=0.65783974528312694 -0.79289215803146351 -0.36266924440860743 0.49468085169792181 0.88730159401893627 -0.80720093846321095
decision_type=2 2 2 2 2 2
left_child=1 -1 -3 4 -2 -5
right_child=3 2 -4 5 -6 -7
leaf_value=-0.0074673053215406513 0.0011233293133435008 0.0017916895627165291 -0.0018750473825904631 0.0046129438680686842 0.015233821221513535 -0.0029955527201508216
leaf_weight=270.68327792640775 475.05764940753579 1047.9476815201342 2872.2214118959382 708.11796846985817 227.71358951181173 608.23269245773554
leaf_count=7135 5874 18692 57055 4865 1494 6286
internal_value=0 -0.00132678 -0.000886171 0.00275032 0.00581315 0.00107663
internal_weight=6209.97 4190.85 3920.17 2019.12 702.771 1316.35
internal_count=101401 82882 75747 18519 7368 11151
is_linear=0
shrinkage=0.03


Tree=55
num_leaves=7
num_cat=0
split_feature=7 42 59 84 80 84
split_gain=22.9813 16.9975 18.1016 13.4048 12.0546 11.2173
threshold=0.65783974528312694 0.83997154235839855 -0.83156028389930714 -0.91396856307983387 0.98958334326744091 0.10874704644083978
decision_type=2 2 2 2 2 2
left_child=1 5 -3 -2 -5 -1
right_child=3 2 -4 4 -6 -7
leaf_value=-0.00041940561860919417 0.012394206459150937 -0.0050364145143795671 0.0093779360897643764 0.0027815554289817288 -0.005207159120899865 -0.0037132179722200536
leaf_weight=2169.3389920489863 115.36497287452221 106.84707805514336 248.11039220169187 1716.2479762677103 181.70279109477997 1658.1931466497481
leaf_count=44447 814 838 1611 16112 1593 35986
internal_value=0 -0.00126744 0.00494599 0.00262961 0.00198931 -0.00185719
internal_weight=6195.81 4182.49 354.957 2013.32 1897.95 3827.53
internal_count=101401 82882 2449 18519 17705 80433
is_linear=0
shrinkage=0.03


Tree=56
num_leaves=7
num_cat=0
split_feature=7 42 59 69 70 80
split_gain=21.9365 14.9097 16.4629 14.254 17.1152 14.0693
threshold=0.73508772253990184 0.83503401279449474 -0.83156028389930714 0.19574468582868579 -0.80720093846321095 0.084523811936378493
decision_type=2 2 2 2 2 2
left_child=1 -1 -3 5 -5 -2
right_child=3 2 -4 4 -6 -7
leaf_value=-0.0016864017697309078 0.0039803363496222852 -0.0047105311014492826 0.0080956439756962838 0.0044992658610746002 -0.00216910316557391 0.017024538045513245
leaf_weight=4020.8654413679615 258.93791916593909 122.5900796726346 293.03350749611855 742.21506230905652 634.96543512493372 107.96286517009139
leaf_count=84028 2447 1005 1939 5064 6181 737
internal_value=0 -0.00112068 0.00423599 0.00284576 0.00140631 0.00807662
internal_weight=6180.57 4436.49 415.624 1744.08 1377.18 366.901
internal_count=101401 86972 2944 14429 11245 3184
is_linear=0
shrinkage=0.03


Tree=57
num_leaves=7
num_cat=0
split_feature=84 1 7 79 49 72
split_gain=22.3058 19.1192 14.1615 13.2375 11.7468 11.6988
threshold=-0.91396856307983387 -0.093073595315217958 0.83997154235839855 0.13961039483547213 -0.94365078210830677 -0.82732918858528126
decision_type=2 2 2 2 2 2
left_child=2 3 4 -2 -1 -3
right_child=1 5 -4 -5 -6 -7
leaf_value=0.021935637073499305 -0.0049037168037619205 0.004468520787439082 0.021071489174180461 0.00020778244418604813 0.0011850109128659198 6.1723856916346236e-05
leaf_weight=24.440460598096251 1138.914652065374 643.9581358442083 58.311398055404425 739.41930759418756 177.01867487560958 3386.2087381994352
leaf_count=189 29000 5526 311 13857 2752 49766
internal_value=0 -0.000381425 0.0085189 -0.0028804 0.00431799 0.000777961
internal_weight=6168.27 5908.5 259.771 1878.33 201.459 4030.17
internal_count=101401 98149 3252 42857 2941 55292
is_linear=0
shrinkage=0.03


Tree=58
num_leaves=7
num_cat=0
split_feature=7 47 42 81 42 81
split_gain=20.7921 32.6915 26.3014 17.2737 17.0262 15.6675
threshold=0.88730159401893627 0.60434782505035411 0.83997154235839855 -0.65905553102493275 0.81101191043853771 -0.87095281481742848
decision_type=2 2 2 2 2 2
left_child=2 4 -1 -4 -2 -3
right_child=1 5 3 -5 -6 -7
leaf_value=-0.0015824177750439227 0.018629061887757894 -0.0052616326071950265 0.0080576938331180237 -0.00095190386953970861 0.002441828195334437 0.0045461277169158189
leaf_weight=4521.8839001730084 168.41787202097476 250.95605453103781 460.17021491378546 314.66416718624532 97.752386495471001 336.99278503283858
leaf_count=89373 1153 1931 3209 2316 677 2742
internal_value=0 0.00432945 -0.000701567 0.00437774 0.0129495 0.000300188
internal_weight=6150.84 854.119 5296.72 774.834 266.17 587.949
internal_count=101401 6503 94898 5525 1830 4673
is_linear=0
shrinkage=0.03


Tree=59
num_leaves=7
num_cat=0
split_feature=7 48 42 58 68 58
split_gain=19.3187 32.9594 25.7449 20.6546 14.9018 14.4112
threshold=0.88730159401893627 -0.74413529038429249 0.83503401279449474 0.38278388977050787 0.943650782108307 0.90586933493614208
decision_type=2 2 2 2 2 2
left_child=2 -2 5 -3 -4 -1
right_child=1 3 4 -5 -6 -7
leaf_value=-0.0012451939640295384 -0.0013178927126681556 0.019143230583985888 0.0055978771414973132 0.0048205472462215116 -0.0086008130201667855 -0.011060604745354195
leaf_weight=4364.1245542643592 452.28284198790789 149.08759603276849 720.10894745774567 251.17551720514894 67.249728936702013 135.06898563914001
leaf_count=87150 3478 963 5159 2062 498 2091
internal_value=0 0.00417702 -0.000676926 0.0103998 0.00430066 -0.00155847
internal_weight=6139.1 852.546 5286.55 400.263 787.359 4499.19
internal_count=101401 6503 94898 3025 5657 89241
is_linear=0
shrinkage=0.03


Tree=60
num_leaves=7
num_cat=0
split_feature=41 79 46 48 48 53
split_gain=17.9942 20.683 15.2824 14.5916 12.6555 10.7607
threshold=0.78835389018058788 -0.48198758065700525 0.1234756112098694 -0.74734041094779957 -0.90360045433044422 0.86515152454376232
decision_type=2 2 2 2 2 2
left_child=2 3 5 -2 -3 -1
right_child=1 4 -4 -5 -6 -7
leaf_value=-0.0019924351667038255 0.0054105424566023878 0.0053630401867738632 0.0008978338773571623 0.020565034885435984 -0.0012713827151276729 -0.010396516033582444
leaf_weight=2338.4321068469435 211.97813590243459 393.67410943843424 2239.4892786527053 81.563112054020166 721.73113374784589 143.5436706263572
leaf_count=49353 1429 2718 38749 598 7185 1369
internal_value=0 0.0029692 -0.000888253 0.00999575 0.0010569 -0.00251047
internal_weight=6130.41 1408.95 4721.47 293.541 1115.41 2481.98
internal_count=101401 11930 89471 2027 9903 50722
is_linear=0
shrinkage=0.03


Tree=61
num_leaves=7
num_cat=0
split_feature=7 42 63 45 72 50
split_gain=17.8512 12.8538 26.8675 11.5776 11.2512 17.1013
threshold=0.46998800337314611 0.83503401279449474 0.829179346561432 -0.45889639854431147 -0.78550893068313588 -0.9420168101787566
decision_type=2 2 2 2 2 2
left_child=1 3 -3 -1 -2 -6
right_child=4 2 -4 -5 5 -7
leaf_value=-0.0051976541118247625 0.0053729447548854434 0.0095200901278573898 -0.013114649431349795 -0.00091554324542377245 -0.015992931802012215 0.0012454537904492225
leaf_weight=732.88483121246099 638.13205159083009 220.76320979744196 54.133947867900133 2606.1164817903191 48.153534214943647 1822.9785828571767
leaf_count=17336 4979 1369 502 54320 517 22378
internal_value=0 -0.00134906 0.00480092 -0.00187077 0.00194176 0.000744394
internal_weight=6123.16 3613.9 274.897 3339 2509.26 1871.13
internal_count=101401 73527 1871 71656 27874 22895
is_linear=0
shrinkage=0.03


Tree=62
num_leaves=7
num_cat=0
split_feature=84 40 84 83 7 61
split_gain=19.3013 19.0629 14.0772 12.9617 11.3702 10.1819
threshold=-0.91396856307983387 0.41042780876159674 0.7379862666130067 -0.093073595315217958 0.83997154235839855 -0.91396856307983387
decision_type=2 2 2 2 2 2
left_child=4 3 -3 -2 5 -1
right_child=1 2 -4 -5 -6 -7
leaf_value=-0.012382236184635379 -6.9833171968318268e-05 0.002786443163771198 -0.0028953325154059077 -0.0037951595456786245 0.019570960010295832 0.0068635593907205332
leaf_weight=23.096659254282713 1827.2322540469468 1969.5260426681489 480.67368117813021 1578.9583062157035 55.742836095392704 174.60229941736907
leaf_count=219 34095 23642 6945 33467 311 2722
internal_value=0 -0.000353774 0.00165596 -0.00180855 0.0080235 0.00421715
internal_weight=6109.83 5856.39 2450.2 3406.19 253.442 197.699
internal_count=101401 98149 30587 67562 3252 2941
is_linear=0
shrinkage=0.03


Tree=63
num_leaves=7
num_cat=0
split_feature=84 40 81 83 7 6
split_gain=18.2808 18.2163 15.372 11.6272 9.9472 9.54901
threshold=-0.91396856307983387 0.5582655966281892 0.50555557012557995 -0.093073595315217958 0.83997154235839855 0.57294833660125744
decision_type=2 2 2 2 2 2
left_child=4 3 -3 -2 5 -1
right_child=1 2 -4 -5 -6 -7
leaf_value=0.0079920587483740934 4.2408455514144949e-05 0.0028415394261012126 -0.0066075797552005424 -0.0032187511796459805 0.018597715742380692 -0.00644836497906666
leaf_weight=151.60410048253834 2008.1200146283954 1778.8262839317322 163.33502446487546 1890.9688971303403 55.788940232247114 49.48998642899096
leaf_count=2425 36404 20343 2722 38680 311 516
internal_value=0 -0.00034736 0.00201654 -0.00153359 0.00775443 0.00422243
internal_weight=6098.13 5841.25 1942.16 3899.09 256.883 201.094
internal_count=101401 98149 23065 75084 3252 2941
is_linear=0
shrinkage=0.03


Tree=64
num_leaves=7
num_cat=0
split_feature=7 42 64 69 80 52
split_gain=16.5152 13.8151 19.6192 11.3178 19.0455 15.5547
threshold=0.65783974528312694 0.83503401279449474 0.829179346561432 0.19574468582868579 0.084523811936378493 0.82020202279090892
decision_type=2 2 2 2 2 2
left_child=1 -1 -3 4 -2 -5
right_child=3 2 -4 5 -6 -7
leaf_value=-0.0016207938871066754 0.0024646601437792906 0.0091174967459775689 -0.0057220306046348018 -0.0033454691648373311 0.015909188762485912 0.0031322737807847984
leaf_weight=3767.6165277771652 357.95528982207179 249.96678143367171 110.34643958881497 497.66725303046405 129.09658946655691 976.3061294388026
leaf_count=80348 4263 1591 943 5444 1054 7758
internal_value=0 -0.00107672 0.00447463 0.00226345 0.00621465 0.000920951
internal_weight=6088.96 4127.93 360.313 1961.03 487.052 1473.97
internal_count=101401 82882 2534 18519 5317 13202
is_linear=0
shrinkage=0.03


Tree=65
num_leaves=7
num_cat=0
split_feature=84 40 84 83 79 60
split_gain=17.2461 17.2797 12.6585 12.1151 9.7433 12.6908
threshold=-0.91396856307983387 0.41042780876159674 0.7379862666130067 -0.12347561120986937 0.048809524625539787 -0.94365078210830677
decision_type=2 2 2 2 2 2
left_child=4 3 -3 -2 5 -1
right_child=1 2 -4 -5 -6 -7
leaf_value=0.020009254675054568 -2.2353013226508794e-05 0.0026449036542246342 -0.002754541857618086 -0.0036378417294927489 0.014920968562257013 -0.001084023808786408
leaf_weight=25.995488228276372 1788.7520609200001 1966.7817090284079 477.98293381556869 1586.1971268951893 95.921147659420967 135.39810880459845
leaf_count=203 33338 23642 6945 34224 989 2060
internal_value=0 -0.000338874 0.00157353 -0.00173335 0.00752471 0.00263232
internal_weight=6077.03 5819.71 2444.76 3374.95 257.315 161.394
internal_count=101401 98149 30587 67562 3252 2263
is_linear=0
shrinkage=0.03


Tree=66
num_leaves=7
num_cat=0
split_feature=61 35 83 79 84 14
split_gain=15.9492 22.1272 14.6275 14.8748 12.934 8.91872
threshold=-0.56949809193611134 -0.43167701363563532 -0.95180022716522206 0.75304877758026134 -0.88403362035751332 0.16843971610069278
decision_type=2 2 2 2 2 2
left_child=2 5 -1 -4 -3 -2
right_child=1 4 3 -5 -6 -7
leaf_value=0.016779641855472795 -0.0079356416944884531 0.0087763525641161265 0.00092254786796752664 0.010573234463579769 -0.00030231971895797053 -0.0012163587597318508
leaf_weight=58.228599518537521 491.70605848450214 142.06352898385376 1386.4145345976576 157.10927623324096 3530.5901898341253 298.15123585145921
leaf_count=666 11765 1969 18372 1436 61837 5356
internal_value=0 -0.000921905 0.00256332 0.00195519 5.21536e-05 -0.00546063
internal_weight=6064.26 4462.51 1601.75 1543.52 3672.65 789.857
internal_count=101401 80927 20474 19808 63806 17121
is_linear=0
shrinkage=0.03


Tree=67
num_leaves=7
num_cat=0
split_feature=7 73 84 84 82 51
split_gain=14.9911 10.8208 11.2796 9.21101 9.92788 8.30886
threshold=0.65783974528312694 -0.79289215803146351 -0.34833164513111109 -0.90586933493614186 -0.88730159401893605 0.20881782472133639
decision_type=2 2 2 2 2 2
left_child=1 -1 -3 5 -5 -2
right_child=3 2 -4 4 -6 -7
leaf_value=-0.0068913413177970157 0.015888908186555323 0.0017941168782828374 -0.001710073672479746 -0.00813084027018161 0.0021066986357735368 0
leaf_weight=261.19142766110599 74.90163186006248 1189.6846092287451 2649.218900648877 83.718796754255891 1752.3477255478501 43.008595354855061
leaf_count=7135 595 22037 53710 910 16728 286
internal_value=0 -0.00103041 -0.000615392 0.00215925 0.00160279 0.0101625
internal_weight=6054.07 4100.09 3838.9 1953.98 1836.07 117.91
internal_count=101401 82882 75747 18519 17638 881
is_linear=0
shrinkage=0.03


Tree=68
num_leaves=7
num_cat=0
split_feature=61 35 7 83 41 52
split_gain=14.4679 19.6662 21.1596 13.6107 15.0766 9.66142
threshold=-0.56949809193611134 -0.43167701363563532 0.94028520584106456 -0.95180022716522206 0.77207791805267345 0.88730159401893627
decision_type=2 2 2 2 2 2
left_child=3 5 -3 -1 -5 -2
right_child=1 2 -4 4 -6 -7
leaf_value=0.016114921001774033 -0.0043033382203572406 -0.00065551392214611222 0.0075130317389791668 -0.00076427776759003879 0.0051591819875832275 -0.019088349519022541
leaf_weight=58.552921507507563 735.21278942935169 3357.3510964009911 306.8405491206795 860.97359536588192 685.06040593609214 39.313264103606343
leaf_count=666 16736 61432 2374 14586 5222 385
internal_value=0 -0.000882696 2.96523e-05 0.00243693 0.00184928 -0.0052099
internal_weight=6043.3 4438.72 3664.19 1604.59 1546.03 774.526
internal_count=101401 80927 63806 20474 19808 17121
is_linear=0
shrinkage=0.03


Tree=69
num_leaves=7
num_cat=0
split_feature=84 40 81 84 79 49
split_gain=13.8373 14.8564 13.8539 10.1359 8.74143 11.9208
threshold=-0.91396856307983387 0.5582655966281892 0.50555557012557995 -1.0000000180025095e-35 0.048809524625539787 -0.90121948719024647
decision_type=2 2 2 2 2 2
left_child=4 3 -3 -2 5 -1
right_child=1 2 -4 -5 -6 -7
leaf_value=0.015001559454581441 3.7522657599915857e-05 0.0026048040115038266 -0.0064570865019789227 -0.0030362170985796483 0.013645118665042066 -0.0026328560984357988
leaf_weight=42.04235777631402 2046.3069908479229 1775.1187443751842 159.64068210218102 1791.4211364975199 97.334178742021322 119.76106138713658
leaf_count=380 37780 20343 2722 37304 989 1883
internal_value=0 -0.000306983 0.00182691 -0.00139155 0.00671465 0.00208168
internal_weight=6031.63 5772.49 1934.76 3837.73 259.138 161.803
internal_count=101401 98149 23065 75084 3252 2263
is_linear=0
shrinkage=0.03


Tree=70
num_leaves=7
num_cat=0
split_feature=41 7 58 79 7 48
split_gain=13.5443 22.7738 29.0124 17.3362 16.3255 15.6887
threshold=0.82732918858528148 0.88730159401893627 0.38278388977050787 -0.48198758065700525 0.87627550959587108 -0.74734041094779957
decision_type=2 2 2 2 2 2
left_child=1 4 -3 5 -1 -2
right_child=3 2 -4 -5 -6 -7
leaf_value=-0.0011020657000786729 0.0045301958429845466 0.016281283357078472 -0.0015241682621188882 0.00089141232114855692 -0.019108099524078204 0.020922454697025326
leaf_weight=4401.007980289869 191.37020234018564 150.76857524365187 167.29105899296701 996.18308469094336 41.059648793190718 73.874519739300013
leaf_count=88101 1313 985 1457 8663 371 511
internal_value=0 -0.000732889 0.00694457 0.00275761 -0.00129654 0.00950932
internal_weight=6021.56 4760.13 318.06 1261.43 4442.07 265.245
internal_count=101401 90914 2442 10487 88472 1824
is_linear=0
shrinkage=0.03


Tree=71
num_leaves=7
num_cat=0
split_feature=7 63 42 84 7 12
split_gain=13.2449 11.9405 20.0499 9.21238 15.1041 14.358
threshold=0.46998800337314611 0.88730159401893627 0.83503401279449474 -0.13961039483547208 0.97959184646606456 -0.79057019948959339
decision_type=2 2 2 2 2 2
left_child=1 2 -1 4 -2 -5
right_child=3 -3 -4 5 -6 -7
leaf_value=-0.0015460155540521078 0.0050975131377149754 -0.014118450198853036 0.0075805700194414355 -0.0073156387207593092 -0.006099129558367361 0.0013160480623769781
leaf_weight=3249.4921398451552 932.96711438335478 58.390435745939612 226.37579663470387 196.50253569707274 116.0175747461617 1236.1642010044307
leaf_count=71265 10068 727 1535 2027 794 14985
internal_value=0 -0.00117892 -0.000932967 0.00167796 0.00380764 8.99457e-05
internal_weight=6015.91 3534.26 3475.87 2481.65 1048.98 1432.67
internal_count=101401 73527 72800 27874 10862 17012
is_linear=0
shrinkage=0.03


Tree=72
num_leaves=7
num_cat=0
split_feature=61 35 7 47 58 80
split_gain=13.7097 16.9269 18.2942 14.0402 20.5104 14.9141
threshold=-0.56949809193611134 -0.43167701363563532 0.94028520584106456 0.89331436157226574 0.88403362035751354 0.98958334326744091
decision_type=2 2 2 2 2 2
left_child=3 -2 -3 4 -1 -5
right_child=1 2 -4 5 -6 -7
leaf_value=0.0023286532760780037 -0.0049129525479104704 -0.00066165946044226297 0.0068920512824906799 0.012351739555743682 -0.010360873412342132 -0.0057842038364470799
leaf_weight=1224.5680968305096 761.94367734901607 3341.5085502006114 310.78034004382789 202.86909295804799 120.95656628161669 45.124408569186926
leaf_count=17163 17121 61432 2374 1562 1334 415
internal_value=0 -0.000861198 -2.15316e-06 0.00238085 0.00113157 0.00888408
internal_weight=6007.75 4414.23 3652.29 1593.52 1345.52 247.994
internal_count=101401 80927 63806 20474 18497 1977
is_linear=0
shrinkage=0.03


Tree=73
num_leaves=7
num_cat=0
split_feature=84 1 79 84 61 80
split_gain=13.297 13.5722 12.767 11.0328 6.67387 7.06183
threshold=-0.91396856307983387 0.32624113559722906 0.13961039483547213 0.096006143838167204 -0.9420168101787566 1.0000000180025095e-35
decision_type=2 2 2 2 2 2
left_child=4 2 -2 -3 -1 -6
right_child=1 3 -4 -5 5 -7
leaf_value=-0.0060898969764087039 -0.0034151139139509783 0.0031564611103747195 0.00052117727473528167 -0.00062288606125051032 0.0032508432269197649 0.014284643447177529
leaf_weight=26.896494248881936 1695.583741530776 1342.0468464773148 1292.2921395087615 1412.0997691843659 131.51316783763468 98.805338894017041
leaf_count=235 40454 15486 23262 18947 2039 978
internal_value=0 -0.000301436 -0.00170457 0.00121023 0.00660663 0.00831471
internal_weight=5999.24 5742.02 2987.88 2754.15 257.215 230.319
internal_count=101401 98149 63716 34433 3252 3017
is_linear=0
shrinkage=0.03


Tree=74
num_leaves=7
num_cat=0
split_feature=84 41 14 7 81 48
split_gain=12.5484 17.9309 20.0729 17.982 10.3199 12.6977
threshold=0.79326924681663524 0.82732918858528148 0.91578015685081493 0.88730159401893627 -0.7176079750061034 -0.70782518386840809
decision_type=2 2 2 2 2 2
left_child=1 3 -3 -1 5 -2
right_child=4 2 -4 -5 -6 -7
leaf_value=-0.00091592668807062962 -0.0045892687796027093 0.0060781927611081692 -0.0041470576559355082 0.0066652180145414779 -0.0063471772886736369 0.011753392253437059
leaf_weight=4023.5220664376393 94.551011603325605 835.55820972286165 210.07633398845792 297.29898164235055 455.40580598637462 68.761276347562671
leaf_count=79728 820 6467 1835 2255 9455 841
internal_value=0 0.000467694 0.00398534 -0.000380261 -0.00402778 0.00225818
internal_weight=5985.17 5366.46 1045.63 4320.82 618.718 163.312
internal_count=101401 90285 8302 81983 11116 1661
is_linear=0
shrinkage=0.03


Tree=75
num_leaves=7
num_cat=0
split_feature=48 6 7 72 81 81
split_gain=11.741 13.679 13.7422 8.34584 14.4246 12.4047
threshold=-0.18274582922458646 0.86515152454376232 0.88730159401893627 -0.91578015685081471 -0.9420168101787566 -0.91396856307983387
decision_type=2 2 2 2 2 2
left_child=3 2 -2 4 -1 -5
right_child=1 -3 -4 5 -6 -7
leaf_value=-0.003930349567235712 -0.0014307341776153854 -0.012770856131114353 0.0097383813103712313 0.0070046801708832001 0.010031737367090584 9.6831458516639948e-05
leaf_weight=87.948576375842094 2641.0183189390227 87.631288476288319 97.52208212390542 253.3362770434469 218.78779297322035 2588.2445025853813
leaf_count=605 58941 1294 761 2170 1798 35832
internal_value=0 -0.00140236 -0.00100503 0.0012591 0.00593341 0.00073445
internal_weight=5974.49 2826.17 2738.54 3148.32 306.736 2841.58
internal_count=101401 60996 59702 40405 2403 38002
is_linear=0
shrinkage=0.03


Tree=76
num_leaves=7
num_cat=0
split_feature=7 63 42 31 74 69
split_gain=12.0467 11.2332 17.1528 8.59766 12.0077 7.39675
threshold=0.46998800337314611 0.88730159401893627 0.83503401279449474 -0.71130952239036549 0.83156028389930736 -0.65465840697288502
decision_type=2 2 2 2 2 2
left_child=1 2 -1 5 -5 -2
right_child=3 -3 -4 4 -6 -7
leaf_value=-0.0014607463570509936 -0.00049962763256017589 -0.013945859203177813 0.0070391436463253113 -0.00074334699897679807 0.0035908080688546321 0.013111620673840779
leaf_weight=3226.5080207772553 48.246372032910585 55.82473655231297 223.01275474578142 1307.0537486290559 1009.1119793727994 98.273687463253736
leaf_count=71265 775 727 1535 17791 8048 1260
internal_value=0 -0.00112913 -0.000893148 0.00160622 0.00113571 0.0085631
internal_weight=5968.03 3505.35 3449.52 2462.69 2316.17 146.52
internal_count=101401 73527 72800 27874 25839 2035
is_linear=0
shrinkage=0.03


Tree=77
num_leaves=7
num_cat=0
split_feature=84 46 61 7 7 61
split_gain=11.5096 12.1926 11.7045 11.581 7.55329 9.05657
threshold=-0.91396856307983387 0.65783974528312694 -0.56949809193611134 0.94935896992683422 0.83997154235839855 -0.91396856307983387
decision_type=2 2 2 2 2 2
left_child=4 2 -2 -3 5 -1
right_child=1 3 -4 -5 -6 -7
leaf_value=-0.012831824297582976 0.0012595815889159196 0.0010846858893123856 -0.0020872954932351102 0.009325566398628287 0.015874352333940949 0.0055673682230868993
leaf_weight=22.120034756138921 1347.0318784080446 1150.5854200655594 3029.0557861365378 175.06529776751995 53.083230458199978 180.59654998034239
leaf_count=219 18253 17151 61401 1344 311 2722
internal_value=0 -0.000281653 -0.00104996 0.00222647 0.00616304 0.00315471
internal_weight=5957.54 5701.74 4376.09 1325.65 255.8 202.717
internal_count=101401 98149 79654 18495 3252 2941
is_linear=0
shrinkage=0.03


Tree=78
num_leaves=7
num_cat=0
split_feature=84 7 81 81 72 50
split_gain=11.5664 16.1524 32.7824 14.1355 11.6359 33.5649
threshold=-1.0000000180025095e-35 0.94935896992683422 -0.54226192831993092 -0.95060974359512318 -0.91578015685081471 -0.9420168101787566
decision_type=2 2 2 2 2 2
left_child=4 3 -3 -2 -1 -6
right_child=1 2 -4 -5 5 -7
leaf_value=0.0085853133224642296 0.011598359465883546 -0.0014932996985585773 0.019736284012537957 -0.0023779941353041134 -0.016409863053134171 0.0014719410809385016
leaf_weight=182.56559335626662 61.214401729404926 195.86805067956448 91.246163548901677 2659.1836786875501 92.779272004961967 2666.3598102219403
leaf_count=1673 494 1662 654 50362 902 45654
internal_value=0 -0.00130716 0.00537319 -0.00203179 0.00133636 0.000831195
internal_weight=5949.22 3007.51 287.114 2720.4 2941.7 2759.14
internal_count=101401 53172 2316 50856 48229 46556
is_linear=0
shrinkage=0.03


Tree=79
num_leaves=7
num_cat=0
split_feature=61 35 79 83 46 46
split_gain=10.9462 15.7757 14.4823 11.9689 9.39014 9.02731
threshold=-0.56949809193611134 -0.67006802558898915 0.75304877758026134 -0.95180022716522206 0.65783974528312694 -0.23240589350461957
decision_type=2 2 2 2 2 2
left_child=2 -2 3 -1 -3 -4
right_child=1 4 5 -5 -6 -7
leaf_value=0.014315376278134151 -0.0066632687773424352 -0.0011882083979056787 0.0023263404380076099 0.00052359720260816722 0.0019600915242776688 0.017011115119274226
leaf_weight=54.48715402930975 369.77850558515638 2769.8555983267725 76.95733330771327 1366.1163375806063 1223.1266039349139 85.350434204563498
leaf_count=626 8532 54864 782 18372 17531 694
internal_value=0 -0.000775481 0.00213306 0.00112198 -0.000215075 0.0105053
internal_weight=5945.67 4362.76 1582.91 1420.6 3992.98 162.308
internal_count=101401 80927 20474 18998 72395 1476
is_linear=0
shrinkage=0.03


Tree=80
num_leaves=7
num_cat=0
split_feature=84 7 81 81 72 50
split_gain=10.8617 15.8241 28.1943 11.4966 10.2649 29.0165
threshold=-1.0000000180025095e-35 0.94935896992683422 -0.54226192831993092 -0.95060974359512318 -0.91396856307983387 -0.9420168101787566
decision_type=2 2 2 2 2 2
left_child=4 3 -3 -2 -1 -6
right_child=1 2 -4 -5 5 -7
leaf_value=0.0075714242961832448 0.010092748490078804 -0.0011566281459618865 0.018345311455790738 -0.0023151428614412734 -0.016158921311955961 0.0013487351496417556
leaf_weight=213.14670956041664 63.276050923392177 194.0819777995348 94.29537420347333 2639.5833231024444 82.870417142286897 2649.6089199446142
leaf_count=1894 494 1662 654 50362 838 45497
internal_value=0 -0.00127231 0.00532195 -0.00199549 0.00129198 0.000778261
internal_weight=5936.86 2991.24 288.377 2702.86 2945.63 2732.48
internal_count=101401 53172 2316 50856 48229 46335
is_linear=0
shrinkage=0.03


Tree=81
num_leaves=7
num_cat=0
split_feature=61 35 79 57 69 68
split_gain=10.3475 14.2838 13.1662 10.5073 8.61091 7.6605
threshold=-0.56949809193611134 -0.43167701363563532 0.75304877758026134 -0.94365078210830677 0.91010102629661571 0.027799228206276897
decision_type=2 2 2 2 2 2
left_child=2 5 3 -1 -3 -2
right_child=1 4 -4 -5 -6 -7
leaf_value=0.010458341685213365 -0.0072946086603215745 0.00040541886424596353 0.010017264381245131 0.00036704411397927157 -0.0055798473762067834 -0.0010303445486687852
leaf_weight=95.654873669147491 406.18167870398611 3384.8553558774292 163.841573279351 1322.9229927668348 226.04406131058931 331.90787210315466
leaf_count=1283 10466 61304 1476 17715 2502 6655
internal_value=0 -0.000755955 0.00207344 0.00110292 1.5244e-05 -0.00454392
internal_weight=5931.41 4348.99 1582.42 1418.58 3610.9 738.09
internal_count=101401 80927 20474 18998 63806 17121
is_linear=0
shrinkage=0.03


Tree=82
num_leaves=7
num_cat=0
split_feature=7 84 46 6 80 13
split_gain=10.3792 10.0077 8.72791 7.93667 6.1876 4.88684
threshold=-0.83503401279449452 -0.9420168101787566 0.31503759324550634 0.53339931368827831 -0.91578015685081471 -0.13961039483547208
decision_type=2 2 2 2 2 2
left_child=4 3 -3 -2 -1 -6
right_child=1 2 -4 -5 5 -7
leaf_value=0.0080299997737491354 0.011473526891296409 -0.00097707014546750807 0.001449400528196467 -0.00081548111249286036 -0.0011977161718771496 -0.010590181801904424
leaf_weight=20.287914829328656 120.39902136102319 3201.9319446627051 2278.6899654231966 67.993455786257982 87.614987090229988 147.77961340267211
leaf_count=451 1541 58844 33724 591 2480 3770
internal_value=0 0.000268915 2.67215e-05 0.00697672 -0.00585321 -0.00731668
internal_weight=5924.7 5669.01 5480.62 188.392 255.683 235.395
internal_count=101401 94700 92568 2132 6701 6250
is_linear=0
shrinkage=0.03


Tree=83
num_leaves=7
num_cat=0
split_feature=84 7 42 7 7 80
split_gain=9.77694 13.2338 24.8376 9.08783 23.0041 14.2551
threshold=-1.0000000180025095e-35 0.94935896992683422 0.72850123047828685 0.97959184646606456 0.90360045433044445 0.59545454382896434
decision_type=2 2 2 2 2 2
left_child=3 -2 -3 4 -1 -5
right_child=1 2 -4 5 -6 -7
leaf_value=0.00074602647328782549 -0.0018828051188603567 0.018358583181042994 -0.00062440188290137659 0.0043914503551424431 0.010434521794285952 -0.014974037925573828
leaf_weight=2581.0965335145593 2681.5670019518584 81.148810070008039 210.60795005038381 55.417332071810961 237.50015461072326 71.37560928799212
leaf_count=45618 50856 593 1723 350 1682 579
internal_value=0 -0.00121254 0.00477477 0.00122402 0.00159005 -0.00643685
internal_weight=5918.71 2973.32 291.757 2945.39 2818.6 126.793
internal_count=101401 53172 2316 48229 47300 929
is_linear=0
shrinkage=0.03


Tree=84
num_leaves=7
num_cat=0
split_feature=84 41 41 79 81 74
split_gain=9.27926 12.2819 20.1395 14.8041 10.2425 13.3188
threshold=0.79326924681663524 0.82732918858528148 0.9569842815399171 0.082207206636667265 -0.7176079750061034 0.97916665673255932
decision_type=2 2 2 2 2 2
left_child=1 3 -3 -1 5 -2
right_child=4 2 -4 -5 -6 -7
leaf_value=-0.0020555637349992557 0.0075837702999195693 0.006287564958488992 -0.0025847468593671943 0.0014649940695586805 -0.0058652416874002931 -0.011667882358540688
leaf_weight=2152.6694832714275 125.13715280499309 687.70846800878644 335.79228762537241 2131.6902927532792 443.66426058113575 37.424582999199629
leaf_count=46552 1328 5680 2622 35431 9455 333
internal_value=0 0.000402721 0.00334913 -0.000297244 -0.0035005 0.00275675
internal_weight=5914.09 5307.86 1023.5 4284.36 606.226 162.562
internal_count=101401 90285 8302 81983 11116 1661
is_linear=0
shrinkage=0.03


Tree=85
num_leaves=7
num_cat=0
split_feature=7 52 42 69 52 52
split_gain=9.36829 10.4954 18.6887 8.62796 21.9988 18.6804
threshold=0.46998800337314611 0.88730159401893627 0.83503401279449474 0.16869919002056125 0.13961039483547213 0.79326924681663524
decision_type=2 2 2 2 2 2
left_child=1 2 -1 4 -2 -5
right_child=3 -3 -4 5 -6 -7
leaf_value=-0.0013318591378109318 -0.00017888262395080405 -0.012305886385098035 0.0078229149762705594 -0.0033906792992151815 0.010650537329212844 0.0028753498083767606
leaf_weight=3187.9670758480206 400.4012331655249 67.745669778436422 208.5746577270329 719.93925372138619 280.17930360976607 1038.4378859903663
leaf_count=71210 6458 820 1497 9902 2802 8712
internal_value=0 -0.00100222 -0.000750191 0.00142269 0.00428074 0.000290472
internal_weight=5903.25 3464.29 3396.54 2438.96 680.581 1758.38
internal_count=101401 73527 72707 27874 9260 18614
is_linear=0
shrinkage=0.03


Tree=86
num_leaves=7
num_cat=0
split_feature=61 35 47 58 84 84
split_gain=9.31856 13.8033 13.5426 17.4969 13.8627 11.378
threshold=-0.56949809193611134 -0.67006802558898915 0.89331436157226574 0.88403362035751354 -0.4564394056797027 0.81101191043853771
decision_type=2 2 2 2 2 2
left_child=2 -2 3 -1 -4 -3
right_child=1 5 4 -5 -6 -7
leaf_value=0.0018320781368459718 -0.0063157464215077746 0.00037196882591884132 -0.0053344742799862335 -0.010142711600853106 0.011854745091711727 -0.0046619644268673585
leaf_weight=1214.9476332888007 358.80283253826201 3509.7728649349883 47.469290796667337 115.32609920762479 198.41538650728762 450.99815426953137
leaf_count=17163 8532 63692 357 1334 1620 8703
internal_value=0 -0.000720568 0.0019708 0.000737382 0.00837652 -0.000198817
internal_weight=5895.73 4319.57 1576.16 1330.27 245.885 3960.77
internal_count=101401 80927 20474 18497 1977 72395
is_linear=0
shrinkage=0.03


Tree=87
num_leaves=7
num_cat=0
split_feature=48 59 70 84 46 37
split_gain=9.69487 15.7033 14.2863 10.1871 10.3728 10.0461
threshold=-0.90360045433044422 -0.74734041094779957 -0.90586933493614186 0.82020202279090892 0.31503759324550634 -0.85540071129798878
decision_type=2 2 2 2 2 2
left_child=1 2 -1 4 -2 -5
right_child=3 -3 -4 5 -6 -7
leaf_value=0 -0.0010716798746813342 -0.012094397247139715 0.010347194318912813 -0.016549648701359321 0.0017664831894522624 -0.0028225729614279587
leaf_weight=232.4117826372385 2949.9727411037311 44.78821225464344 253.1762810703367 50.89502857811749 1901.0329981455579 457.72938492055982
leaf_count=1669 58100 425 1852 569 29309 9477
internal_value=0 0.00384952 0.00548953 -0.000384172 3.50474e-05 -0.0044023
internal_weight=5890.01 530.376 485.588 5359.63 4851.01 508.624
internal_count=101401 3946 3521 97455 87409 10046
is_linear=0
shrinkage=0.03


Tree=88
num_leaves=7
num_cat=0
split_feature=48 59 65 84 46 81
split_gain=9.18356 12.1247 11.5981 9.01981 9.34156 9.12757
threshold=-0.90360045433044422 -0.74734041094779957 0.87367022037506115 0.82020202279090892 0.31503759324550634 -0.7176079750061034
decision_type=2 2 2 2 2 2
left_child=1 2 -1 4 -2 -5
right_child=3 -3 -4 5 -6 -7
leaf_value=0.007073814336129778 -0.001037267701687488 -0.010513589838034281 -0.0054418480259605679 0.0029848168273074868 0.00165563911492221 -0.006395216316187142
leaf_weight=419.38767533935606 2942.5945342704654 43.204892141744494 72.471741743385792 114.38629169296473 1905.5912320474163 386.82332090940326
leaf_count=2942 58100 425 579 1303 29309 8743
internal_value=0 0.00372853 0.00513314 -0.000376073 1.56196e-05 -0.0041869
internal_weight=5884.46 535.064 491.859 5349.4 4848.19 501.21
internal_count=101401 3946 3521 97455 87409 10046
is_linear=0
shrinkage=0.03


Tree=89
num_leaves=7
num_cat=0
split_feature=7 52 42 69 52 52
split_gain=9.26293 9.92881 15.8912 7.36904 19.795 16.7627
threshold=0.46998800337314611 0.88730159401893627 0.83503401279449474 0.16869919002056125 0.13961039483547213 0.79326924681663524
decision_type=2 2 2 2 2 2
left_child=1 2 -1 4 -2 -5
right_child=3 -3 -4 5 -6 -7
leaf_value=-0.0012966812187780654 -0.00021011167597737043 -0.012152318151254964 0.007100004484278691 -0.0031519577499949944 0.010049495924780152 0.0028107431742553208
leaf_weight=3174.3401357196271 396.45993943233043 65.731205934658647 210.98837473616004 710.19039859250188 283.06890275608748 1034.6803799476475
leaf_count=71210 6458 820 1497 9902 2802 8712
internal_value=0 -0.000997847 -0.000754815 0.00141954 0.00406206 0.000364612
internal_weight=5875.46 3451.06 3385.33 2424.4 679.529 1744.87
internal_count=101401 73527 72707 27874 9260 18614
is_linear=0
shrinkage=0.03


Tree=90
num_leaves=7
num_cat=0
split_feature=7 77 48 38 70 69
split_gain=9.2539 7.94191 10.4054 8.90684 4.57414 5.70866
threshold=-0.83503401279449452 0.19098278135061267 -0.87095281481742848 -0.9578900635242461 0.23466833680868152 -0.41885964572429651
decision_type=2 2 2 2 2 2
left_child=4 2 -2 -3 5 -1
right_child=1 3 -4 -5 -6 -7
leaf_value=0.010933312670217337 0.0038772145683577158 -0.013920620235564887 -0.0013668901200639993 0.0017654199430733163 -0.0076560146004748869 -0.0070381946954352053
leaf_weight=26.627140134572983 380.58724269457161 27.687100386247039 2803.2841886216775 2405.6738093523309 198.24277734197676 25.8282366450876
leaf_count=596 3060 307 54326 37007 5502 603
internal_value=0 0.000253852 -0.000725527 0.00154646 -0.00558164 0.00171984
internal_weight=5867.93 5617.23 3183.87 2433.36 250.698 52.4554
internal_count=101401 94700 57386 37314 6701 1199
is_linear=0
shrinkage=0.03


Tree=91
num_leaves=7
num_cat=0
split_feature=7 31 72 43 72 69
split_gain=9.05209 7.76823 8.95707 7.72236 7.09213 5.85015
threshold=0.46998800337314611 -0.71130952239036549 -0.78550893068313588 -0.45889639854431147 0.36992481350898748 -0.65465840697288502
decision_type=2 2 2 2 2 2
left_child=3 5 -3 -1 -5 -2
right_child=1 2 -4 4 -6 -7
leaf_value=-0.0036124188187998084 -8.6439415634506904e-05 0.0040950457877245803 -0.00015901328808080875 -0.0014389245123524214 0.0017312590782766217 0.012010746102925896
leaf_weight=776.57383755967021 47.513468673452735 595.556670143269 1676.8990372065455 1640.0587565936148 1026.2122769234702 98.895988052710891
leaf_count=18064 775 4912 20927 35701 19762 1260
internal_value=0 0.00140486 0.000949245 -0.000987629 -0.000206576 0.00801356
internal_weight=5861.71 2418.87 2272.46 3442.84 2666.27 146.409
internal_count=101401 27874 25839 73527 55463 2035
is_linear=0
shrinkage=0.03


Tree=92
num_leaves=7
num_cat=0
split_feature=84 46 71 74 79 49
split_gain=9.09248 9.09883 8.82135 8.27082 6.77508 9.74743
threshold=-0.91396856307983387 0.65783974528312694 0.92708334326744091 -0.90121948719024647 0.048809524625539787 -0.90121948719024647
decision_type=2 2 2 2 2 2
left_child=4 2 -2 -3 5 -1
right_child=1 3 -4 -5 -6 -7
leaf_value=0.01349086084707633 -0.00066162312143482657 0.013496918224038201 -0.0080698656911389003 0.0013928475099829892 0.011666484327177469 -0.0027010640716287099
leaf_weight=39.94942787475884 4134.9516257997602 48.900113049894571 146.06921518035233 1266.8614072650671 94.811809765174985 121.48999656923115
leaf_count=380 78001 762 1653 17733 989 1883
internal_value=0 -0.000255133 -0.000930513 0.0019148 0.0054706 0.00141042
internal_weight=5853.03 5596.78 4281.02 1315.76 256.251 161.439
internal_count=101401 98149 79654 18495 3252 2263
is_linear=0
shrinkage=0.03


Tree=93
num_leaves=7
num_cat=0
split_feature=7 59 46 77 14 38
split_gain=8.52067 9.382 8.24311 7.24247 8.31667 7.39244
threshold=-0.54226192831993092 -0.78550893068313588 -0.03696236573159694 0.19574468582868579 0.97959184646606456 -0.9578900635242461
decision_type=2 2 2 2 2 2
left_child=1 -1 -3 4 -2 -5
right_child=3 2 -4 5 -6 -7
leaf_value=0.015465094164804778 -0.000208029625582101 -0.0065459961486592682 -0.00063544995124333004 -0.012656198343464016 -0.0099731803749951928 0.0020320702985221067
leaf_weight=19.590255236253142 2732.1204546289518 374.10387262701988 514.70296252518892 25.85398830100894 76.154817254282534 2106.5584514038637
leaf_count=191 47710 10479 11365 277 839 30540
internal_value=0 -0.00266211 -0.0031795 0.000491654 -0.000500759 0.00181076
internal_weight=5849.08 908.397 888.807 4940.69 2808.28 2132.41
internal_count=101401 22035 21844 79366 48549 30817
is_linear=0
shrinkage=0.03


Tree=94
num_leaves=7
num_cat=0
split_feature=7 80 31 37 84 7
split_gain=8.39661 23.682 21.9048 15.3729 13.985 13.2973
threshold=0.94028520584106456 0.59545454382896434 0.83503401279449474 -0.95180022716522206 0.021749408915638927 0.97959184646606456
decision_type=2 2 2 2 2 2
left_child=3 2 -2 -1 -5 -3
right_child=1 5 -4 4 -6 -7
leaf_value=0.0095062988469279339 0.01689089725299691 0.0036924527723254533 -0.001702006949736577 0.00080666864138802209 -0.0023305962909635543 -0.0076878448544233195
leaf_weight=132.31791058182716 158.91693750396371 195.07684273459017 81.917230281978846 2718.202510942705 2392.4985290188342 164.62499562464654
leaf_count=1008 987 1561 619 48291 47485 1450
internal_value=0 0.00334496 0.0105387 -0.000385954 -0.000656973 -0.00146771
internal_weight=5843.55 600.536 240.834 5243.02 5110.7 359.702
internal_count=101401 4617 1606 96784 95776 3011
is_linear=0
shrinkage=0.03


Tree=95
num_leaves=7
num_cat=0
split_feature=84 46 71 19 74 53
split_gain=7.91371 8.26672 7.98288 7.80277 5.99151 9.58108
threshold=-0.91396856307983387 0.65783974528312694 0.92708334326744091 0.97959184646606456 0.94201681017875682 0.88730159401893627
decision_type=2 2 2 2 2 2
left_child=4 2 -2 -3 5 -1
right_child=1 3 -4 -5 -6 -7
leaf_value=0.0060347233037876223 -0.00063003285533523253 0.0025112133647520411 -0.0077276723144847756 -0.0059512086844661074 0.017939768667506059 -0.0095091063521375377
leaf_weight=192.9342576675117 4117.9277432849631 1218.0804962459952 143.93762329779565 100.07310645282269 25.305277902632952 37.667650559917092
leaf_count=2801 78001 17566 1653 929 161 290
internal_value=0 -0.00023857 -0.00088555 0.00182602 0.00510686 0.00322046
internal_weight=5835.93 5580.02 4261.87 1318.15 255.907 230.602
internal_count=101401 98149 79654 18495 3252 3091
is_linear=0
shrinkage=0.03


Tree=96
num_leaves=7
num_cat=0
split_feature=72 47 70 58 81 69
split_gain=8.29247 14.0506 29.97 12.4177 10.0071 15.8882
threshold=-0.83156028389930714 0.90586933493614208 -0.90586933493614186 0.83156028389930736 -0.91578015685081471 0.91010102629661571
decision_type=2 2 2 2 2 2
left_child=1 3 -3 -1 -2 -6
right_child=4 2 -4 -5 5 -7
leaf_value=0.0030535428220733502 0.0062972811421007835 -0.0056452018692421772 0.022353048255158957 -0.0085203919145948551 -0.0002309993026054424 -0.0072688026528114225
leaf_weight=441.40010266192257 186.98394352756441 51.362263211980462 83.109207445755601 97.056644707918167 4671.2562238797545 303.66669537313282
leaf_count=5161 1718 355 516 876 89009 3766
internal_value=0 0.00311961 0.0116248 0.000852946 -0.000409311 -0.000673474
internal_weight=5834.84 672.928 134.471 538.457 5161.91 4974.92
internal_count=101401 6908 871 6037 94493 92775
is_linear=0
shrinkage=0.03


Tree=97
num_leaves=7
num_cat=0
split_feature=48 59 70 84 48 72
split_gain=8.69969 9.6092 11.8677 8.65166 8.6032 7.81589
threshold=-0.90360045433044422 -0.74734041094779957 -0.90586933493614186 0.82020202279090892 -0.79057019948959339 -0.91578015685081471
decision_type=2 2 2 2 2 2
left_child=1 2 -1 5 -5 -2
right_child=3 -3 -4 4 -6 -7
leaf_value=0 0.005650721199692425 -0.0092277385554062081 0.0092376369767616755 -0.014340723404984101 -0.002473954112984456 -0.00023548405067946615
leaf_weight=229.27459511905909 207.35004559531808 41.646691108122468 258.33056889288127 60.866671038791537 435.79320951644331 4599.809941037558
leaf_count=1669 2122 425 1852 715 9331 85287
internal_value=0 0.00364904 0.00489225 -0.00036722 -0.00411649 1.77824e-05
internal_weight=5833.07 529.252 487.605 5303.82 496.66 4807.16
internal_count=101401 3946 3521 97455 10046 87409
is_linear=0
shrinkage=0.03


Tree=98
num_leaves=7
num_cat=0
split_feature=7 37 7 7 80 75
split_gain=8.10103 7.24431 12.8194 9.32342 5.5993 6.1468
threshold=-0.83503401279449452 -0.95180022716522206 0.83156028389930736 0.94028520584106456 -0.91578015685081471 -0.81606763601303089
decision_type=2 2 2 2 2 2
left_child=4 2 -2 -3 -1 -6
right_child=1 3 -4 -5 5 -7
leaf_value=0.0078979129139118871 0.015792670464063893 -0.00038855016158676083 0 0.0037873269425933299 0.0011204650573140567 -0.0096424912265827712
leaf_weight=20.144548832438886 68.641718147322536 4855.488142807968 132.28004053235054 528.97682890109718 58.346081013791263 166.04020060040057
leaf_count=451 539 89075 996 4090 1510 4740
internal_value=0 0.000236064 0.00575891 1.92601e-05 -0.00528867 -0.00674965
internal_weight=5829.92 5585.39 200.922 5384.46 244.531 224.386
internal_count=101401 94700 1535 93165 6701 6250
is_linear=0
shrinkage=0.03


Tree=99
num_leaves=7
num_cat=0
split_feature=50 47 58 59 73 69
split_gain=7.64919 13.452 22.4085 11.3249 9.33566 10.7938
threshold=-0.59591838717460621 0.90360045433044445 0.829179346561432 -0.90586933493614186 -0.60434782505035389 0.91010102629661571
decision_type=2 2 2 2 2 2
left_child=1 2 -1 -3 -2 -6
right_child=4 3 -4 -5 5 -7
leaf_value=0.0023587954319702078 -0.0046963193208456808 -0.00016231090254183731 -0.0082776030529760902 0.012813783764268671 0.00024756221407757273 -0.0062804655751866846
leaf_weight=1048.3093978026882 452.61167159304023 88.420172579586506 209.17792685702443 159.62446986883879 3626.85394596681 237.97243644855917
leaf_count=14677 13341 695 2398 1362 66119 2809
internal_value=0 0.00183774 0.000539935 0.00815785 -0.000642221 -0.000154237
internal_weight=5822.97 1505.53 1257.49 248.045 4317.44 3864.83
internal_count=101401 19132 17075 2057 82269 68928
is_linear=0
shrinkage=0.03


Tree=100
num_leaves=7
num_cat=0
split_feature=84 46 74 71 80 70
split_gain=8.38076 8.14734 7.72653 7.31705 6.66361 9.51636
threshold=-0.91396856307983387 0.65783974528312694 -0.90121948719024647 0.92708334326744091 1.0000000180025095e-35 0.73508772253990184
decision_type=2 2 2 2 2 2
left_child=4 3 -3 -2 5 -1
right_child=1 2 -4 -5 -6 -7
leaf_value=-0.0030330716378820029 -0.00064953837857704988 0.012834154586713088 0.0012890291413326475 -0.0075469778379590622 0.010422333581302739 0.015760953206421395
leaf_weight=115.40391985047609 4102.496944706887 50.398816552013159 1270.9027060810477 139.53728142566979 116.11856822948903 25.199917169287801
leaf_count=1836 78001 762 17733 1653 1133 283
internal_value=0 -0.000246595 0.00179874 -0.000892104 0.00524649 0.000554833
internal_weight=5820.06 5563.34 1321.3 4242.03 256.722 140.604
internal_count=101401 98149 18495 79654 3252 2119
is_linear=0
shrinkage=0.03


Tree=101
num_leaves=7
num_cat=0
split_feature=48 77 77 70 53 28
split_gain=8.01563 8.82125 8.51118 7.10488 15.3995 7.50381
threshold=-0.90360045433044422 0.91578015685081493 -0.79326924681663502 -0.95293465256690968 0.94804319739341747 -0.4946808516979217
decision_type=2 2 2 2 2 2
left_child=1 2 -1 5 -5 -2
right_child=3 -3 -4 4 -6 -7
leaf_value=-0.0066922138714322526 0.016116312729844411 -0.0072767149153963239 0.0061999928958686385 -0.00018615717871713609 -0.0091525022925549974 -0.00097468386830584417
leaf_weight=45.235242048278451 43.002045370638371 54.466810589656234 430.78551364503801 5030.9308069273829 173.91687468066812 37.642677567899227
leaf_count=365 326 447 3134 95233 1579 317
internal_value=0 0.00349767 0.00485568 -0.000354024 -0.000500017 0.00819727
internal_weight=5815.98 530.488 476.021 5285.49 5204.85 80.6447
internal_count=101401 3946 3499 97455 96812 643
is_linear=0
shrinkage=0.03


Tree=102
num_leaves=7
num_cat=0
split_feature=7 73 45 70 38 7
split_gain=7.75213 10.0066 7.69978 7.11279 14.2935 13.1553
threshold=0.46998800337314611 -0.88471761345863331 -0.3133928626775741 -0.80720093846321095 -0.87367022037506092 0.88403362035751354
decision_type=2 2 2 2 2 2
left_child=1 -1 -3 5 -5 -2
right_child=3 2 -4 4 -6 -7
leaf_value=-0.0097827739332585536 0.0077346031763620825 -0.0028016578112937253 0.00033405410653102198 -0.0080738710388058663 0.001127075439379227 -2.4044021198018532e-05
leaf_weight=106.36302469763905 367.59277222305536 1002.0547572858632 2303.9320749472827 164.24148006923497 1471.2780121620744 400.34677975066006
leaf_count=3071 2908 23082 47374 1917 19982 3067
internal_value=0 -0.00091871 -0.000610125 0.00130355 0.000163023 0.00367702
internal_weight=5815.81 3412.35 3305.99 2403.46 1635.52 767.94
internal_count=101401 73527 70456 27874 21899 5975
is_linear=0
shrinkage=0.03


Tree=103
num_leaves=7
num_cat=0
split_feature=74 69 7 7 7 59
split_gain=7.65531 23.1377 18.7924 14.9894 16.2694 11.9527
threshold=0.83156028389930736 0.87367022037506115 0.89331436157226574 0.35214626789093023 0.88403362035751354 -0.74413529038429249
decision_type=2 2 2 2 2 2
left_child=1 2 -1 5 -5 -2
right_child=3 -3 -4 4 -6 -7
leaf_value=-0.00051467956196374017 -0.026320560590530454 -0.0097596786812540748 0.0078185074713846055 0.0071450031402627099 -0.00044113980011717705 0
leaf_weight=4273.6221146965399 23.276420971378684 226.75572634860873 253.22266483679414 481.43294092826545 517.80605305731297 33.705500969663262
leaf_count=87020 297 3273 1911 4227 4152 521
internal_value=0 -0.00051382 -3.3806e-05 0.00230401 0.00320136 -0.0119369
internal_weight=5809.82 4753.6 4526.84 1056.22 999.239 56.9819
internal_count=101401 92204 88931 9197 8379 818
is_linear=0
shrinkage=0.03


Tree=104
num_leaves=7
num_cat=0
split_feature=61 35 79 83 69 80
split_gain=8.02559 12.0234 11.0862 9.22167 9.21064 5.67534
threshold=-0.56949809193611134 -0.67006802558898915 0.79057019948959362 -0.95180022716522206 0.91010102629661571 -1.0000000180025095e-35
decision_type=2 2 2 2 2 2
left_child=2 5 3 -1 -3 -2
right_child=1 4 -4 -5 -6 -7
leaf_value=0.012553196410408507 -0.0018127072309707419 0.0001709048921450363 0.0095866297707180026 0.00044989752916468683 -0.0060153193402802266 -0.0097292238617868228
leaf_weight=54.606723390519619 173.55275223217905 3685.3286156868562 146.3221333194524 1345.5185678610578 224.79105035588145 176.03025331441313
leaf_count=630 4845 69715 1339 18505 2680 3687
internal_value=0 -0.00067215 0.00184764 0.000986282 -0.000184304 -0.00596461
internal_weight=5806.15 4259.7 1546.45 1400.13 3910.12 349.583
internal_count=101401 80927 20474 19135 72395 8532
is_linear=0
shrinkage=0.03


Tree=105
num_leaves=7
num_cat=0
split_feature=7 84 46 84 24 51
split_gain=7.50845 7.70273 10.6443 7.3556 7.53695 6.06129
threshold=-0.65465840697288502 -0.28388279676437372 -0.022739018313586708 -0.9420168101787566 -0.81606763601303089 0.097619049251079573
decision_type=2 2 2 2 2 2
left_child=1 2 -1 5 -5 -2
right_child=3 -3 -4 4 -6 -7
leaf_value=-0.0047195468978442536 0.010078901271319666 -0.0056216317186005395 0.0069135890235084516 -0.0036492454579195176 0.00052786213272563141 -0.0009960116470952437
leaf_weight=140.64239200856537 119.6225401237607 397.56240403652191 131.40014744270593 419.502979259938 4533.8436637930572 60.67941658757627
leaf_count=3812 1418 10564 2553 6944 75549 561
internal_value=0 -0.00297568 0.00081449 0.000390649 0.000164726 0.00626351
internal_weight=5803.25 669.605 272.043 5133.65 4953.35 180.302
internal_count=101401 16929 6365 84472 82493 1979
is_linear=0
shrinkage=0.03


Tree=106
num_leaves=7
num_cat=0
split_feature=72 79 84 69 30 42
split_gain=7.25821 10.2499 17.1846 10.3717 9.81592 15.3618
threshold=-0.78550893068313588 0.10874704644083978 -0.76943522691726673 0.90586933493614208 0.7855089306831361 0.95875850319862377
decision_type=2 2 2 2 2 2
left_child=4 3 -3 -2 -1 -6
right_child=1 2 -4 -5 5 -7
leaf_value=-0.00041221518370755417 -0.0013975668179116113 0.0079155348433919397 0 -0.010232930104566804 0.0097915134796089532 -0.0031499282184887126
leaf_weight=440.14530651364475 2170.2835105275735 270.54445840418339 2407.5719716018066 123.42556623183191 277.08515097945929 109.56689142808318
leaf_count=6486 47956 3444 39020 1674 2066 755
internal_value=0 -0.000433543 0.000818677 -0.00190728 0.00259398 0.00605426
internal_weight=5798.62 4971.83 2678.12 2293.71 826.797 386.652
internal_count=101401 92094 42464 49630 9307 2821
is_linear=0
shrinkage=0.03


Tree=107
num_leaves=7
num_cat=0
split_feature=48 59 65 84 74 7
split_gain=6.977 9.88213 9.84313 8.91661 9.5955 7.80436
threshold=-0.90360045433044422 -0.74734041094779957 0.87367022037506115 0.82020202279090892 0.97916665673255932 0.89331436157226574
decision_type=2 2 2 2 2 2
left_child=1 2 -1 5 -5 -2
right_child=3 -3 -4 4 -6 -7
leaf_value=0.0063253610624499565 -0.00035647115892185004 -0.0099020970900194957 -0.0052684919044116065 -0.0029490699554758121 -0.020131935794595702 0.0035402784364583929
leaf_weight=415.64383833669126 4261.7888447092846 40.944405235350132 71.384916303679347 460.86057285033166 27.492908451706171 513.50240359641612
leaf_count=2942 83336 425 579 9748 298 4073
internal_value=0 0.00327098 0.00452878 -0.000330891 -0.00417145 5.95478e-05
internal_weight=5791.62 527.973 487.029 5263.64 488.353 4775.29
internal_count=101401 3946 3521 97455 10046 87409
is_linear=0
shrinkage=0.03


Tree=108
num_leaves=7
num_cat=0
split_feature=77 48 42 61 50 49
split_gain=7.17402 7.77345 11.0309 9.41393 6.778 9.59679
threshold=0.19098278135061267 -0.87095281481742848 0.943650782108307 0.021749408915638927 -0.58578431606292714 -0.9578900635242461
decision_type=2 2 2 2 2 2
left_child=1 3 -3 -1 5 -2
right_child=4 2 -4 -5 -6 -7
leaf_value=0.0047739433399419853 -0.011626150176772234 -0.0011814855105119276 -0.014262919777346672 -0.0098475311407107552 0.00030594044405994695 0.0048585166702363337
leaf_weight=337.79949176497757 27.963787037879229 2833.2975290911272 54.823423683643341 38.989315694198012 1915.6698182011023 577.27158739604056
leaf_count=2708 283 57753 522 353 33107 6675
internal_value=0 -0.000927654 -0.00146439 0.00307322 0.00120089 0.00395869
internal_weight=5785.81 3264.91 2888.12 376.789 2520.91 605.235
internal_count=101401 61336 58275 3061 40065 6958
is_linear=0
shrinkage=0.03


Tree=109
num_leaves=7
num_cat=0
split_feature=52 79 59 58 53 15
split_gain=6.81401 15.3647 16.4845 12.2649 11.5465 11.3355
threshold=0.79326924681663524 -0.48198758065700525 -0.90586933493614186 0.89331436157226574 0.86515152454376232 0.50531914830207836
decision_type=2 2 2 2 2 2
left_child=3 2 -2 4 -1 -3
right_child=1 5 -4 -5 -6 -7
leaf_value=-6.5216575248281091e-05 -0.0011993960380736071 -0.0037975178072898207 0.014114217524686126 -0.012752616066830305 -0.0093891839174727355 0.0028397120543424857
leaf_weight=4379.32779409457 95.091964114457369 376.41721026785672 162.26981125026941 67.868370358832181 118.12680387869477 582.68619289435446
leaf_count=87880 687 3753 1296 1320 1116 5349
internal_value=0 0.00199044 0.00842666 -0.000531965 -0.000326931 0.000197511
internal_weight=5781.79 1216.47 257.362 4565.32 4497.45 959.103
internal_count=101401 11085 1983 90316 88996 9102
is_linear=0
shrinkage=0.03


Tree=110
num_leaves=7
num_cat=0
split_feature=84 1 7 61 72 69
split_gain=7.04898 7.53377 7.01025 10.0906 6.95921 5.8119
threshold=-0.91396856307983387 -0.093073595315217958 0.86515152454376232 -0.91396856307983387 0.43167701363563543 0.9139685630798341
decision_type=2 2 2 2 2 2
left_child=2 4 3 -1 -2 -3
right_child=1 5 -4 -5 -6 -7
leaf_value=-0.014872682197291272 -0.0032021766724667916 0.00097700333021231555 0.015085091204533572 0.0046714010950480878 0.00075518085105045791 -0.0025383237509388362
leaf_weight=21.748638279736042 1161.3296766532585 3297.3737945267931 44.782468751072884 187.72035167180002 589.80681881960481 477.30511213093996
leaf_count=223 30279 50142 294 2735 12578 5150
internal_value=0 -0.000226625 0.00483478 0.00220288 -0.00185385 0.000521786
internal_weight=5780.07 5525.82 254.251 209.469 1751.14 3774.68
internal_count=101401 98149 3252 2958 42857 55292
is_linear=0
shrinkage=0.03


Tree=111
num_leaves=7
num_cat=0
split_feature=78 64 73 69 13 7
split_gain=6.42876 13.5663 13.7917 12.9105 16.3021 15.5601
threshold=-0.063164893537759767 0.95505049824714672 -0.33712121844291681 0.96917518973350536 0.94804319739341747 0.94028520584106456
decision_type=2 2 2 2 2 2
left_child=1 -1 -3 5 -5 -2
right_child=3 2 -4 4 -6 -7
leaf_value=-0.0020115771407981844 0.00048424928150041263 0.021146546975785541 0.0015570234539207016 -0.015134826257290492 0.0062072697748853942 0.0073775666687920299
leaf_weight=1995.0014585424215 3144.5679470561445 39.248113218694925 139.13566376641393 91.48757490888238 42.579534308984876 322.05193639174104
leaf_count=41560 54655 293 1117 1066 417 2293
internal_value=0 -0.00128675 0.00648976 0.000777394 -0.00816141 0.00114299
internal_weight=5774.07 2173.39 178.384 3600.69 134.067 3466.62
internal_count=101401 42970 1410 58431 1483 56948
is_linear=0
shrinkage=0.03


Tree=112
num_leaves=7
num_cat=0
split_feature=80 69 7 61 70 7
split_gain=6.43276 23.6832 18.8199 16.6918 11.788 13.2643
threshold=0.78835389018058788 0.90586933493614208 0.89331436157226574 -0.74734041094779957 -0.4946808516979217 0.88403362035751354
decision_type=2 2 2 2 2 2
left_child=1 2 -1 -3 5 -2
right_child=4 3 -4 -5 -6 -7
leaf_value=-0.00070797386586461024 0.0071187184879531124 0 0.0065257550856334251 -0.025118061864593946 -0.0042431503222542704 -0.00034054368116095523
leaf_weight=4284.2335590189323 458.91458138637245 39.027490833774209 344.90673425979912 54.084612146019936 202.12219085823745 384.7015010099858
leaf_count=86332 4483 470 2457 824 3546 3289
internal_value=0 -0.000471927 -0.000156072 -0.0150609 0.00212319 0.00369987
internal_weight=5767.99 4722.25 4629.14 93.1121 1045.74 843.616
internal_count=101401 90083 88789 1294 11318 7772
is_linear=0
shrinkage=0.03


Tree=113
num_leaves=7
num_cat=0
split_feature=7 57 50 64 59 58
split_gain=6.26141 5.89427 7.78352 6.01778 5.36375 7.50251
threshold=-0.83503401279449452 -0.94365078210830677 -0.9420168101787566 0.505102038383484 0.16869919002056125 -0.18983269482851026
decision_type=2 2 2 2 2 2
left_child=4 3 -3 -2 5 -1
right_child=1 2 -4 -5 -6 -7
leaf_value=0.012441524888737059 -0.0007978214571079564 -0.0055919913913110618 0.00029089761581506174 0.012456123295881208 -0.0069529658617356093 -0.010018458277912179
leaf_weight=29.750702721066773 46.810816667042673 205.47983118519187 5206.7345722923055 65.295205228030682 191.42861004825681 15.955322878435252
leaf_count=689 1059 1937 91085 619 5599 413
internal_value=0 0.000206779 5.70551e-05 0.00686788 -0.00472196 0.00379465
internal_weight=5761.46 5524.32 5412.21 112.106 237.135 45.706
internal_count=101401 94700 93022 1678 6701 1102
is_linear=0
shrinkage=0.03


Tree=114
num_leaves=7
num_cat=0
split_feature=72 47 59 14 79 84
split_gain=6.52119 10.1664 14.9526 9.72882 8.27036 14.8285
threshold=-0.78550893068313588 0.90586933493614208 -0.90121948719024647 -0.95698428153991688 0.10874704644083978 -0.76943522691726673
decision_type=2 2 2 2 2 2
left_child=1 3 -3 -1 -2 -6
right_child=4 2 -4 -5 5 -7
leaf_value=0.01081233726962392 -0.0017421278736094157 -0.0015757759581087425 0.016961996152392092 -0.000447577010136609 0.0072881591890245042 -3.2951781600989439e-05
leaf_weight=72.623208578675985 2273.943711376749 61.08338463306427 88.98233106918633 592.32724022492766 271.81887662783265 2399.1866033701226
leaf_count=690 49630 438 655 7524 3444 39020
internal_value=0 0.00247792 0.00941533 0.000808923 -0.000410496 0.000713107
internal_weight=5759.97 815.016 150.066 664.95 4944.95 2671.01
internal_count=101401 9307 1093 8214 92094 42464
is_linear=0
shrinkage=0.03


Tree=115
num_leaves=7
num_cat=0
split_feature=46 47 50 41 84 83
split_gain=6.37653 13.1325 12.1173 12.5606 12.2874 11.2354
threshold=-0.02779922820627689 0.87627550959587108 -0.70782518386840809 0.9569842815399171 -0.66312056779861439 -0.54226192831993092
decision_type=2 2 2 2 2 2
left_child=1 5 4 -4 -2 -1
right_child=2 -3 3 -5 -6 -7
leaf_value=0.00071517954712976373 -0.0062181467585584902 0.0069387134860529904 0.00081996838993435327 -0.0072158421856050835 0.0099578494248410282 -0.0034872164579504072
leaf_weight=965.51314803957939 46.094081064686179 162.57267527654767 2817.5615133056417 181.31120095774531 218.66886369511485 1361.8205659324303
leaf_count=16593 457 1459 49004 1662 2073 30153
internal_value=0 -0.00114215 0.000871792 0.000312936 0.00696741 -0.00173316
internal_weight=5753.54 2489.91 3263.64 2998.87 264.763 2327.33
internal_count=101401 48205 53196 50666 2530 46746
is_linear=0
shrinkage=0.03


Tree=116
num_leaves=7
num_cat=0
split_feature=46 47 58 49 70 81
split_gain=5.94726 11.3738 11.0423 9.32584 11.3209 8.66518
threshold=-0.02779922820627689 0.87627550959587108 0.87367022037506115 -1.0000000180025095e-35 -0.83156028389930714 -0.82917934656143177
decision_type=2 2 2 2 2 2
left_child=1 2 -1 -2 -5 -3
right_child=3 5 -4 4 -6 -7
leaf_value=-0.001123842883774883 0.0046982232564190367 -0.0016650185461219067 -0.0099383465719766213 0.0050452934838075289 -0.00057190373895443585 0.011830047195242244
leaf_weight=2183.9020435316488 476.51035579945892 65.252746334299445 132.489009257406 366.99277451261878 2424.3954538190737 98.439329942688346
leaf_count=44877 8551 537 1869 3129 41516 922
internal_value=0 -0.00110647 -0.00166124 0.000840135 0.00016358 0.00638275
internal_weight=5747.98 2480.08 2316.39 3267.9 2791.39 163.692
internal_count=101401 48205 46746 53196 44645 1459
is_linear=0
shrinkage=0.03


Tree=117
num_leaves=7
num_cat=0
split_feature=57 46 47 50 64 81
split_gain=5.94847 7.95152 12.1935 10.1549 5.83203 4.40403
threshold=-0.94365078210830677 -0.084523811936378465 0.91751700639724743 -0.71130952239036549 0.505102038383484 -0.78550893068313588
decision_type=2 2 2 2 2 2
left_child=4 2 -2 -3 -1 -6
right_child=1 3 -4 -5 5 -7
leaf_value=-0.00059826399350126121 -0.0020218641422935636 0.0062375265423533595 0.0088450052665742119 0.00026232920896619011 0.0023930976179868751 0.01918602545909787
leaf_weight=50.463216627016664 2127.5242769829929 275.30031943134964 91.417449794709682 3135.9178110612556 31.956005027517676 33.635858142748475
leaf_count=1198 42683 2588 812 53501 281 338
internal_value=0 -0.000141349 -0.00154179 0.000761759 0.00657987 0.0121786
internal_weight=5746.21 5630.16 2218.94 3411.22 116.055 65.5919
internal_count=101401 99584 43495 56089 1817 619
is_linear=0
shrinkage=0.03


Tree=118
num_leaves=7
num_cat=0
split_feature=55 50 72 58 48 49
split_gain=5.80498 11.9509 12.5856 10.8826 6.33228 7.30734
threshold=0.021749408915638927 -0.59591838717460621 0.36992481350898748 0.37638889253139501 -0.18274582922458646 -0.66312056779861439
decision_type=2 2 2 2 2 2
left_child=4 3 -3 -2 5 -1
right_child=1 2 -4 -5 -6 -7
leaf_value=-0.0028816073941397022 -0.00021045573895560842 -0.0022299087619599756 0.002142588831356592 0.0073600932340880934 -0.0025981644031704849 0.0017182750248345823
leaf_weight=439.77485404163599 273.3284212667495 1224.5490379631519 1137.0438042506576 418.73908643145114 1230.7307552285492 1017.5176509022713
leaf_count=5845 4117 23594 18673 4040 30178 14954
internal_value=0 0.000894291 -0.000111913 0.00434704 -0.00101571 0.000304522
internal_weight=5741.68 3053.66 2361.59 692.068 2688.02 1457.29
internal_count=101401 50424 42267 8157 50977 20799
is_linear=0
shrinkage=0.03


Tree=119
num_leaves=7
num_cat=0
split_feature=84 59 49 19 41 50
split_gain=6.05825 8.61185 8.5142 8.05369 11.5703 6.28184
threshold=-1.0000000180025095e-35 -0.95698428153991688 -0.66312056779861439 0.943650782108307 0.82732918858528148 -0.87367022037506092
decision_type=2 2 2 2 2 2
left_child=3 -2 -3 4 -1 -5
right_child=1 2 -4 5 -6 -7
leaf_value=0.00060988080810910831 0.0096731741118360765 -0.006256167540946188 -0.0006740478001598198 -0.013789898792351802 0.0065545121081116084 -0.00082397207441701917
leaf_weight=2374.4685471300036 61.246291823685169 270.401392175816 2540.8001460349187 50.195376869291067 334.6707821264863 102.15613591484725
leaf_count=44421 451 4651 48070 399 2528 881
internal_value=0 -0.000972437 -0.00123178 0.000976154 0.00136602 -0.00558897
internal_weight=5733.94 2872.45 2811.2 2861.49 2709.14 152.352
internal_count=101401 53172 52721 48229 46949 1280
is_linear=0
shrinkage=0.03


end of trees

feature_importances:
x_pb=88
x_price_amount_corr_40=69
x_downside_vol_20=34
x_high_position_120=32
x_min_return_60=30
x_efficiency_120=30
x_min_return_20=27
x_max_return_60=26
x_max_return_40=23
x_min_return_120=21
x_price_amount_corr_20=21
x_volatility_20=20
x_min_return_40=20
x_high_position_60=19
x_low_position_20=18
x_max_return_120=16
x_efficiency_10=15
x_efficiency_20=15
x_high_position_40=14
x_downside_vol_40=14
x_volatility_120=14
x_max_return_20=13
x_low_position_120=11
x_downside_vol_60=10
x_volatility_40=9
x_amplitude_1=8
x_return_60=8
x_ma_ratio_40=7
x_return_40=6
x_ma_ratio_60=6
x_volume_ratio_120=6
x_pe=5
x_turnover_ratio_20=5
x_volume_ratio_40=5
x_volatility_60=5
x_price_amount_corr_10=5
x_downside_vol_10=4
x_efficiency_40=4
x_amount_ratio_60=4
x_turnover_ratio_120=4
x_return_120=3
x_min_return_10=3
x_ma_ratio_20=3
x_ma_ratio_120=3
x_volatility_5=2
x_low_position_10=2
x_volatility_10=2
x_low_position_40=2
x_efficiency_60=2
x_downside_vol_120=2
x_return_20=1
x_efficiency_5=1
x_high_position_10=1
x_amount_ratio_20=1
x_amount_ratio_120=1

parameters:
[boosting: gbdt]
[objective: lambdarank]
[metric: ndcg]
[tree_learner: serial]
[device_type: cpu]
[data_sample_strategy: bagging]
[data: ]
[valid: ]
[num_iterations: 120]
[learning_rate: 0.03]
[num_leaves: 7]
[num_threads: 1]
[seed: 20260827]
[deterministic: 1]
[force_col_wise: 1]
[force_row_wise: 0]
[histogram_pool_size: -1]
[max_depth: 3]
[min_data_in_leaf: 300]
[min_sum_hessian_in_leaf: 0.001]
[bagging_fraction: 1]
[pos_bagging_fraction: 1]
[neg_bagging_fraction: 1]
[bagging_freq: 0]
[bagging_seed: 4042]
[bagging_by_query: 0]
[feature_fraction: 0.7]
[feature_fraction_bynode: 1]
[feature_fraction_seed: 18928]
[extra_trees: 0]
[extra_seed: 2987]
[early_stopping_round: 0]
[early_stopping_min_delta: 0]
[first_metric_only: 0]
[max_delta_step: 0]
[lambda_l1: 1]
[lambda_l2: 5]
[linear_lambda: 0]
[min_gain_to_split: 0]
[drop_rate: 0.1]
[max_drop: 50]
[skip_drop: 0.5]
[xgboost_dart_mode: 0]
[uniform_drop: 0]
[drop_seed: 32588]
[top_rate: 0.2]
[other_rate: 0.1]
[min_data_per_group: 100]
[max_cat_threshold: 32]
[cat_l2: 10]
[cat_smooth: 10]
[max_cat_to_onehot: 4]
[top_k: 20]
[monotone_constraints: ]
[monotone_constraints_method: basic]
[monotone_penalty: 0]
[feature_contri: ]
[forcedsplits_filename: ]
[refit_decay_rate: 0.9]
[cegb_tradeoff: 1]
[cegb_penalty_split: 0]
[cegb_penalty_feature_lazy: ]
[cegb_penalty_feature_coupled: ]
[path_smooth: 0]
[interaction_constraints: ]
[verbosity: -1]
[saved_feature_importance_type: 0]
[use_quantized_grad: 0]
[num_grad_quant_bins: 4]
[quant_train_renew_leaf: 0]
[stochastic_rounding: 1]
[linear_tree: 0]
[max_bin: 255]
[max_bin_by_feature: ]
[min_data_in_bin: 3]
[bin_construct_sample_cnt: 200000]
[data_random_seed: 4782]
[is_enable_sparse: 1]
[enable_bundle: 1]
[use_missing: 1]
[zero_as_missing: 0]
[feature_pre_filter: 1]
[pre_partition: 0]
[two_round: 0]
[header: 0]
[label_column: ]
[weight_column: ]
[group_column: ]
[ignore_column: ]
[categorical_feature: ]
[forcedbins_filename: ]
[precise_float_parser: 0]
[parser_config_file: ]
[objective_seed: 30075]
[num_class: 1]
[is_unbalance: 0]
[scale_pos_weight: 1]
[sigmoid: 1]
[boost_from_average: 1]
[reg_sqrt: 0]
[alpha: 0.9]
[fair_c: 1]
[poisson_max_delta_step: 0.7]
[tweedie_variance_power: 1.5]
[lambdarank_truncation_level: 30]
[lambdarank_norm: 1]
[label_gain: ]
[lambdarank_position_bias_regularization: 0]
[eval_at: 5]
[multi_error_top_k: 1]
[auc_mu_weights: ]
[num_machines: 1]
[local_listen_port: 12400]
[time_out: 120]
[machine_list_filename: ]
[machines: ]
[gpu_platform_id: -1]
[gpu_device_id: -1]
[gpu_use_dp: 0]
[num_gpu: 1]

end of parameters

pandas_categorical:null
