tree
version=v4
num_class=1
num_tree_per_iteration=1
label_index=0
max_feature_idx=99
objective=lambdarank
feature_names=x_gap_1 x_amplitude_1 x_close_location_1 x_intraday_return x_volume_change_1 x_amount_change_1 x_pe x_pb x_return_2 x_return_3 x_return_5 x_return_10 x_return_20 x_return_40 x_return_60 x_return_120 x_ma_ratio_5 x_high_position_5 x_low_position_5 x_volatility_5 x_downside_vol_5 x_amount_ratio_5 x_volume_ratio_5 x_turnover_ratio_5 x_efficiency_5 x_max_return_5 x_min_return_5 x_ma_ratio_10 x_high_position_10 x_low_position_10 x_volatility_10 x_downside_vol_10 x_amount_ratio_10 x_volume_ratio_10 x_turnover_ratio_10 x_efficiency_10 x_max_return_10 x_min_return_10 x_ma_ratio_20 x_high_position_20 x_low_position_20 x_volatility_20 x_downside_vol_20 x_amount_ratio_20 x_volume_ratio_20 x_turnover_ratio_20 x_efficiency_20 x_max_return_20 x_min_return_20 x_ma_ratio_40 x_high_position_40 x_low_position_40 x_volatility_40 x_downside_vol_40 x_amount_ratio_40 x_volume_ratio_40 x_turnover_ratio_40 x_efficiency_40 x_max_return_40 x_min_return_40 x_ma_ratio_60 x_high_position_60 x_low_position_60 x_volatility_60 x_downside_vol_60 x_amount_ratio_60 x_volume_ratio_60 x_turnover_ratio_60 x_efficiency_60 x_max_return_60 x_min_return_60 x_ma_ratio_120 x_high_position_120 x_low_position_120 x_volatility_120 x_downside_vol_120 x_amount_ratio_120 x_volume_ratio_120 x_turnover_ratio_120 x_efficiency_120 x_max_return_120 x_min_return_120 x_price_amount_corr_10 x_price_amount_corr_20 x_price_amount_corr_40 x_residual_vol_20 x_residual_vol_60 x_residual_downside_vol_20 x_residual_downside_vol_60 x_downside_deviation_20 x_downside_deviation_60 x_expected_shortfall_20 x_expected_shortfall_60 x_kyle_lambda_20 x_kyle_lambda_60 x_impact_shock_frequency_20 x_impact_shock_frequency_60 x_market_corr_60 x_market_down_beta_60 x_market_up_beta_60
feature_infos=[-0.95918369293212891:1] [-0.95918369293212891:1] [-0.95918369293212891:1] [-0.95918369293212891:1] [-0.95918369293212891:1] [-0.95918369293212891:1] [-0.95918369293212891:1] [-0.95918369293212891:1] [-0.95918369293212891:1] [-0.95918369293212891:1] [-0.95918369293212891:1] [-0.95918369293212891:1] [-0.95918369293212891:1] [-0.95918369293212891:1] [-0.95918369293212891:1] [-0.95833331346511841:1] [-0.95918369293212891:1] [-0.95918369293212891:1] [-0.95918369293212891:1] [-0.95918369293212891:1] [-0.95918369293212891:1] [-0.95918369293212891:1] [-0.95918369293212891:1] [-0.95918369293212891:1] [-0.95918369293212891:1] [-0.95918369293212891:1] [-0.95918369293212891:1] [-0.95918369293212891:1] [-0.95918369293212891:1] [-0.95918369293212891:1] [-0.95918369293212891:1] [-0.95918369293212891:1] [-0.95918369293212891:1] [-0.95918369293212891:1] [-0.95918369293212891:1] [-0.95918369293212891:1] [-0.95918369293212891:1] [-0.95918369293212891:1] [-0.95918369293212891:1] [-0.95918369293212891:1] [-0.95918369293212891:1] [-0.95918369293212891:1] [-0.95918369293212891:1] [-0.95918369293212891:1] [-0.95918369293212891:1] [-0.95918369293212891:1] [-0.95918369293212891:1] [-0.95918369293212891:1] [-0.95918369293212891:1] [-0.95918369293212891:1] [-0.95918369293212891:1] [-0.95918369293212891:1] [-0.95918369293212891:1] [-0.95918369293212891:1] [-0.95918369293212891:1] [-0.95918369293212891:1] [-0.95918369293212891:1] [-0.95918369293212891:1] [-0.95918369293212891:1] [-0.95918369293212891:1] [-0.95918369293212891:1] [-0.95918369293212891:1] [-0.95918369293212891:1] [-0.95918369293212891:1] [-0.95918369293212891:1] [-0.95918369293212891:1] [-0.95918369293212891:1] [-0.95918369293212891:1] [-0.95918369293212891:1] [-0.95918369293212891:1] [-0.95918369293212891:1] [-0.95833331346511841:1] [-0.95833331346511841:1] [-0.95833331346511841:1] [-0.95833331346511841:1] [-0.95833331346511841:1] [-0.95833331346511841:1] [-0.95833331346511841:1] [-0.95833331346511841:1] [-0.95833331346511841:1] [-0.95833331346511841:1] [-0.95833331346511841:1] [-0.95918369293212891:1] [-0.95918369293212891:1] [-0.95918369293212891:1] [-0.95918369293212891:1] [-0.95918369293212891:1] [-0.95918369293212891:1] [-0.95918369293212891:1] [-0.95918369293212891:1] [-0.95918369293212891:1] [-0.95918369293212891:1] [-0.95918369293212891:1] [-0.95918369293212891:1] [-0.95918369293212891:1] [-0.95918369293212891:1] [-0.95918369293212891:1] [-0.95918369293212891:1] [-0.95918369293212891:1] [-0.95918369293212891:1]
tree_sizes=905 906 903 903 907 900 912 902 909 905 904 918 902 904 908 917 904 910 911 905 906 911 908 913 907 909 913 903 907 905 907 886 905 909 910 905 909 905 910 908 905 912 887 909 907 909 907 909 909 907 907 913 912 905 907 910 912 900 904 903 916 909 915 900 909 907 881 908 905 907 907 906 913 902 913 908 913 907 912 914 914 901 907 917 881 911 909 908 912 919 906 916 911 909 908 911 917 910 776 897 902 914 909 913 914 918 905 907 908 912 909 915 907 906 885 913 907 914 912 910

Tree=0
num_leaves=7
num_cat=0
split_feature=7 97 91 70 74 93
split_gain=98.3328 39.4593 27.8929 13.86 9.31822 8.06322
threshold=0.73508772253990184 0.95505049824714672 0.60434782505035411 0.084523811936378493 -0.75974026322364796 -0.7176079750061034
decision_type=2 2 2 2 2 2
left_child=1 2 -1 5 -3 -2
right_child=3 4 -4 -5 -6 -7
leaf_value=-0.0024944967484349248 0.0029005487246601702 0.0030788319664361175 0.0054853568493307405 -0.00098589829796954186 -0.019282696235679131 0.015401421599938759
leaf_weight=2501.2255825768225 62.435219144448638 15.065917414613066 461.33989628311247 59.99153805244714 134.55783049669117 395.05910264281556
leaf_count=72692 1090 341 10906 1745 3033 11594
internal_value=0 -0.00201881 -0.00123459 0.0120444 -0.0168103 0.0138101
internal_weight=3629.68 3112.19 2962.57 517.486 149.624 457.494
internal_count=101401 86972 83598 14429 3374 12684
is_linear=0
shrinkage=0.03


Tree=1
num_leaves=7
num_cat=0
split_feature=85 84 69 99 29 94
split_gain=380.597 71.7219 51.6399 50.1903 43.4954 34.202
threshold=0.54226192831993114 0.78835389018058788 0.96917518973350536 -0.87095281481742848 0.14434523880481723 0.94804319739341747
decision_type=2 2 2 2 2 2
left_child=3 2 -2 -1 -5 -3
right_child=1 5 -4 4 -6 -7
leaf_value=0.006884797576358505 0.0098284372562871987 -0.004060274155262401 -0.0029712973828717433 -0.0074720757309011824 -0.0021043267224364628 0.015289438945606772
leaf_weight=308.30164072848856 3191.9834811761975 643.09457871690392 305.2455523237586 3572.3760682474822 2228.4218073152006 88.867244124412537
leaf_count=3408 17764 4336 1582 46824 26907 580
internal_value=0 0.00691354 0.00870004 -0.00478783 -0.00541877 -0.00158253
internal_weight=10338.3 4229.19 3497.23 6109.1 5800.8 731.962
internal_count=101401 24262 19346 77139 73731 4916
is_linear=0
shrinkage=0.03


Tree=2
num_leaves=7
num_cat=0
split_feature=7 87 74 7 40 98
split_gain=463.318 116.202 65.527 71.9771 56.0755 41.2666
threshold=0.73508772253990184 0.71130952239036571 0.83156028389930736 0.89331436157226574 0.19098278135061267 -0.95293465256690968
decision_type=2 2 2 2 2 2
left_child=1 4 3 -2 -1 -4
right_child=2 -3 5 -5 -6 -7
leaf_value=-0.0083811568988489942 -0.0008889053331045259 0.0061359120914600525 -0.0076170176403849866 0.012673395759508791 -0.0023001217309806129 0.014512811463716519
leaf_weight=3513.6746257254854 842.67750478349626 801.83946898207068 74.78134648501873 594.77776276692748 2263.7911450732499 1617.5901146307588
leaf_count=52225 4891 5628 362 2344 29119 6832
internal_value=0 -0.00451959 0.00949283 0.00472647 -0.00600766 0.0134977
internal_weight=9709.13 6579.31 3129.83 1437.46 5777.47 1692.37
internal_count=101401 86972 14429 7235 81344 7194
is_linear=0
shrinkage=0.03


Tree=3
num_leaves=7
num_cat=0
split_feature=7 91 40 72 50 84
split_gain=393.196 72.9442 60.5746 56.2148 53.4457 34.4919
threshold=0.73508772253990184 0.71760797500610363 0.19098278135061267 -0.80720093846321095 -0.9420168101787566 -0.12660256773233411
decision_type=2 2 2 2 2 2
left_child=1 2 -1 5 -5 -2
right_child=3 -3 -4 4 -6 -7
leaf_value=-0.008157382914414214 0.022080808162932893 0.004655854254962258 -0.0017842168608778414 -0.016597736444449607 0.0073558364974306801 0.0092120115439744115
leaf_weight=3176.0992976613343 396.96533768624067 719.3953638151288 2352.1734327375889 81.937906485050917 2119.8960196822882 395.49237119033933
leaf_count=51103 1697 6275 29594 395 10721 1616
internal_value=0 -0.00428337 -0.00545521 0.0089296 0.00641526 0.015794
internal_weight=9241.96 6247.67 5528.27 2994.29 2201.83 792.458
internal_count=101401 86972 80697 14429 11116 3313
is_linear=0
shrinkage=0.03


Tree=4
num_leaves=7
num_cat=0
split_feature=7 87 40 72 87 79
split_gain=336.88 60.9908 52.2189 46.1791 34.1267 27.1827
threshold=0.73508772253990184 0.71130952239036571 0.19098278135061267 -0.80720093846321095 0.95875850319862377 -0.25647841393947596
decision_type=2 2 2 2 2 2
left_child=1 2 -1 -2 -5 -3
right_child=3 5 -4 4 -6 -7
leaf_value=-0.0076728443911298211 0.014160913081720036 0.014180243981458915 -0.001645654320793965 0.0074905914689837464 -0.0034454368433501866 0.00068097399193378248
leaf_weight=3069.7833160609007 882.46076215431094 179.11139896884561 2264.6322795404121 1703.5153922736645 295.16392334923148 517.4424588792026
leaf_count=52225 3313 1301 29119 9717 1399 4327
internal_value=0 -0.00403098 -0.00512366 0.00843024 0.00585602 0.00427125
internal_weight=8912.11 6030.97 5334.42 2881.14 1998.68 696.554
internal_count=101401 86972 81344 14429 11116 5628
is_linear=0
shrinkage=0.03


Tree=5
num_leaves=7
num_cat=0
split_feature=7 87 35 70 72 7
split_gain=302.459 58.0848 42.5738 42.1396 50.5562 40.1936
threshold=0.73508772253990184 0.71130952239036571 0.39559109508991247 -0.80720093846321095 -0.07504690438508986 0.94028520584106456
decision_type=2 2 2 2 2 2
left_child=1 2 -1 4 -2 -5
right_child=3 -3 -4 5 -6 -7
leaf_value=-0.0068715652116911122 0.016326237632235265 0.0042664269234046256 -0.001089128976752062 0.001272310946349563 0.0019606907511384051 0.011022881880284252
leaf_weight=3452.395682473667 844.50207686796784 691.69395292922854 1737.2125486843288 1014.7918147332966 306.47886576130986 613.29941423982382
leaf_count=57228 3485 5628 24116 6682 1729 2533
internal_value=0 -0.00385349 -0.00494459 0.00814735 0.012552 0.00498621
internal_weight=8660.37 5881.3 5189.61 2779.07 1150.98 1628.09
internal_count=101401 86972 81344 14429 5214 9215
is_linear=0
shrinkage=0.03


Tree=6
num_leaves=7
num_cat=0
split_feature=85 70 97 40 35 58
split_gain=240.091 54.8228 50.971 44.1482 32.2811 28.6571
threshold=0.65465840697288524 -0.79057019948959339 -0.1058230698108673 0.16869919002056125 -0.76943522691726673 0.97937926650047313
decision_type=2 2 2 2 2 2
left_child=2 5 -1 -4 -3 -2
right_child=1 4 3 -5 -6 -7
leaf_value=-0.00010942789564600773 0.013279318022844561 -0.0077694680623587569 -0.0090353574688240082 -0.0019798591793788677 0.0046828520176945606 0.0016226525742769401
leaf_weight=2099.1121858935803 1111.2311495244503 208.44954273104668 1926.3418752970174 1387.8468885421753 1470.5754050482064 237.78352446481586
leaf_count=28720 5554 1564 35005 18460 10824 1274
internal_value=0 0.00675832 -0.00378315 -0.00609727 0.00310061 0.0112604
internal_weight=8441.34 3028.04 5413.3 3314.19 1679.02 1349.01
internal_count=101401 19216 82185 53465 12388 6828
is_linear=0
shrinkage=0.03


Tree=7
num_leaves=7
num_cat=0
split_feature=7 87 40 72 84 87
split_gain=253.063 52.3401 44.1425 39.2406 31.6819 30.6047
threshold=0.73508772253990184 0.71130952239036571 0.19098278135061267 -0.80720093846321095 0.37321428954601293 0.95875850319862377
decision_type=2 2 2 2 2 2
left_child=1 2 -1 4 -2 -5
right_child=3 -3 -4 5 -6 -7
leaf_value=-0.0071763941887630226 0.016668359617681681 0.0040502323681818964 -0.0014502182503739894 0.0067061741261766382 0.0025642947873280491 -0.0049075437879700576
leaf_weight=2764.2500432375818 602.35516631230712 702.7265652269125 2186.7494519874454 1583.7866713814437 197.21349439024925 227.60956234112382
leaf_count=52225 2390 5628 29119 9717 923 1399
internal_value=0 -0.00356711 -0.00465733 0.00771619 0.0132644 0.00522085
internal_weight=8264.69 5653.73 4951 2610.96 799.569 1811.4
internal_count=101401 86972 81344 14429 3313 11116
is_linear=0
shrinkage=0.03


Tree=8
num_leaves=7
num_cat=0
split_feature=85 72 97 1 48 86
split_gain=196.367 65.9817 61.4169 33.9237 33.5422 32.317
threshold=0.71130952239036571 -0.80720093846321095 -0.14589665830135343 -0.093073595315217958 -0.90360045433044422 0.97959184646606456
decision_type=2 2 2 2 2 2
left_child=2 5 -1 -4 -3 -2
right_child=1 4 3 -5 -6 -7
leaf_value=0.00073767016579716729 0.016915186262393935 0.011640011859078127 -0.0090116323308015271 -0.0029187342568603716 0.0013791826825838289 0.0023461639367635383
leaf_weight=2144.3097650762647 643.69504516944289 357.69667158275843 1547.6612771693617 1806.868312984705 1424.0210339985788 182.29333664104342
leaf_count=28701 2863 2276 29166 27668 9992 735
internal_value=0 0.00677263 -0.00321501 -0.00574794 0.00348274 0.0137694
internal_weight=8106.55 2607.71 5498.84 3354.53 1781.72 825.988
internal_count=101401 15866 85535 56834 12268 3598
is_linear=0
shrinkage=0.03


Tree=9
num_leaves=7
num_cat=0
split_feature=7 91 70 35 70 73
split_gain=210.702 53.3032 39.8263 39.345 32.8705 31.5412
threshold=0.73508772253990184 0.71760797500610363 0.065248228609561934 0.39559109508991247 0.75255101919174205 -0.58236432075500477
decision_type=2 2 2 2 2 2
left_child=1 3 5 -1 -4 -2
right_child=2 -3 4 -5 -6 -7
leaf_value=-0.0064867460608593139 0.020341163173973636 0.0043888507444799288 -0.012125258860832318 -0.00081901550257283576 0.013812086084835039 0.0072933754403166238
leaf_weight=3031.8264787392691 182.04896407201886 702.56591089814901 155.87803014367819 1753.4360229130834 55.022071238607168 2095.6420652791858
leaf_count=56028 870 6275 1386 24669 437 11736
internal_value=0 -0.00328317 0.0072321 -0.00441924 -0.00505631 0.00839166
internal_weight=7976.42 5487.83 2488.59 4785.26 210.9 2277.69
internal_count=101401 86972 14429 80697 1823 12606
is_linear=0
shrinkage=0.03


Tree=10
num_leaves=7
num_cat=0
split_feature=7 91 72 73 55 59
split_gain=204.958 41.3594 32.7966 32.3844 24.0811 16.8545
threshold=0.73508772253990184 0.71760797500610363 0.37638889253139501 -0.58236432075500477 -0.74734041094779957 -0.87095281481742848
decision_type=2 2 2 2 2 2
left_child=1 2 -1 5 -5 -2
right_child=3 -3 -4 4 -6 -7
leaf_value=-0.0061769079394540637 0.03000857579938036 0.0035768703571764089 -0.00094456069316974393 -0.0013952553469540152 0.0073203367597969322 0.011188429568929872
leaf_weight=2994.6690368335694 72.661079749464989 682.5054899379611 1709.298262545839 326.35857297480106 1931.6317958720028 139.24320496246219
leaf_count=53899 250 6275 26798 2006 11359 814
internal_value=0 -0.00328089 -0.004285 0.0071473 0.00604707 0.0183231
internal_weight=7856.37 5386.47 4703.97 2469.89 2257.99 211.904
internal_count=101401 86972 80697 14429 13365 1064
is_linear=0
shrinkage=0.03


Tree=11
num_leaves=7
num_cat=0
split_feature=87 97 79 73 73 97
split_gain=150.172 54.3681 36.611 33.2421 27.7082 26.6419
threshold=0.71130952239036571 -0.13961039483547208 -0.44562648236751551 0.097619049251079573 -0.14589665830135343 -0.87165409326553334
decision_type=2 2 2 2 2 2
left_child=1 5 -2 -4 -3 -1
right_child=2 4 3 -5 -6 -7
leaf_value=0.0093707024351752568 0.012752182289240833 -0.0088450150796311241 -0.003606285830108003 0.0060349639123475022 -0.0030338882693395344 -0.00050394036604437225
leaf_weight=277.48134994506836 564.98674883320928 1263.4670858783647 398.57305368408561 1543.2778148762882 1844.3776560984552 1867.4610021971166
leaf_count=3020 3009 26595 2644 10213 29458 26462
internal_value=0 -0.00288277 0.00603422 0.00403647 -0.0054164 0.000778365
internal_weight=7759.62 5252.79 2506.84 1941.85 3107.84 2144.94
internal_count=101401 85535 15866 12857 56053 29482
is_linear=0
shrinkage=0.03


Tree=12
num_leaves=7
num_cat=0
split_feature=87 40 61 35 86 84
split_gain=146.627 44.6589 38.8022 38.6625 33.1643 29.1756
threshold=0.71130952239036571 0.16869919002056125 -0.56949809193611134 -0.72850123047828663 0.97959184646606456 0.88730159401893627
decision_type=2 2 2 2 2 2
left_child=1 -1 4 -4 -2 -3
right_child=2 5 3 -5 -6 -7
leaf_value=-0.0055055455472955957 0.012171185407820131 0.0010778605359029433 -0.016786318361057817 0.0036748968575381156 -0.00019775528776452546 -0.010905523856695571
leaf_weight=2748.449684523046 986.13343811407685 2211.502125993371 83.93340539932251 1206.0646542422473 236.80148609355092 194.2533472776413
leaf_count=53580 5629 29290 658 8253 1326 2665
internal_value=0 -0.0028964 0.00593468 0.00226075 0.00976066 7.72032e-05
internal_weight=7667.14 5154.21 2512.93 1290 1222.93 2405.76
internal_count=101401 85535 15866 8911 6955 31955
is_linear=0
shrinkage=0.03


Tree=13
num_leaves=7
num_cat=0
split_feature=7 91 72 84 72 15
split_gain=170.072 41.9778 32.4474 29.0684 22.6276 17.6256
threshold=0.73508772253990184 0.71760797500610363 0.37638889253139501 -0.9420168101787566 -0.80720093846321095 -0.9420168101787566
decision_type=2 2 2 2 2 2
left_child=1 2 -1 -2 -5 -3
right_child=3 5 -4 4 -6 -7
leaf_value=-0.0060444060916616501 0.023037156100469712 0.019402442269375111 -0.0007596424021597025 0.010522705821634067 0.0039350229441123142 0.0022648731139221969
leaf_weight=2838.3498427188024 90.389094766229391 55.17902110144496 1678.3865543138236 682.67716955393553 1600.8985402658582 637.22022797167301
leaf_count=53899 466 300 26798 3135 10828 5975
internal_value=0 -0.00303271 -0.00409027 0.00664699 0.00593621 0.00380294
internal_weight=7583.1 5209.14 4516.74 2373.96 2283.58 692.399
internal_count=101401 86972 80697 14429 13963 6275
is_linear=0
shrinkage=0.03


Tree=14
num_leaves=7
num_cat=0
split_feature=7 42 40 59 74 7
split_gain=158.229 33.3591 32.2106 23.9332 21.7853 48.0311
threshold=0.73508772253990184 0.83503401279449474 0.19098278135061267 -0.81606763601303089 0.83156028389930736 0.88730159401893627
decision_type=2 2 2 2 2 2
left_child=1 2 -1 -3 5 -2
right_child=4 3 -4 -5 -6 -7
leaf_value=-0.0059275888054057969 -0.0029078632032837281 -0.0021738535174176143 -0.00097321301774391832 0.012689966996738538 0.0089616931283075536 0.010213499402157076
leaf_weight=2543.5413922537118 546.03436120226979 180.49772065132856 2236.2917592003942 196.9373725540936 1342.6589417122304 453.57471849396825
leaf_count=52802 4729 1245 31226 1699 7194 2506
internal_value=0 -0.00293643 -0.00361934 0.00556783 0.00645799 0.00303732
internal_weight=7499.54 5157.27 4779.83 377.435 2342.27 999.609
internal_count=101401 86972 84028 2944 14429 7235
is_linear=0
shrinkage=0.03


Tree=15
num_leaves=7
num_cat=0
split_feature=85 97 79 48 83 1
split_gain=123.202 44.9756 40.9005 37.3897 33.6301 28.315
threshold=0.71130952239036571 -0.14589665830135343 -0.48886689543724055 -0.90360045433044422 -0.55328798294067372 -0.093073595315217958
decision_type=2 2 2 2 2 2
left_child=1 4 -2 -4 -1 -3
right_child=2 5 3 -5 -6 -7
leaf_value=0.0071245061217171451 0.013200389116138139 -0.0082071842715630804 0.010536911593648434 0.00097517180153589152 -0.0015627135323530003 -0.0023189387369783685
leaf_weight=545.1376413423568 500.65802446752787 1355.4066555798054 499.94858552142978 1394.3162006828934 1467.0157902501523 1652.6836513066664
leaf_count=7458 2651 29166 2870 10345 21243 27668
internal_value=0 -0.00267053 0.00559187 0.00353567 0.000787803 -0.00499128
internal_weight=7415.17 5020.24 2394.92 1894.26 2012.15 3008.09
internal_count=101401 85535 15866 13215 28701 56834
is_linear=0
shrinkage=0.03


Tree=16
num_leaves=7
num_cat=0
split_feature=7 42 84 70 40 64
split_gain=136.42 35.3675 34.9793 28.5129 27.3113 15.4235
threshold=0.73508772253990184 0.83997154235839855 -0.9420168101787566 0.065248228609561934 0.19098278135061267 0.85880398750305187
decision_type=2 2 2 2 2 2
left_child=1 4 -2 -4 -1 -3
right_child=2 5 3 -5 -6 -7
leaf_value=-0.0056204256169714297 0.023089745601341506 0.010856452145602897 0.0062885839526781659 -0.0059262374377843392 -0.0010139985007577941 -0.001248274827012653
leaf_weight=2477.8040973851457 100.43097169324756 227.70974810048938 1994.3011645935476 181.76063819602132 2211.1921389233321 151.32029598206282
leaf_count=52854 466 1833 12228 1735 31278 1007
internal_value=0 -0.00274005 0.00609266 0.00524331 -0.00345796 0.00599243
internal_weight=7344.52 5068.03 2276.49 2176.06 4689 379.03
internal_count=101401 86972 14429 13963 84132 2840
is_linear=0
shrinkage=0.03


Tree=17
num_leaves=7
num_cat=0
split_feature=75 83 40 59 48 98
split_gain=106.525 34.5387 43.6866 28.4087 24.8652 17.7351
threshold=0.78835389018058788 0.60434782505035411 0.41042780876159674 -0.36992481350898737 -0.55328798294067372 0.72850123047828685
decision_type=2 2 2 2 2 2
left_child=1 2 -1 4 -2 -5
right_child=3 -3 -4 5 -6 -7
leaf_value=-0.0028302540274195067 0.0058904821120221969 -0.0065593855158945754 0.003627497227363895 -0.013036670387210235 0.016238026732297375 0.010974685855252473
leaf_weight=2976.6846949690953 1354.4705320876092 1188.0274982340634 1371.5385287310928 98.075917100533843 251.6681557931006 32.277423426508904
leaf_count=55868 8186 18221 15988 1012 1868 258
internal_value=0 -0.00203403 -0.000784599 0.00647207 0.00757584 -0.00668368
internal_weight=7272.74 5536.25 4348.22 1736.49 1606.14 130.353
internal_count=101401 90077 71856 11324 10054 1270
is_linear=0
shrinkage=0.03


Tree=18
num_leaves=7
num_cat=0
split_feature=7 42 40 99 70 59
split_gain=123.414 36.4409 26.1294 22.7433 31.3195 19.1788
threshold=0.73508772253990184 0.83503401279449474 0.19098278135061267 -0.87095281481742848 0.084523811936378493 -0.81606763601303089
decision_type=2 2 2 2 2 2
left_child=1 2 -1 -2 -5 -3
right_child=3 5 -4 4 -6 -7
leaf_value=-0.0055092177535383709 0.012654235171203881 -0.0013403380054266474 -0.00096308271804403231 0.0054174339060070837 -0.011169717414711891 0.011886141198402859
leaf_weight=2429.4138018228114 370.03108406439424 167.78523111343384 2175.9853595886379 1760.9034846536815 103.07193253561854 219.50614873692393
leaf_count=52802 2233 1245 31226 11016 1180 1699
internal_value=0 -0.00262226 -0.00337111 0.00585316 0.00445674 0.00613554
internal_weight=7226.7 4992.69 4605.4 2234.01 1863.98 387.291
internal_count=101401 86972 84028 14429 12196 2944
is_linear=0
shrinkage=0.03


Tree=19
num_leaves=7
num_cat=0
split_feature=7 91 84 72 87 7
split_gain=113.364 35.2811 30.3743 27.251 24.6675 14.1722
threshold=0.73508772253990184 0.71760797500610363 -0.9420168101787566 0.37638889253139501 0.97959184646606456 0.027799228206276897
decision_type=2 2 2 2 2 2
left_child=1 3 -2 -1 -4 -3
right_child=2 5 4 -5 -6 -7
leaf_value=-0.0053805522822867697 0.021171212492579472 0.011090693363812503 0.0060896112052963051 -0.00042238058384839349 -0.0032274134668417416 0.0011295822704745664
leaf_weight=2673.6936574596912 104.12925916910172 175.76102831587195 1826.7353039570153 1613.1360498173162 289.56609561666846 479.50440049171448
leaf_count=53899 466 1689 12140 26798 1823 4586
internal_value=0 -0.00252962 0.0056233 -0.00352445 0.00479605 0.00391063
internal_weight=7162.53 4942.1 2220.43 4286.83 2116.3 655.265
internal_count=101401 86972 14429 80697 13963 6275
is_linear=0
shrinkage=0.03


Tree=20
num_leaves=7
num_cat=0
split_feature=87 72 84 70 84 79
split_gain=93.0812 38.284 29.7545 32.2994 23.1526 22.0981
threshold=0.71130952239036571 -0.78550893068313588 -0.77525252103805531 -0.91578015685081471 0.37321428954601293 0.24722222238779071
decision_type=2 2 2 2 2 2
left_child=2 4 5 -4 -2 -1
right_child=1 -3 3 -5 -6 -7
leaf_value=-0.00022101121499575591 0.013314611556132561 0.0021436212453832784 0.019637247090410183 -0.0034877860137640638 0.0012295333864598618 0.012843094607126118
leaf_weight=308.03480973280966 583.14879728853703 1541.9159225337207 49.792664909735322 4251.0684401486069 197.26809209957719 178.11732450500131
leaf_count=5796 2903 11891 425 76933 1072 2381
internal_value=0 0.00492223 -0.00239058 -0.0031906 0.0103253 0.00458638
internal_weight=7109.35 2322.33 4787.01 4300.86 780.417 486.152
internal_count=101401 15866 85535 77358 3975 8177
is_linear=0
shrinkage=0.03


Tree=21
num_leaves=7
num_cat=0
split_feature=87 97 72 40 94 15
split_gain=85.512 39.1565 31.6536 26.7204 26.5862 21.5544
threshold=0.71130952239036571 -0.87165409326553334 -0.78550893068313588 0.084523811936378493 0.87627550959587108 0.46862745285034185
decision_type=2 2 2 2 2 2
left_child=1 -1 4 -3 -2 -4
right_child=2 3 5 -5 -6 -7
leaf_value=0.0088611020770703527 0.01434590073685181 -0.0053203964048805751 -0.0018780692127551525 -0.00068756532879060347 0.0028698815526998042 0.005292557886880574
leaf_weight=261.81632080487907 453.19253467395902 2192.9792880462483 651.61998158320785 2323.5569443628192 318.47313911095262 870.29190660268068
leaf_count=3020 2282 47821 5388 34694 1693 6503
internal_value=0 -0.00228519 0.00475549 -0.00294704 0.00969724 0.00220665
internal_weight=7071.93 4778.35 2293.58 4516.54 771.666 1521.91
internal_count=101401 85535 15866 82515 3975 11891
is_linear=0
shrinkage=0.03


Tree=22
num_leaves=7
num_cat=0
split_feature=7 42 84 70 83 59
split_gain=101.696 28.0757 27.6496 23.4147 22.3891 21.9691
threshold=0.73508772253990184 0.83997154235839855 -0.88730159401893605 0.065248228609561934 0.65465840697288524 -0.81606763601303089
decision_type=2 2 2 2 2 2
left_child=1 4 -2 -4 -1 -3
right_child=2 5 3 -5 -6 -7
leaf_value=-0.0020112061964747711 0.017082870676409415 -0.0028412040963477696 0.0053561316856253552 -0.006475611549667604 -0.0073924751093257688 0.011631722503887072
leaf_weight=3623.5863804444671 165.86089498177171 158.40240956842899 1831.3720470555127 157.5601833127439 868.15559466835111 213.7902449965477
leaf_count=68696 810 1230 11948 1671 15436 1610
internal_value=0 -0.00240339 0.0054181 0.00438991 -0.00306502 0.00543661
internal_weight=7018.73 4863.93 2154.79 1988.93 4491.74 372.193
internal_count=101401 86972 14429 13619 84132 2840
is_linear=0
shrinkage=0.03


Tree=23
num_leaves=7
num_cat=0
split_feature=85 97 72 83 40 86
split_gain=73.0826 34.551 33.4789 30.3559 23.7684 20.8083
threshold=0.65465840697288524 -0.1058230698108673 -0.80720093846321095 -0.55328798294067372 0.16869919002056125 0.97959184646606456
decision_type=2 2 2 2 2 2
left_child=1 3 5 -1 -3 -2
right_child=2 4 -4 -5 -6 -7
leaf_value=0.0069454439051513479 0.011730025110332431 -0.0070370842505813602 0.0017879366984217316 -0.001558084874003235 -0.0012744039674384812 -0.0008469886473305195
leaf_weight=522.25209058169276 615.57285684533417 1464.8752765590325 1743.5999004580081 1319.9363015815616 1177.3664027433842 140.11291529238224
leaf_count=7482 3247 35005 15232 21238 18460 737
internal_value=0 -0.00229045 0.00410609 0.000848661 -0.00448786 0.00936842
internal_weight=6983.72 4484.43 2499.29 1842.19 2642.24 755.686
internal_count=101401 82185 19216 28720 53465 3984
is_linear=0
shrinkage=0.03


Tree=24
num_leaves=7
num_cat=0
split_feature=7 84 83 40 70 51
split_gain=87.9707 24.7821 23.9674 29.9507 21.974 17.6911
threshold=0.73508772253990184 -0.88730159401893605 0.65465840697288524 0.32624113559722906 0.084523811936378493 0.31503759324550634
decision_type=2 2 2 2 2 2
left_child=2 5 3 -1 -3 -2
right_child=1 4 -4 -5 -6 -7
leaf_value=-0.0031024787932063718 0.023495581300305123 0.0050143896365666659 -0.0066183685520404762 0.0024063809572044295 -0.0070558791725459456 0.002613352324879816
leaf_weight=2571.4550409950316 103.66766190156341 1800.5098757185042 908.02507549151778 1345.5740060191602 140.47793236002326 62.297863651067019
leaf_count=53033 493 12026 15891 18048 1593 317
internal_value=0 0.00510719 -0.00223313 -0.00120178 0.00410951 0.0161382
internal_weight=6932.01 2106.95 4825.05 3917.03 1940.99 165.966
internal_count=101401 14429 86972 71081 13619 810
is_linear=0
shrinkage=0.03


Tree=25
num_leaves=7
num_cat=0
split_feature=7 42 84 35 82 59
split_gain=83.4917 26.7183 26.7168 21.4889 20.3962 19.9937
threshold=0.73508772253990184 0.83503401279449474 -0.88730159401893605 0.39559109508991247 -0.91578015685081471 -0.81606763601303089
decision_type=2 2 2 2 2 2
left_child=1 3 -2 -1 -4 -3
right_child=2 5 4 -5 -6 -7
leaf_value=-0.0044238775338972447 0.016264746017623594 -0.0028470251805663054 -0.011613406174603552 -5.448195539705726e-05 0.0045300755639112941 0.011143562159450258
leaf_weight=2810.5862919231877 170.11164259165525 147.52217356488109 67.53167736902833 1604.3949680747464 1868.4015122875571 220.71502206474543
leaf_count=58643 810 1245 498 25385 13121 1699
internal_value=0 -0.00219131 0.00497027 -0.00284469 0.00392302 0.00549526
internal_weight=6889.26 4783.22 2106.04 4414.98 1935.93 368.237
internal_count=101401 86972 14429 84028 13619 2944
is_linear=0
shrinkage=0.03


Tree=26
num_leaves=7
num_cat=0
split_feature=7 87 84 35 87 7
split_gain=77.5021 25.2423 24.8889 20.4865 19.2219 16.7065
threshold=0.73508772253990184 0.71130952239036571 -0.88730159401893605 0.39559109508991247 0.97959184646606456 -1.0000000180025095e-35
decision_type=2 2 2 2 2 2
left_child=1 3 -2 -1 -4 -3
right_child=2 5 4 -5 -6 -7
leaf_value=-0.0045275100343102207 0.015640791307644369 0.012779755053905295 0.0049555078585986215 -0.00012007334866170404 -0.0038135407828460829 0.00080369083310574479
leaf_weight=2660.8371802000329 172.02358152344823 133.05802058801055 1667.7291141338646 1496.4523315140978 252.2408848553896 465.98739136010408
leaf_count=57228 810 1190 11819 24116 1800 4438
internal_value=0 -0.00211643 0.00480546 -0.00295027 0.00378095 0.00359721
internal_weight=6848.33 4756.33 2091.99 4157.29 1919.97 599.045
internal_count=101401 86972 14429 81344 13619 5628
is_linear=0
shrinkage=0.03


Tree=27
num_leaves=7
num_cat=0
split_feature=7 42 99 70 73 79
split_gain=71.6082 32.103 21.8641 23.2948 18.5134 18.4588
threshold=0.73508772253990184 0.83997154235839855 -0.87095281481742848 0.084523811936378493 -0.45889639854431147 0.7855089306831361
decision_type=2 2 2 2 2 2
left_child=1 4 5 -4 -1 -2
right_child=2 -3 3 -5 -6 -7
leaf_value=-0.0064330754520358045 0.015491690961538294 0.0065069440299908663 0.0040338827087505998 -0.010886205455202943 -0.0017034205202108041 0.00015756939352234962
leaf_weight=963.49246721807867 259.85057809203863 358.03696455433965 1630.110322330147 94.227690916508436 3398.3514843760058 101.93144669011235
leaf_count=22990 1503 2840 11016 1180 61142 730
internal_value=0 -0.00204565 0.00462215 0.0031721 -0.0027612 0.0113142
internal_weight=6806 4719.88 2086.12 1724.34 4361.84 361.782
internal_count=101401 86972 14429 12196 84132 2233
is_linear=0
shrinkage=0.03


Tree=28
num_leaves=7
num_cat=0
split_feature=7 42 84 70 83 59
split_gain=70.7055 28.2349 23.3935 19.7948 19.4543 16.4172
threshold=0.73508772253990184 0.83503401279449474 -0.88730159401893605 -0.80720093846321095 0.65465840697288524 -0.81606763601303089
decision_type=2 2 2 2 2 2
left_child=1 4 -2 -4 -1 -3
right_child=2 5 3 -5 -6 -7
leaf_value=-0.0017334773629323458 0.015021874536450423 -0.0019253099048862938 0.0070559735669986417 0.00084439576266890802 -0.0068976722231057245 0.010844556952553104
leaf_weight=3522.6870875516906 174.9379943497479 141.37191425636411 832.20326960086823 1061.2957842443138 812.966058883816 225.38036975637078
leaf_count=68616 810 1245 4929 8690 15412 1699
internal_value=0 -0.00203311 0.00461585 0.00360161 -0.00271554 0.00588177
internal_weight=6770.84 4702.41 2068.44 1893.5 4335.65 366.752
internal_count=101401 86972 14429 13619 84028 2944
is_linear=0
shrinkage=0.03


Tree=29
num_leaves=7
num_cat=0
split_feature=74 69 1 84 6 99
split_gain=57.2461 33.7262 30.4294 18.6894 17.044 16.5193
threshold=0.83156028389930736 0.88730159401893627 -0.20416666567325589 -0.91396856307983387 -0.32624113559722895 -0.87095281481742848
decision_type=2 2 2 2 2 2
left_child=1 2 -1 -2 -3 -5
right_child=3 4 -4 5 -6 -7
leaf_value=-0.0039840764172468035 0.022720878419165758 0.0054797346521123841 0.0008200325395129836 0.012868395758453149 -0.016197069880175167 0.0032627253730463171
leaf_weight=1833.5245039518923 50.607886850833893 34.369433857500553 3324.6079069413245 188.85883703455329 188.99285992234945 1120.6555184144527
leaf_count=38385 247 455 51132 1061 2232 7889
internal_value=0 -0.00139067 -0.000884044 0.00548729 -0.0126833 0.00471456
internal_weight=6741.62 5381.49 5158.13 1360.12 223.362 1309.51
internal_count=101401 92204 89517 9197 2687 8950
is_linear=0
shrinkage=0.03


Tree=30
num_leaves=7
num_cat=0
split_feature=7 91 84 51 13 35
split_gain=62.9479 26.1185 20.1288 28.4086 25.0638 20.0511
threshold=0.73508772253990184 0.71760797500610363 -0.13961039483547208 0.18558673560619357 0.91751700639724743 0.39559109508991247
decision_type=2 2 2 2 2 2
left_child=1 5 4 -4 -2 -1
right_child=2 -3 3 -5 -6 -7
leaf_value=-0.0043980117673010936 0.009333803185097066 0.0038384538752709672 -0.0072406989855900369 0.0042182048225067447 -0.011281757177785161 -4.0517079189961478e-05
leaf_weight=2554.7518138885498 787.39483377709985 611.28421294130385 239.01762805506587 941.44114226847887 51.452484983950853 1534.0677777528763
leaf_count=56028 5178 6275 1909 6965 377 24669
internal_value=0 -0.00190317 0.00442354 0.00185196 0.0079744 -0.00277252
internal_weight=6719.41 4700.1 2019.31 1180.46 838.847 4088.82
internal_count=101401 86972 14429 8874 5555 80697
is_linear=0
shrinkage=0.03


Tree=31
num_leaves=7
num_cat=0
split_feature=7 91 84 72 87 7
split_gain=61.7698 24.2883 22.2613 20.5342 19.2058 13.7539
threshold=0.73508772253990184 0.71760797500610363 -0.9420168101787566 0.37638889253139501 0.95875850319862377 0.042572464793920524
decision_type=2 2 2 2 2 2
left_child=1 3 -2 -1 -4 -3
right_child=2 5 4 -5 -6 -7
leaf_value=-0.0043996146866777013 0.017787048102965577 0.010361295641026648 0.0047818109430064221 0 -0.0040254774785665704 0.00056553497450905984
leaf_weight=2524.4481896571815 102.11545008793473 184.95534895732999 1662.318196143955 1531.3746175710112 249.61782709509134 426.83166780695319
leaf_count=53899 466 1797 12088 26798 1875 4478
internal_value=0 -0.00189468 0.00438479 -0.00273972 0.0036088 0.00363561
internal_weight=6681.66 4667.61 2014.05 4055.82 1911.94 611.787
internal_count=101401 86972 14429 80697 13963 6275
is_linear=0
shrinkage=0.03


Tree=32
num_leaves=7
num_cat=0
split_feature=70 97 84 85 10 94
split_gain=54.2669 31.594 26.4099 23.4471 29.4806 27.5285
threshold=-0.80720093846321095 0.22335600852966311 0.78319624066352855 0.70400500297546398 0.943650782108307 -0.1058230698108673
decision_type=2 2 2 2 2 2
left_child=3 2 -2 5 -5 -1
right_child=1 -3 -4 4 -6 -7
leaf_value=0.010951262295027813 0.0013428985811397584 -0.0044384360578542852 -0.0062880457969205208 0.010007251588627386 -0.0043061410582579352 -0.013102423597011493
leaf_weight=62.953096505254507 3212.1086656954139 1838.2100940924138 462.00950738787651 817.47928376123309 147.58212150260806 108.76463905535638
leaf_count=831 47445 38658 6765 5070 1061 1571
internal_value=0 -0.00123199 0.000367934 0.00595325 0.00777654 -0.00405404
internal_weight=6649.11 5512.33 3674.12 1136.78 965.061 171.718
internal_count=101401 92868 54210 8533 6131 2402
is_linear=0
shrinkage=0.03


Tree=33
num_leaves=7
num_cat=0
split_feature=70 84 15 40 10 74
split_gain=52.7877 30.8824 35.2156 29.4797 17.1544 15.4098
threshold=-0.80720093846321095 -0.76943522691726673 0.082207206636667265 0.19098278135061267 0.95875850319862377 0.8441295623779298
decision_type=2 2 2 2 2 2
left_child=4 2 -2 -3 5 -1
right_child=1 3 -4 -5 -6 -7
leaf_value=0.0014144669279937826 -0.0014400162454014851 -0.0044718232013404736 0.012754116128902654 0.0001898950661598138 -0.0064726388933329399 0.0093704369623824647
leaf_weight=329.60177970305085 337.21053417958319 2322.7608365407214 283.18239944428205 2541.9626375753433 87.354578463360667 724.68324090354145
leaf_count=3555 5789 49277 3395 34407 694 4284
internal_value=0 -0.00122273 0.00504119 -0.00203208 0.00585446 0.00692989
internal_weight=6626.76 5485.12 620.393 4864.72 1141.64 1054.29
internal_count=101401 92868 9184 83684 8533 7839
is_linear=0
shrinkage=0.03


Tree=34
num_leaves=7
num_cat=0
split_feature=7 73 1 84 55 70
split_gain=56.3999 20.4344 18.1945 17.584 15.3407 13.4435
threshold=0.73508772253990184 -0.58236432075500477 -0.32624113559722895 0.021749408915638927 -0.74734041094779957 -0.82732918858528126
decision_type=2 2 2 2 2 2
left_child=2 5 -1 -4 -3 -2
right_child=1 4 3 -5 -6 -7
leaf_value=-0.0046540305362865048 0.023774114582770588 -0.003446863836645418 0.0018127165323614583 -0.0026354969854821982 0.0043746782987663718 0.0059712462330375089
leaf_weight=1411.1964365681633 71.226172104477882 255.59086612612009 1489.306733022444 1708.4613127801567 1558.3411480076611 97.991208203136921
leaf_count=31948 341 2006 25498 29526 11359 723
internal_value=0 0.00422407 -0.00182015 -0.000554854 0.00324965 0.0141042
internal_weight=6592.11 1983.15 4608.96 3197.77 1813.93 169.217
internal_count=101401 14429 86972 55024 13365 1064
is_linear=0
shrinkage=0.03


Tree=35
num_leaves=7
num_cat=0
split_feature=7 42 83 87 7 59
split_gain=52.0776 22.8457 18.0912 18.0815 21.7756 17.8497
threshold=0.73508772253990184 0.83997154235839855 0.65465840697288524 0.95875850319862377 0.94028520584106456 -0.81606763601303089
decision_type=2 2 2 2 2 2
left_child=1 2 -1 4 -2 -3
right_child=3 5 -4 -5 -6 -7
leaf_value=-0.0014166344851408101 0.0027104179910122351 -0.0027303213534222198 -0.0064747342310775627 -0.003104935737588627 0.0099050370678833051 0.010932521992108429
leaf_weight=3457.6978880185634 1129.8693066798151 134.98147187381983 784.6810701796785 265.54808919504285 582.75329246744514 212.04897572100163
leaf_count=68696 8959 1230 15436 2013 3457 1610
internal_value=0 -0.0017538 -0.00236578 0.00406302 0.0051977 0.00556968
internal_weight=6567.58 4589.41 4242.38 1978.17 1712.62 347.03
internal_count=101401 86972 84132 14429 12416 2840
is_linear=0
shrinkage=0.03


Tree=36
num_leaves=7
num_cat=0
split_feature=70 97 69 41 69 95
split_gain=44.0546 28.1542 29.5987 20.9592 27.8648 24.8524
threshold=-0.80720093846321095 0.22335600852966311 0.88730159401893627 0.79057019948959362 0.19574468582868579 0.60440891981124889
decision_type=2 2 2 2 2 2
left_child=3 2 -2 4 -1 -5
right_child=1 -3 -4 5 -6 -7
leaf_value=0.012037111449531556 0.0011429945174136328 -0.0041752684563804605 -0.0095655853430001679 0.010432396869295264 -0.007572707695395824 -0.0023640991264883018
leaf_weight=89.447851493954659 3375.9906474556774 1805.4944128300995 244.20407751016319 661.61719925701618 203.67646971344948 165.22106695920229
leaf_count=1075 51673 38658 2537 4209 2113 1136
internal_value=0 -0.00111931 0.000400164 0.00540341 -0.00138656 0.00784046
internal_weight=6545.65 5425.69 3620.19 1119.96 293.124 826.838
internal_count=101401 92868 54210 8533 3188 5345
is_linear=0
shrinkage=0.03


Tree=37
num_leaves=7
num_cat=0
split_feature=7 42 84 70 83 7
split_gain=47.659 23.8188 19.6671 19.1472 16.8035 14.999
threshold=0.73508772253990184 0.83997154235839855 -0.88730159401893605 0.065248228609561934 0.65465840697288524 -1.0000000180025095e-35
decision_type=2 2 2 2 2 2
left_child=1 4 -2 -4 -1 -3
right_child=2 5 3 -5 -6 -7
leaf_value=-0.0013879090994832163 0.013797278625851788 0.016318021259091327 0.003903018011466846 -0.0073556627357305952 -0.0062916310862726381 0.00197249348790392
leaf_weight=3461.762217592448 163.15338741615415 86.342909168452024 1640.6957010310143 141.93150596693158 773.48230785597116 261.91012707352638
leaf_count=68696 810 643 11948 1671 15436 2197
internal_value=0 -0.00166993 0.00392789 0.00297176 -0.00229691 0.00579475
internal_weight=6529.28 4583.5 1945.78 1782.63 4235.24 348.253
internal_count=101401 86972 14429 13619 84132 2840
is_linear=0
shrinkage=0.03


Tree=38
num_leaves=7
num_cat=0
split_feature=75 97 84 84 63 58
split_gain=38.4988 40.7255 24.6528 17.7403 29.7547 18.5675
threshold=0.78019323945045482 -0.85880398750305165 0.82020202279090892 -1.0000000180025095e-35 0.83156028389930736 0.97937926650047313
decision_type=2 2 2 2 2 2
left_child=1 -1 -3 5 -5 -2
right_child=3 2 -4 4 -6 -7
leaf_value=0.0087453152910172711 0.0093017786326871649 -0.0012830735038803602 -0.0086864924563045485 -0.008775532966939531 0.0043740306548043168 -0.0080815557183451913
leaf_weight=334.4860845990479 619.84079283848405 4210.9454821795225 445.93193369917572 197.73663015477359 644.17143023386598 55.017257135361433
leaf_count=3721 4431 77442 8435 2180 4810 382
internal_value=0 -0.00127242 -0.002007 0.00417769 0.00121663 0.00779148
internal_weight=6508.13 4991.36 4656.88 1516.77 841.908 674.858
internal_count=101401 89598 85877 11803 6990 4813
is_linear=0
shrinkage=0.03


Tree=39
num_leaves=7
num_cat=0
split_feature=7 89 69 70 7 94
split_gain=45.002 20.2985 17.5515 25.051 19.6322 16.0163
threshold=0.73508772253990184 0.83997154235839855 0.19574468582868579 -0.80720093846321095 0.88730159401893627 -0.03696236573159694
decision_type=2 2 2 2 2 2
left_child=1 5 4 -4 -2 -1
right_child=2 -3 3 -5 -6 -7
leaf_value=-0.00030746988949779865 0.0028096694591855081 0.0053274816680221127 0.0059223825283077017 -0.0017855299796173878 0.016246913883955365 -0.004012643513537412
leaf_weight=2095.1570910746232 211.89458497613668 343.25779635086656 807.53837784379721 700.36950992047787 192.40840179100633 2140.4650179417804
leaf_count=40844 2028 2840 5064 6181 1156 43288
internal_value=0 -0.00161422 0.00385945 0.00232843 0.00939812 -0.00218947
internal_weight=6491.09 4578.88 1912.21 1507.91 404.303 4235.62
internal_count=101401 86972 14429 11245 3184 84132
is_linear=0
shrinkage=0.03


Tree=40
num_leaves=7
num_cat=0
split_feature=7 42 84 86 64 44
split_gain=42.7943 18.9164 18.1311 16.9609 16.8404 15.5812
threshold=0.73508772253990184 0.83503401279449474 -0.9420168101787566 0.97959184646606456 0.85880398750305187 -0.45889639854431147
decision_type=2 2 2 2 2 2
left_child=1 5 -2 -4 -3 -1
right_child=2 4 3 -5 -6 -7
leaf_value=-0.0054242435189555804 0.01622762982539128 0.00987012521265755 0.0042694797493445374 -0.0038689337470437023 -0.0036305458976744437 -0.0011091580281905246
leaf_weight=990.03714069910347 96.14944089204073 226.70891967788339 1538.7486201860011 263.06442099437118 122.36991626396775 3233.9844747437164
leaf_count=20591 466 1920 12065 1898 1024 63437
internal_value=0 -0.00157168 0.0037811 0.00305725 0.00506829 -0.00213285
internal_weight=6471.06 4573.1 1897.96 1801.81 349.079 4224.02
internal_count=101401 86972 14429 13963 2944 84028
is_linear=0
shrinkage=0.03


Tree=41
num_leaves=7
num_cat=0
split_feature=53 97 84 47 63 40
split_gain=36.095 35.7553 18.6339 33.9743 23.086 18.2795
threshold=0.54226192831993114 -0.87165409326553334 -0.20416666567325589 0.94804319739341747 0.97959184646606456 0.084523811936378493
decision_type=2 2 2 2 2 2
left_child=1 -1 4 -4 -2 -3
right_child=2 5 3 -5 -6 -7
leaf_value=0.008438661549816432 0.0075897195226745763 -0.0046577514854754505 -0.0017510590613790239 0.0094218683107064171 -0.0074348159703831428 -0.00045567255911156798
leaf_weight=282.92681797593832 891.35341658815742 1832.4462863076478 1113.4368323199451 308.11558745242655 96.586506236344576 1928.0283404048532
leaf_count=3151 8804 43276 12042 2569 643 30916
internal_value=0 -0.00173142 0.00290309 0.000674132 0.00606058 -0.00251474
internal_weight=6452.89 4043.4 2409.49 1421.55 987.94 3760.47
internal_count=101401 77343 24058 14611 9447 74192
is_linear=0
shrinkage=0.03


Tree=42
num_leaves=7
num_cat=0
split_feature=7 42 64 97 59 87
split_gain=40.6243 20.2459 19.3866 15.7242 15.1553 20.077
threshold=0.65783974528312694 0.83997154235839855 0.85880398750305187 -0.071469087153673158 -0.95698428153991688 0.95875850319862377
decision_type=2 2 2 2 2 2
left_child=1 3 -3 -1 -2 -6
right_child=4 2 -4 -5 5 -7
leaf_value=0 0.012347449246804653 0.011012602411519714 -0.0049485474360849331 -0.003826646907580188 0.0036588883382064467 -0.006090072660003539
leaf_weight=1625.1704765642062 153.65923642367125 201.50962721183896 95.901265017688274 2353.8915713708848 1789.0782058071345 206.03331652656198
leaf_count=28800 928 1632 817 51633 15883 1708
internal_value=0 -0.00169058 0.00576994 -0.00226228 0.00336069 0.00262442
internal_weight=6425.24 4276.47 297.411 3979.06 2148.77 1995.11
internal_count=101401 82882 2449 80433 18519 17591
is_linear=0
shrinkage=0.03


Tree=43
num_leaves=7
num_cat=0
split_feature=7 42 59 94 72 7
split_gain=38.4141 20.7061 17.9954 15.7346 13.7053 29.2691
threshold=0.65783974528312694 0.83997154235839855 -0.81606763601303089 -0.03696236573159694 -0.78550893068313588 0.94028520584106456
decision_type=2 2 2 2 2 2
left_child=1 3 -3 -1 -2 -6
right_child=4 2 -4 -5 5 -7
leaf_value=-0.000267817738395436 0.0070253778609501993 -0.0032905139475723024 0.011421677920981787 -0.0040668997097429464 -0.0012765455904201963 0.0074671031302543265
leaf_weight=1925.2057883888483 622.1456417683512 114.50825385004282 189.29190754145384 2036.4461345551535 998.46389784663916 517.08149908483028
leaf_count=38092 4176 1071 1378 42341 10855 3488
internal_value=0 -0.00164465 0.00581572 -0.00223092 0.00327784 0.00170167
internal_weight=6403.14 4265.45 303.8 3961.65 2137.69 1515.55
internal_count=101401 82882 2449 80433 18519 14343
is_linear=0
shrinkage=0.03


Tree=44
num_leaves=7
num_cat=0
split_feature=7 91 7 79 69 7
split_gain=33.905 19.0286 16.7099 16.2906 14.9058 29.4004
threshold=0.65783974528312694 0.75255101919174205 0.042572464793920524 0.082207206636667265 0.41885964572429663 0.88730159401893627
decision_type=2 2 2 2 2 2
left_child=1 3 -3 -1 5 -2
right_child=4 2 -4 -5 -6 -7
leaf_value=-0.0041206508033903178 0.0020390817791625716 0.011621507502810531 -3.3137760677829771e-05 -0.00017291372863698784 0.0013101508154886431 0.015046138774166176
leaf_weight=1986.4659392135218 449.68768394365907 165.85791483148932 300.07257496938109 1815.2623997312039 1423.1193452421576 242.05141708254814
leaf_count=44563 5436 1458 3251 33610 11623 1460
internal_value=0 -0.00153894 0.00413122 -0.00224626 0.0031018 0.00670885
internal_weight=6382.52 4267.66 465.93 3801.73 2114.86 691.739
internal_count=101401 82882 4709 78173 18519 6896
is_linear=0
shrinkage=0.03


Tree=45
num_leaves=7
num_cat=0
split_feature=61 35 7 79 83 99
split_gain=33.9323 28.8478 34.3566 19.1588 18.5633 13.0384
threshold=-0.56949809193611134 -0.43167701363563532 0.94028520584106456 0.74734041094779979 -0.95180022716522206 -0.81322672963142384
decision_type=2 2 2 2 2 2
left_child=3 5 -3 4 -1 -2
right_child=1 2 -4 -5 -6 -7
leaf_value=0.018723280499436491 0.0032721203413930691 -0.0011202908743589842 0.0084105136827697102 0.012759477300678987 0.0017727232130792872 -0.007709909789344804
leaf_weight=56.332471000030637 104.94502102024853 3498.2189347296953 371.88733565807343 183.24462833255529 1405.2158852089196 740.15995920449495
leaf_count=625 1427 61432 2374 1558 18291 15694
internal_value=0 -0.00129447 -0.000187042 0.0037036 0.00250811 -0.00629965
internal_weight=6360 4715.21 3870.11 1644.79 1461.55 845.105
internal_count=101401 80927 63806 20474 18916 17121
is_linear=0
shrinkage=0.03


Tree=46
num_leaves=7
num_cat=0
split_feature=61 97 69 35 84 47
split_gain=30.4972 26.2752 31.7643 22.2789 17.9737 20.3577
threshold=-0.56949809193611134 -0.85880398750305165 0.91010102629661571 -0.43167701363563532 -0.95060974359512318 0.89331436157226574
decision_type=2 2 2 2 2 2
left_child=4 2 -2 -3 -1 -6
right_child=1 3 -4 -5 5 -7
leaf_value=0.018718642877073925 0.0094350340030455379 -0.006596139698892836 -0.013373143990081786 -0.0009205662163627986 0.0012845839791462681 0.01047053161066964
leaf_weight=62.845687486231327 351.9020247515291 757.04761188663542 59.472931507974863 3521.9397802408785 1331.505600229837 257.77023262158036
leaf_count=609 3610 16294 497 60526 17909 1956
internal_value=0 -0.00123487 0.00594459 -0.00193823 0.00349894 0.00282147
internal_weight=6342.48 4690.36 411.375 4278.99 1652.12 1589.28
internal_count=101401 80927 4107 76820 20474 19865
is_linear=0
shrinkage=0.03


Tree=47
num_leaves=7
num_cat=0
split_feature=48 99 48 87 59 67
split_gain=29.2387 29.5087 15.5927 22.2665 21.2728 14.1239
threshold=-0.18274582922458646 -0.74413529038429249 -0.90360045433044422 0.97959184646606456 -0.74734041094779957 0.048809524625539787
decision_type=2 2 2 2 2 2
left_child=2 -2 4 -4 -1 -3
right_child=1 5 3 -5 -6 -7
leaf_value=0.0085681204566146023 0.0044921593493785789 -0.0056288541754984916 0.0015625228809886624 -0.012960680683179304 -0.0112177566950087 -0.001130093254488774
leaf_weight=488.18019559048116 501.00823068898171 1290.315271965228 2640.0780986165628 93.25979720428586 48.729050427675247 1264.2032001074404
leaf_count=3521 7544 28511 35605 854 425 24941
internal_value=0 -0.00210826 0.00197005 0.00103328 0.00663009 -0.00342074
internal_weight=6325.77 3055.53 3270.25 2733.34 536.909 2554.52
internal_count=101401 60996 40405 36459 3946 53452
is_linear=0
shrinkage=0.03


Tree=48
num_leaves=7
num_cat=0
split_feature=53 7 93 69 85 94
split_gain=31.1117 33.0412 31.5198 20.7324 20.1977 17.2572
threshold=0.67006802558898937 0.88730159401893627 -0.13961039483547208 0.19574468582868579 0.54226192831993114 0.08893280848860742
decision_type=2 2 2 2 2 2
left_child=1 5 -3 -2 -5 -1
right_child=3 2 -4 4 -6 -7
leaf_value=-0.00051781727615095221 0.011062778774860761 -0.00088978245078025144 0.01937196565485453 -0.008478773273909012 0.002975655031731069 -0.0045212978731162872
leaf_weight=2553.2620164854452 256.79397064819932 140.33071580901742 125.47275481745601 146.60898359492421 1508.8220689855516 1578.3531517181545
leaf_count=48567 2309 1037 719 2415 12567 33787
internal_value=0 -0.00138908 0.00874509 0.00318967 0.00192068 -0.00205809
internal_weight=6309.64 4397.42 265.803 1912.23 1655.43 4131.62
internal_count=101401 84110 1756 17291 14982 82354
is_linear=0
shrinkage=0.03


Tree=49
num_leaves=7
num_cat=0
split_feature=48 97 86 72 50 47
split_gain=27.3911 20.8307 18.7163 15.1537 14.729 12.2303
threshold=-0.18274582922458646 -0.082207206636667238 0.505102038383484 -0.80720093846321095 -0.94365078210830677 0.90586933493614208
decision_type=2 2 2 2 2 2
left_child=3 2 -2 5 -5 -1
right_child=1 -3 -4 4 -6 -7
leaf_value=0.0035597464678389997 0.0022028220323258582 -0.0044616891503456895 -0.006211528796465947 -0.015357267864686039 0.0011196176091682478 0.013142880859735907
leaf_weight=578.79794560652226 1177.1929716337472 1560.493071292527 292.21816597692668 44.63555864058435 2481.6836912734434 154.53280641511083
leaf_count=5174 20522 36444 4030 495 33804 932
internal_value=0 -0.00205172 0.000493744 0.00190733 0.000786889 0.00569514
internal_weight=6289.55 3029.9 1469.41 3259.65 2526.32 733.331
internal_count=101401 60996 24552 40405 34299 6106
is_linear=0
shrinkage=0.03


Tree=50
num_leaves=7
num_cat=0
split_feature=53 7 93 83 83 41
split_gain=28.7962 22.4924 27.6953 19.8038 19.5045 12.3855
threshold=0.54226192831993114 0.91751700639724743 -0.12347561120986937 -0.94365078210830677 0.65465840697288524 0.82732918858528148
decision_type=2 2 2 2 2 2
left_child=1 4 -3 -2 -1 -5
right_child=3 2 -4 5 -6 -7
leaf_value=-0.0010168352498302758 0.017030554883023262 -0.0033839689038597542 0.021726231090183738 -0.00015262944199946637 -0.006666133582995175 0.0042441516877658883
leaf_weight=3099.9086862215772 78.46211371012032 71.266417063772678 76.298293840140104 1119.3438554992899 670.05389306042343 1156.4004155192524
leaf_count=62441 616 537 393 14383 13972 9059
internal_value=0 -0.00157525 0.00968915 0.00261908 -0.00203636 0.00207281
internal_weight=6271.73 3917.53 147.565 2354.21 3769.96 2275.74
internal_count=101401 77343 930 24058 76413 23442
is_linear=0
shrinkage=0.03


Tree=51
num_leaves=7
num_cat=0
split_feature=53 7 97 84 47 84
split_gain=26.4879 23.2283 26.085 14.6776 18.6397 13.9896
threshold=0.58578431606292736 0.91751700639724743 -0.81322672963142384 0.096006143838167204 0.94804319739341747 0.44562648236751562
decision_type=2 2 2 2 2 2
left_child=1 5 -3 -2 -5 -1
right_child=3 2 -4 4 -6 -7
leaf_value=-0.00078509521966229994 0.0048659975115010546 0.022951019702585462 -0.00041287479964839999 -0.0024877877913838547 0.0068607167081026826 -0.0048157181124105549
leaf_weight=2815.9388095708564 1206.2397682275623 67.978767026215792 98.368777472525835 734.16621538810432 254.23219907470047 1079.1732316324487
leaf_count=56573 11540 365 666 8072 2113 22072
internal_value=0 -0.00143455 0.00935093 0.00265204 -3.05718e-05 -0.00191425
internal_weight=6256.1 4061.46 166.348 2194.64 988.398 3895.11
internal_count=101401 79676 1031 21725 10185 78645
is_linear=0
shrinkage=0.03


Tree=52
num_leaves=7
num_cat=0
split_feature=53 79 84 35 84 87
split_gain=25.2862 18.6219 18.3467 14.2612 14.1223 15.8767
threshold=0.58578431606292736 0.14946808665990832 -0.76943522691726673 0.259006217122078 -0.95060974359512318 0.95875850319862377
decision_type=2 2 2 2 2 2
left_child=1 3 -3 -1 -2 -6
right_child=4 2 -4 -5 5 -7
leaf_value=-0.0050849132731211446 0.016341379890009597 0.0096538380822663531 -0.00018903667775952177 -1.6398351865059392e-05 0.00312166191363983 -0.0047044027505365642
leaf_weight=1403.321250859648 60.996905891224742 184.16094241477549 1670.4097564006224 792.84142378158867 1871.9187225587666 259.16251843422651
leaf_count=33446 509 2527 29275 14428 19058 2158
internal_value=0 -0.00140415 0.000795568 -0.00327294 0.00259201 0.0021471
internal_weight=6242.81 4050.73 1854.57 2196.16 2192.08 2131.08
internal_count=101401 79676 31802 47874 21725 21216
is_linear=0
shrinkage=0.03


Tree=53
num_leaves=7
num_cat=0
split_feature=53 7 87 83 83 74
split_gain=24.8149 17.1213 26.2491 18.2964 14.8621 12.5581
threshold=0.54226192831993114 0.91751700639724743 0.77207791805267345 0.65465840697288524 -0.94365078210830677 0.021749408915638927
decision_type=2 2 2 2 2 2
left_child=1 3 -3 -1 -2 -6
right_child=4 2 -4 -5 5 -7
leaf_value=-0.00089859242901904677 0.014853149754043707 0.018854884126853183 -0.0058504803968837697 -0.0064378447281299399 -0.0051866782994320262 0.0026464160814088883
leaf_weight=3075.1448785588145 79.406061688438058 84.886911071836948 62.207080099731684 651.13868985977024 195.17731428332627 2075.1187919266522
leaf_count=62441 616 493 437 13972 2120 21322
internal_value=0 -0.00147492 0.00836071 -0.0018819 0.00242931 0.0019499
internal_weight=6223.08 3873.38 147.094 3726.28 2349.7 2270.3
internal_count=101401 77343 930 76413 24058 23442
is_linear=0
shrinkage=0.03


Tree=54
num_leaves=7
num_cat=0
split_feature=53 97 84 47 88 84
split_gain=23.2209 18.1281 16.7369 25.5289 24.2395 13.3451
threshold=0.67006802558898937 0.22335600852966311 -0.15075758099555966 0.94804319739341747 0.943650782108307 0.71760797500610363
decision_type=2 2 2 2 2 2
left_child=1 5 4 -4 -2 -1
right_child=2 -3 3 -5 -6 -7
leaf_value=0.0010803543740546049 0.0088894609151156656 -0.0037798355824496064 -0.0025449335078628552 0.0078216629381505903 -0.002894230755049148 -0.0050365942346315843
leaf_weight=2378.7898543644696 622.60589392669499 1571.6200834298506 779.39009679295123 288.63141080550849 202.27186638489366 365.41376717761159
leaf_count=40589 5673 36750 7947 2313 1358 6771
internal_value=0 -0.00121497 0.00276603 0.00025206 0.00596375 0.00024724
internal_weight=6208.72 4315.82 1892.9 1068.02 824.878 2744.2
internal_count=101401 84110 17291 10260 7031 47360
is_linear=0
shrinkage=0.03


Tree=55
num_leaves=7
num_cat=0
split_feature=1 79 84 72 84 7
split_gain=23.0254 17.3613 16.5375 12.7165 12.4395 12.0557
threshold=-0.093073595315217958 0.13961039483547213 0.6264534890651704 -0.90586933493614186 -0.27466151118278498 0.94665718078613292
decision_type=2 2 2 2 2 2
left_child=1 -1 3 -2 -3 -4
right_child=2 4 5 -5 -6 -7
leaf_value=-0.0047412345084027379 0.0078216304948979538 0.0054030160159004624 -0.0037655310303121364 0.001623790741587704 -0.0023231712656346776 0.0058159540462546485
leaf_weight=1278.2369356751442 331.79999055527151 322.44159566238523 768.24375902768224 2932.0413257908076 429.05176014639437 132.81737464852631
leaf_count=30310 2508 5540 12346 41026 8693 978
internal_value=0 -0.00261623 0.00127661 0.00227404 0.00096603 -0.0022958
internal_weight=6194.63 2029.73 4164.9 3263.84 751.493 901.061
internal_count=101401 44543 56858 43534 14233 13324
is_linear=0
shrinkage=0.03


Tree=56
num_leaves=7
num_cat=0
split_feature=53 97 94 79 87 85
split_gain=21.0409 19.0711 14.056 12.8906 20.151 13.2131
threshold=0.58578431606292736 -0.87165409326553334 0.08893280848860742 -0.47493734955787653 0.97959184646606456 0.70400500297546398
decision_type=2 2 2 2 2 2
left_child=1 -1 -3 5 -5 -2
right_child=3 2 -4 4 -6 -7
leaf_value=0.006102326004685946 -0.00081548131335384608 -0.00042589805195486323 -0.0042548934773713847 0.0022661359979054317 -0.0078494447471096213 0.0095158603638271447
leaf_weight=283.99934375472367 150.52214046195149 2302.5343355890363 1395.9964818460867 1479.5653125308454 195.53965411707759 367.74827330932021
leaf_count=3205 2127 44886 31585 15333 1745 2520
internal_value=0 -0.00129912 -0.00188303 0.00235642 0.00104761 0.00647886
internal_weight=6175.91 3982.53 3698.53 2193.38 1675.1 518.27
internal_count=101401 79676 76471 21725 17078 4647
is_linear=0
shrinkage=0.03


Tree=57
num_leaves=7
num_cat=0
split_feature=48 7 48 7 59 58
split_gain=21.8084 21.4196 43.3425 17.72 16.1843 19.723
threshold=-0.90360045433044422 0.88730159401893627 -0.74413529038429249 0.88403362035751354 -0.72850123047828663 0.98979592323303234
decision_type=2 2 2 2 2 2
left_child=4 3 -3 -2 5 -1
right_child=1 2 -4 -5 -6 -7
leaf_value=0.010119198141372489 -0.0010562826357637264 -0.0057252126276907244 0.0098528523133108916 -0.018559861966489871 -0.011197846371067785 -0.0051352337981854183
leaf_weight=405.6310111861676 4885.9271209510043 241.88138218596578 450.1011463329196 47.889215808361769 40.778720639646053 87.578314676880836
leaf_count=2873 92157 1842 3025 431 378 695
internal_value=0 -0.000551826 0.00436251 -0.00125087 0.00576492 0.00732593
internal_weight=6159.79 5625.8 691.983 4933.82 533.988 493.209
internal_count=101401 97455 4867 92588 3946 3568
is_linear=0
shrinkage=0.03


Tree=58
num_leaves=7
num_cat=0
split_feature=84 40 99 84 7 60
split_gain=20.0511 20.405 15.9956 15.9531 13.6883 8.32816
threshold=-0.91396856307983387 0.41042780876159674 -0.74413529038429249 0.7379862666130067 0.83997154235839855 -0.94365078210830677
decision_type=2 2 2 2 2 2
left_child=4 2 -2 -3 5 -1
right_child=1 3 -4 -5 -6 -7
leaf_value=0.019635054001162805 0.0030311273685310097 0.0029316276122635728 -0.0027150908429962074 -0.0030740264374319011 0.019896060820435588 0.0012805334773981398
leaf_weight=21.416699506342411 503.10172628797591 1963.3956375941634 2930.4574117995799 490.14233943447471 62.166375011205673 179.57182713132352
leaf_count=172 7345 23642 60217 6945 311 2769
internal_value=0 -0.000365131 -0.00186122 0.00171587 0.00802294 0.0038111
internal_weight=6150.25 5887.1 3433.56 2453.54 263.155 200.989
internal_count=101401 98149 67562 30587 3252 2941
is_linear=0
shrinkage=0.03


Tree=59
num_leaves=7
num_cat=0
split_feature=61 46 83 79 59 46
split_gain=22.1358 16.6189 18.1294 14.1181 17.395 11.1276
threshold=-0.56949809193611134 0.20227272808551791 0.60434782505035411 0.74734041094779979 -0.9578900635242461 -0.27466151118278498
decision_type=2 2 2 2 2 2
left_child=3 -2 -3 4 -1 -5
right_child=1 2 -4 5 -6 -7
leaf_value=0.017532230512543354 -0.0030985941004840634 0.002375642246826144 -0.003038798978253932 0.0021124842426192146 0.001235767773695597 0.017453513319315946
leaf_weight=57.114419858902693 2024.4399737734348 1654.0600027544424 830.07845076359808 83.547504883259535 1386.5349183706567 98.076072998344898
leaf_count=301 42491 24897 13539 789 18615 769
internal_value=0 -0.00108223 0.000551877 0.00299625 0.00195949 0.010803
internal_weight=6133.85 4508.58 2484.14 1625.27 1443.65 181.624
internal_count=101401 80927 38436 20474 18916 1558
is_linear=0
shrinkage=0.03


Tree=60
num_leaves=7
num_cat=0
split_feature=1 97 84 49 94 83
split_gain=19.2884 18.1914 14.752 12.7662 12.1449 12.0072
threshold=-0.093073595315217958 -0.14589665830135343 0.505102038383484 -0.66312056779861439 0.95505049824714672 -0.70106381177902211
decision_type=2 2 2 2 2 2
left_child=1 5 4 -4 -2 -1
right_child=2 -3 3 -5 -6 -7
leaf_value=0.0069368151143594757 0.0017083860950360657 -0.0049188890925002358 -0.012518363484501669 -0.00074178754276940791 0.0088306911280067145 -0.0011646743679993045
leaf_weight=213.27185231819749 2743.9684429513291 1130.3898060712963 85.811880052089691 1059.7781484378502 232.5877076536417 653.52133216895163
leaf_count=3155 37845 29396 1138 16006 1869 11992
internal_value=0 -0.00241622 0.00117217 -0.00170057 0.00228886 0.000822613
internal_weight=6119.33 1997.18 4122.15 1145.59 2976.56 866.793
internal_count=101401 44543 56858 17144 39714 15147
is_linear=0
shrinkage=0.03


Tree=61
num_leaves=7
num_cat=0
split_feature=48 99 84 77 59 30
split_gain=18.6245 20.7256 12.1923 11.6563 10.659 13.6539
threshold=-0.18274582922458646 -0.74413529038429249 -0.62645348906517018 0.25290697813034063 -0.9578900635242461 0.95789006352424633
decision_type=2 2 2 2 2 2
left_child=4 2 -2 -3 5 -1
right_child=1 3 -4 -5 -6 -7
leaf_value=0.019901833089028778 0.010610064519037309 -0.0044727639019817482 0.00047632166923738885 -0.00012259108795013716 0.0012364733101542435 -0.00044727158324366604
leaf_weight=58.498905446380377 156.18391334824264 1526.6548169972375 338.81763724423945 891.88712028507143 3082.511992784217 50.065657922998071
leaf_count=318 1897 35397 5647 18055 39744 343
internal_value=0 -0.00173262 0.00380787 -0.00288449 0.00158217 0.0106469
internal_weight=6104.62 2913.54 495.002 2418.54 3191.08 108.565
internal_count=101401 60996 7544 53452 40405 661
is_linear=0
shrinkage=0.03


Tree=62
num_leaves=7
num_cat=0
split_feature=61 35 84 86 84 99
split_gain=18.9507 19.8527 15.4247 17.0278 14.9309 8.45388
threshold=-0.56949809193611134 -0.67006802558898915 -0.95060974359512318 0.97959184646606456 0.82020202279090892 -0.81322672963142384
decision_type=2 2 2 2 2 2
left_child=2 5 -1 -4 -3 -2
right_child=1 4 3 -5 -6 -7
leaf_value=0.016733049582630919 0.0025415524225562772 0.00027175295083877685 0.0032548830788650166 -0.0065425446602909512 -0.0053957253239437127 -0.0092565060033538548
leaf_weight=63.927014591172338 58.440313644707203 3605.9502773731947 1387.0225872052833 173.93909276276827 467.29945097118616 333.96568789985031
leaf_count=609 809 63853 18463 1402 8542 7723
internal_value=0 -0.00100959 0.00276922 0.00212659 -0.000376905 -0.00741408
internal_weight=6090.54 4465.66 1624.89 1560.96 4073.25 392.406
internal_count=101401 80927 20474 19865 72395 8532
is_linear=0
shrinkage=0.03


Tree=63
num_leaves=7
num_cat=0
split_feature=7 88 64 84 72 88
split_gain=19.4103 34.4573 23.5704 22.9519 20.6886 16.5806
threshold=0.94028520584106456 0.72850123047828685 0.87367022037506115 0.021749408915638927 -0.8355855643749236 0.29289215803146368
decision_type=2 2 2 2 2 2
left_child=3 5 -3 4 -1 -2
right_child=1 2 -4 -5 -6 -7
leaf_value=0.0082506017259526502 0.0031977822104138319 -0.0079871364100358548 0.0054538858277605818 -0.0026410680808992043 0.00030749414362121372 0.025676220837893025
leaf_weight=331.38076124433428 50.930070182308555 164.83854550123215 371.5650321803987 2588.018312478438 2491.3761892803013 86.107721105217934
leaf_count=3305 342 1304 2486 47951 45528 485
internal_value=0 0.00478357 0.00123239 -0.000599244 0.00126353 0.01794
internal_weight=6084.22 673.441 536.404 5410.78 2822.76 137.038
internal_count=101401 4617 3790 96784 48833 827
is_linear=0
shrinkage=0.03


Tree=64
num_leaves=7
num_cat=0
split_feature=97 61 74 50 7 35
split_gain=17.8682 15.6752 15.6458 14.6378 12.874 10.645
threshold=0.35214626789093023 -0.28388279676437372 0.92708334326744091 -0.9420168101787566 0.91751700639724743 0.259006217122078
decision_type=2 2 2 2 2 2
left_child=1 3 5 -1 -3 -2
right_child=2 4 -4 -5 -6 -7
leaf_value=-0.0034971912267779742 -0.0053640051731534575 -0.0012743456177881187 0.01921069607956398 0.004158012905759804 0.0048566231354244564 -1.7392738009532181e-05
leaf_weight=253.91804065555334 882.3117750575766 2436.5469716917723 23.004153091460466 1575.0061305556446 346.79004429467022 556.7970794569701
leaf_count=2025 22492 42923 183 20591 2333 10854
internal_value=0 0.000916417 -0.00288412 0.00307221 -0.000492359 -0.00332338
internal_weight=6074.37 4612.26 1462.11 1828.92 2783.34 1439.11
internal_count=101401 67872 33529 22616 45256 33346
is_linear=0
shrinkage=0.03


Tree=65
num_leaves=7
num_cat=0
split_feature=74 69 59 97 6 85
split_gain=17.2484 28.2699 19.4552 18.1076 17.0246 11.2674
threshold=0.83156028389930736 0.88730159401893627 -0.36992481350898737 0.22335600852966311 -0.32624113559722895 0.97959184646606456
decision_type=2 2 2 2 2 2
left_child=1 3 5 -1 -3 -2
right_child=2 4 -4 -5 -6 -7
leaf_value=0.0010485119934354765 0.0058990198125493977 0.0066291543560790776 -0.0097399492436868775 -0.0028484678120625161 -0.015769397205276588 -0.0020201385835404671
leaf_weight=3078.8604748379439 872.48224334232509 32.30881754308939 88.736370770260692 1638.0897501818836 162.50558300875127 189.21322667971253
leaf_count=51055 6646 455 1001 38462 2232 1550
internal_value=0 -0.000775095 0.0032983 -0.000300051 -0.0118317 0.00445671
internal_weight=6062.2 4911.76 1150.43 4716.95 194.814 1061.7
internal_count=101401 92204 9197 89517 2687 8196
is_linear=0
shrinkage=0.03


Tree=66
num_leaves=7
num_cat=0
split_feature=48 7 88 84 87 73
split_gain=18.2879 16.9986 34.2639 13.774 10.8457 14.653
threshold=-0.90360045433044422 0.89331436157226574 0.72850123047828685 0.021749408915638927 0.9569842815399171 0.82732918858528148
decision_type=2 2 2 2 2 2
left_child=4 3 -3 -2 5 -1
right_child=1 2 -4 -5 -6 -7
leaf_value=0.0038664652472270942 0.00039383921940646104 0.015759404756058356 0 -0.002786201082149488 0.00068185856004975508 0.018652552951908586
leaf_weight=176.13232943788171 2544.1202867142856 161.7590158842504 488.81447065994143 2334.0984111344442 252.16148811392486 96.011454505845904
leaf_count=1404 46745 1045 3660 46005 1944 598
internal_value=0 -0.000509562 0.00401701 -0.00112288 0.00532738 0.0094336
internal_weight=6053.1 5528.79 650.573 4878.22 524.305 272.144
internal_count=101401 97455 4705 92750 3946 2002
is_linear=0
shrinkage=0.03


Tree=67
num_leaves=7
num_cat=0
split_feature=72 79 84 41 81 30
split_gain=16.771 16.1674 25.3337 15.427 18.3874 12.5521
threshold=-0.83156028389930714 0.10874704644083978 -0.88403362035751332 0.71760797500610363 -0.9420168101787566 0.24066924303770068
decision_type=2 2 2 2 2 2
left_child=3 5 -3 -1 -5 -2
right_child=1 2 -4 4 -6 -7
leaf_value=-0.001464965213858489 -0.0039769707474357477 0.013150742603368982 0.0003159335000497449 -0.0029464541851955319 0.01098222001251618 0.00028860181514549937
leaf_weight=254.49729783926159 1558.7909028092399 141.51998871192336 2630.1308338241652 106.27372252568603 345.15256552025676 1007.9632859779522
leaf_count=3959 37045 1415 41454 682 2267 14579
internal_value=0 -0.000575931 0.00100458 0.00432878 0.00764108 -0.00229291
internal_weight=6044.33 5338.41 2771.65 705.924 451.426 2566.75
internal_count=101401 94493 42869 6908 2949 51624
is_linear=0
shrinkage=0.03


Tree=68
num_leaves=7
num_cat=0
split_feature=48 87 40 65 51 83
split_gain=16.8473 16.5752 17.3038 13.1804 11.3423 7.38747
threshold=-0.90360045433044422 0.97959184646606456 0.5582655966281892 0.90360045433044445 0.91751700639724743 0.58236432075500499
decision_type=2 2 2 2 2 2
left_child=3 2 -2 4 -1 -3
right_child=1 5 -4 -5 -6 -7
leaf_value=0.0043540634165750323 -0.0013870325063230781 -0.018851740173605396 0.0022987231603937459 -0.0067340037455182666 0.016227164216800385 -0.00071462121407030068
leaf_weight=367.1550139375031 3770.6103779999539 58.319792047142982 1638.8560094144195 67.110977195203304 92.119845096021891 35.522134952247143
leaf_count=2701 75642 532 20891 548 697 390
internal_value=0 -0.000492124 -0.000263761 0.00510132 0.00694926 -0.0126732
internal_weight=6029.69 5503.31 5409.47 526.386 459.275 93.8419
internal_count=101401 97455 96533 3946 3398 922
is_linear=0
shrinkage=0.03


Tree=69
num_leaves=7
num_cat=0
split_feature=99 48 75 58 77 59
split_gain=16.089 16.8753 16.1699 15.78 11.3157 11.0935
threshold=-0.87095281481742848 -0.18274582922458646 0.94201681017875682 -0.13961039483547208 0.14589665830135348 -0.9578900635242461
decision_type=2 2 2 2 2 2
left_child=2 5 3 -1 -3 -2
right_child=1 4 -4 -5 -6 -7
leaf_value=0.0082446340815022865 0.010538860634609119 -0.0039212759935400975 0.016353315100559408 -0.0029799209256453569 4.2188681144829562e-05 0.00071405685129432705
leaf_weight=213.00833543203771 103.2217972073704 1503.1748128086329 88.868436731398106 224.43924276530743 1110.8902170462534 2778.5443513095379
leaf_count=2663 640 34991 555 2425 22703 37424
internal_value=0 -0.000481518 0.00498526 0.0024493 -0.00222862 0.00109401
internal_weight=6022.15 5495.83 526.316 437.448 2614.07 2881.77
internal_count=101401 95758 5643 5088 57694 38064
is_linear=0
shrinkage=0.03


Tree=70
num_leaves=7
num_cat=0
split_feature=97 72 86 77 81 99
split_gain=15.2808 13.5257 12.0341 11.731 11.629 10.5972
threshold=0.46802721917629247 -0.82732918858528126 0.97959184646606456 0.19098278135061267 -0.91578015685081471 0.59591838717460643
decision_type=2 2 2 2 2 2
left_child=1 2 -1 -3 -2 -6
right_child=4 3 -4 -5 5 -7
leaf_value=0.006261516837944685 0.016871268915909496 -0.0013213093794465867 -0.0043325513434341175 0.0018924849330582303 -0.0011822374856512662 -0.0071747681341175623
leaf_weight=595.16972323507071 20.35762388445437 2327.1333815678954 107.84678766131401 1813.38129658252 704.0243630874902 439.39457084145397
leaf_count=5578 244 39783 759 27634 18227 9176
internal_value=0 0.000742255 0.00457483 7.95533e-05 -0.00307916 -0.00353239
internal_weight=6007.31 4843.53 703.017 4140.51 1163.78 1143.42
internal_count=101401 73754 6337 67417 27647 27403
is_linear=0
shrinkage=0.03


Tree=71
num_leaves=7
num_cat=0
split_feature=84 40 60 99 7 49
split_gain=16.1461 15.7103 16.2369 13.3803 12.0965 11.5619
threshold=-0.91396856307983387 0.5582655966281892 0.082207206636667265 -0.87095281481742848 0.83997154235839855 -0.94365078210830677
decision_type=2 2 2 2 2 2
left_child=4 3 -3 -2 5 -1
right_child=1 2 -4 -5 -6 -7
leaf_value=0.020864787021236387 0.0046320341048721935 0.0073058706161098505 0.00044840915251206914 -0.001967447263616467 0.01879591752492429 0.00031224602054007948
leaf_weight=24.257606914266944 292.88153428770602 389.38088846020401 1523.7560757305473 3531.2251596562564 58.480648912489414 177.88309455290437
leaf_count=189 3557 3752 19313 71527 311 2752
internal_value=0 -0.000334492 0.00187515 -0.00144878 0.0072311 0.00336756
internal_weight=5997.87 5737.24 1913.14 3824.11 260.621 202.141
internal_count=101401 98149 23065 75084 3252 2941
is_linear=0
shrinkage=0.03


Tree=72
num_leaves=7
num_cat=0
split_feature=1 79 57 94 70 99
split_gain=14.058 13.1589 10.5628 10.3381 9.80609 8.42836
threshold=-0.093073595315217958 0.13961039483547213 -0.91396856307983387 0.95789006352424633 -0.85540071129798878 -0.76943522691726673
decision_type=2 2 2 2 2 2
left_child=1 4 -2 -4 -1 -3
right_child=2 5 3 -5 -6 -7
leaf_value=0.011007529781044292 0.0087879714040504184 0.0068060481789026517 0.00025874391533367238 0.0062708836424163516 -0.0044882378115747414 -0.00069206372188663991
leaf_weight=32.220021252520382 146.87650859542191 170.4481883533299 3621.1704684216529 273.48525902442634 1180.7619624631479 560.13883376587182
leaf_count=373 1640 2489 52904 2314 29937 11744
internal_value=0 -0.00209348 0.00100809 0.000696112 -0.0040085 0.00105086
internal_weight=5985.1 1943.57 4041.53 3894.66 1212.98 730.587
internal_count=101401 44543 56858 55218 30310 14233
is_linear=0
shrinkage=0.03


Tree=73
num_leaves=7
num_cat=0
split_feature=7 88 84 92 41 88
split_gain=14.7331 25.8742 20.0949 19.0428 16.4088 16.2414
threshold=0.94028520584106456 0.72850123047828685 0.021749408915638927 0.87367022037506115 0.82732918858528148 0.29289215803146368
decision_type=2 2 2 2 2 2
left_child=2 5 4 -3 -1 -2
right_child=1 3 -4 -5 -6 -7
leaf_value=0.00035594372116361071 0.001410241194035128 -0.0074339079901748093 -0.0024672878104739383 0.004849197792234989 0.0074367074672172248 0.023246394298339187
leaf_weight=2455.5487805055454 51.963077114894986 158.05933889001608 2524.4584480747581 365.27904364466667 331.67190522700548 85.665013261139393
leaf_count=46257 342 1283 47951 2507 2576 485
internal_value=0 0.00420645 -0.000526899 0.00104741 0.00122109 0.0155507
internal_weight=5972.65 660.966 5311.68 523.338 2787.22 137.628
internal_count=101401 4617 96784 3790 48833 827
is_linear=0
shrinkage=0.03


Tree=74
num_leaves=7
num_cat=0
split_feature=99 98 75 84 97 6
split_gain=13.5784 14.3431 13.4433 16.3545 13.0119 8.80628
threshold=-0.87095281481742848 -0.71130952239036549 0.94201681017875682 -0.27466151118278498 0.46802721917629247 0.47722567617893225
decision_type=2 2 2 2 2 2
left_child=2 5 3 -1 -3 -2
right_child=1 4 -4 -5 -6 -7
leaf_value=0.0074478119706274191 -0.0018240683543852753 0.00099078249917037664 0.014983936832354694 -0.0040400670941726216 -0.0026932109415249159 -0.0091624028407797584
leaf_weight=242.33850852586329 414.83287188597023 3662.1335417293012 88.365423791110516 195.35663073509932 1122.4648984232917 238.67900219559669
leaf_count=2453 7920 57825 555 2635 26864 3149
internal_value=0 -0.000446741 0.00457887 0.00226494 0.000118346 -0.00459899
internal_weight=5964.17 5438.11 526.061 437.695 4784.6 653.512
internal_count=101401 95758 5643 5088 84689 11069
is_linear=0
shrinkage=0.03


Tree=75
num_leaves=7
num_cat=0
split_feature=84 20 29 97 80 94
split_gain=13.6356 12.1619 14.4508 11.5908 9.60386 17.9982
threshold=-0.91396856307983387 0.42539682984352117 -0.44562648236751551 -0.87165409326553334 1.0000000180025095e-35 0.68301436305046093
decision_type=2 2 2 2 2 2
left_child=4 3 -3 -2 -1 -6
right_child=1 2 -4 -5 5 -7
leaf_value=0.001016177976030176 0.004511193627779333 -0.0023651548572183483 0.002942517483456435 -0.0019326617894024688 0.020144444494726844 -0.0040441897748606185
leaf_weight=140.03676020540297 265.45642096921802 638.70743609685451 1594.6910741394386 3199.5887474026531 83.120403645560145 35.51883895508945
leaf_count=2119 2933 9468 19809 65939 802 331
internal_value=0 -0.000308349 0.00140933 -0.00142457 0.00666975 0.0127894
internal_weight=5957.12 5698.44 2233.4 3465.05 258.676 118.639
internal_count=101401 98149 29277 68872 3252 1133
is_linear=0
shrinkage=0.03


Tree=76
num_leaves=7
num_cat=0
split_feature=84 7 48 37 36 13
split_gain=12.8931 18.8039 20.8025 13.3789 11.7845 16.3162
threshold=-1.0000000180025095e-35 0.94935896992683422 -0.56949809193611134 -0.95180022716522206 0.19574468582868579 0.83503401279449474
decision_type=2 2 2 2 2 2
left_child=4 3 -3 -2 -1 -6
right_child=1 2 -4 -5 5 -7
leaf_value=-0.00023839405597440028 0.011139166186941326 0.00032472881339041414 0.017157725829609529 -0.002534892657933191 0.0046871706051510257 -0.0066684422060932858
leaf_weight=1657.6591841466725 60.400024188682437 224.36279527842999 91.103291463106871 2637.6575871463865 1156.8230213746428 119.81741006858647
leaf_count=32794 492 1741 575 50364 14181 1254
internal_value=0 -0.00137715 0.00547139 -0.00219764 0.00141427 0.00357614
internal_weight=5947.82 3013.52 315.466 2698.06 2934.3 1276.64
internal_count=101401 53172 2316 50856 48229 15435
is_linear=0
shrinkage=0.03


Tree=77
num_leaves=7
num_cat=0
split_feature=84 40 87 69 7 61
split_gain=12.9116 12.9957 13.2878 12.3133 10.2525 11.2664
threshold=-0.91396856307983387 0.66312056779861461 0.94028520584106456 0.98979592323303234 0.83997154235839855 -0.91396856307983387
decision_type=2 2 2 2 2 2
left_child=4 3 -3 -2 5 -1
right_child=1 2 -4 -5 -6 -7
leaf_value=-0.014249660147958506 -0.00090558881245722143 0.0034373941212979819 -0.0034106374959648332 -0.011126208980310024 0.017321724108790942 0.005746407032412402
leaf_weight=23.948855524882674 4025.1987138669938 1236.6749350968748 312.50811905786395 104.74102354608476 56.660681210458279 179.45012814272195
leaf_count=219 79005 15435 2641 1068 311 2722
internal_value=0 -0.000301803 0.00203015 -0.00118519 0.00647207 0.00296265
internal_weight=5939.18 5679.12 1549.18 4129.94 260.06 203.399
internal_count=101401 98149 18076 80073 3252 2941
is_linear=0
shrinkage=0.03


Tree=78
num_leaves=7
num_cat=0
split_feature=61 79 46 84 84 88
split_gain=12.5525 13.5549 13.5359 13.4078 12.0241 11.3561
threshold=-0.56949809193611134 0.74734041094779979 0.065248228609561934 0.76943522691726696 -0.95060974359512318 0.95603865385055553
decision_type=2 2 2 2 2 2
left_child=1 4 -2 -4 -1 -3
right_child=2 5 3 -5 -6 -7
leaf_value=0.014179728652901269 -0.0029854655381359551 0.015150429685816721 0.0014111201220598751 -0.0042331270603188807 0.00064538334705824154 -0.00059989372462442166
leaf_weight=57.251377783715725 1637.5815659295768 118.74869180377573 2258.8928973926231 448.68068016227335 1356.505166544579 55.864935675635934
leaf_count=569 36371 1144 36700 7856 18347 414
internal_value=0 0.00227802 -0.000834392 0.000458656 0.00126266 0.0100679
internal_weight=5933.53 1588.37 4345.16 2707.57 1413.76 174.614
internal_count=101401 20474 80927 44556 18916 1558
is_linear=0
shrinkage=0.03


Tree=79
num_leaves=7
num_cat=0
split_feature=84 47 15 90 63 79
split_gain=11.6332 17.2866 25.1997 11.7969 11.7859 15.8199
threshold=-1.0000000180025095e-35 0.94804319739341747 0.59545454382896434 0.9569842815399171 0.19574468582868579 0.082207206636667265
decision_type=2 2 2 2 2 2
left_child=4 3 -3 -2 5 -1
right_child=1 2 -4 -5 -6 -7
leaf_value=-0.0032091063535745921 -0.0026126102893206859 -0.0032645819010179225 0.013207465479038191 0.0058742118046025129 0.0032933786736413849 0.0029688259393212458
leaf_weight=847.71705717686564 2522.4154769703746 156.63159100804478 165.34448189288378 149.89915909618139 1426.9072334934026 655.77600506320596
leaf_count=19899 48923 1730 1409 1110 16612 11718
internal_value=0 -0.001314 0.00517518 -0.00211527 0.0013426 -0.000493692
internal_weight=5924.69 2994.29 321.976 2672.31 2930.4 1503.49
internal_count=101401 53172 3139 50033 48229 31617
is_linear=0
shrinkage=0.03


Tree=80
num_leaves=7
num_cat=0
split_feature=84 1 87 97 80 93
split_gain=11.6798 11.7994 12.8149 10.9321 9.16399 12.4855
threshold=-0.91396856307983387 -0.035984849557280534 0.95875850319862377 -0.14589665830135343 1.0000000180025095e-35 0.75255101919174205
decision_type=2 2 2 2 2 2
left_child=4 3 -3 -2 -1 -6
right_child=1 2 -4 -5 5 -7
leaf_value=0.00063438267248526947 0.00038552848689741778 0.0011863948032673319 -0.0058777823935953367 -0.0040968247416390373 0.017809430731336548 -0.0026152370437697277
leaf_weight=140.31322252564132 843.06093847658485 3441.4912210330367 241.80664201453328 1124.5968376630917 87.082494127564132 33.059965990483761
leaf_count=2119 15309 50025 2188 30627 841 292
internal_value=0 -0.000288649 0.000707162 -0.002165 0.00615012 0.0120695
internal_weight=5911.41 5650.96 3683.3 1967.66 260.456 120.142
internal_count=101401 98149 52213 45936 3252 1133
is_linear=0
shrinkage=0.03


Tree=81
num_leaves=7
num_cat=0
split_feature=7 88 97 84 88 41
split_gain=11.3848 24.3074 19.3505 15.6124 13.7412 12.7933
threshold=0.94028520584106456 0.72850123047828685 -0.43167701363563532 0.021749408915638927 0.25290697813034063 0.82732918858528148
decision_type=2 2 2 2 2 2
left_child=3 4 -3 5 -2 -1
right_child=1 2 -4 -5 -6 -7
leaf_value=0.00030338831230678994 0.0012548687439742285 -0.0022071381463465438 0.012005742672893095 -0.0022028302374611603 0.021860175463561671 0.006571112938884913
leaf_weight=2452.3224762445316 48.752010708674788 413.19512548856437 103.29398118704557 2469.3835723632947 85.06383116170764 330.06132682226598
leaf_count=46257 331 3150 640 47951 496 2576
internal_value=0 0.00372864 0.000665662 -0.00046481 0.0148849 0.00106812
internal_weight=5902.07 650.305 516.489 5251.77 133.816 2782.38
internal_count=101401 4617 3790 96784 827 48833
is_linear=0
shrinkage=0.03


Tree=82
num_leaves=7
num_cat=0
split_feature=99 98 98 79 75 72
split_gain=12.5162 13.5225 12.985 15.5282 12.908 12.2803
threshold=-0.87095281481742848 -0.71130952239036549 -0.48198758065700525 0.91578015685081493 0.9529346525669099 -0.91578015685081471
decision_type=2 2 2 2 2 2
left_child=2 5 3 -1 -4 -2
right_child=1 -3 4 -5 -6 -7
leaf_value=0.011549106174578862 0.0083895614647178894 0.00011754276524052136 -0.003740770064672301 -0.0098696870472345898 0.013148047022712602 -0.0058160171046114963
leaf_weight=238.9305053204298 54.350791450589895 4734.5442474717274 205.90563243627548 29.420477423816919 45.342099413275719 585.68552674632519
leaf_count=2574 371 84689 2442 316 311 10698
internal_value=0 -0.000431337 0.00442321 0.00895354 -0.000378732 -0.00450751
internal_weight=5894.18 5374.58 519.599 268.351 251.248 640.036
internal_count=101401 95758 5643 2890 2753 11069
is_linear=0
shrinkage=0.03


Tree=83
num_leaves=7
num_cat=0
split_feature=84 47 15 63 84 35
split_gain=10.7072 15.3586 20.4945 10.6033 13.3359 11.9787
threshold=-1.0000000180025095e-35 0.94804319739341747 0.59545454382896434 0.19574468582868579 -0.95060974359512318 0.065248228609561934
decision_type=2 2 2 2 2 2
left_child=3 -2 -3 5 -5 -1
right_child=1 2 -4 4 -6 -7
leaf_value=-0.0030318892334537505 -0.0020338943111391887 -0.0028546807247239766 0.012019875228609887 0.015887471727766549 0.0024344182394969152 0.0023134452867157942
leaf_weight=783.26878337748349 2640.7193796010688 154.03673233278096 166.78450967743993 66.129115827381611 1364.4850655579939 715.25328216236085
leaf_count=18307 50033 1730 1409 572 16040 13310
internal_value=0 -0.00127094 0.00485183 0.00128497 0.00313034 -0.000461368
internal_weight=5890.68 2961.54 320.821 2929.14 1430.61 1498.52
internal_count=101401 53172 3139 48229 16612 31617
is_linear=0
shrinkage=0.03


Tree=84
num_leaves=7
num_cat=0
split_feature=97 59 87 55 94 6
split_gain=10.6389 9.84173 10.9267 10.3663 5.58041 3.59906
threshold=0.90360045433044445 -0.9578900635242461 0.95789006352424633 0.021749408915638927 -0.88730159401893605 0.43167701363563543
decision_type=2 2 2 2 2 2
left_child=1 2 -1 -3 -2 -6
right_child=4 3 -4 -5 5 -7
leaf_value=0.018211836237482477 0.0063535972577726174 -0.0012835869959759068 0 0.0013122481609389759 -0.0092566123222861188 0.0017552203091858514
leaf_weight=52.41951597481966 22.132986505515873 2628.8091036826372 57.258148329332471 2911.0358864590526 184.84708095341921 24.273201027885079
leaf_count=274 478 47304 387 47242 5110 606
internal_value=0 0.0002606 0.00896189 7.49957e-05 -0.00623724 -0.00782719
internal_weight=5880.78 5649.52 109.678 5539.84 231.253 209.12
internal_count=101401 95207 661 94546 6194 5716
is_linear=0
shrinkage=0.03


Tree=85
num_leaves=7
num_cat=0
split_feature=99 98 98 93 99 59
split_gain=11.4055 12.7893 12.2374 12.3096 12.0082 11.3547
threshold=-0.87095281481742848 -0.71130952239036549 -0.48198758065700525 -0.55328798294067372 -0.9420168101787566 -0.9578900635242461
decision_type=2 2 2 2 2 2
left_child=2 -2 3 -1 -4 -3
right_child=1 5 4 -5 -6 -7
leaf_value=-0.0027981534542723041 -0.0044099336289685947 0.010888450145701663 -0.007806383326128122 0.01200268957506883 0.0051686853613438577 -7.5986134065155638e-05
leaf_weight=60.046358715742826 630.46585271228105 81.526531748473644 109.74711566790938 209.34942356310785 139.81369628570974 4644.1893007773906
leaf_count=874 11069 500 1171 2016 1582 84189
internal_value=0 -0.000412875 0.00422458 0.00860348 -0.00046065 0.000118136
internal_weight=5875.14 5356.18 518.957 269.396 249.561 4725.72
internal_count=101401 95758 5643 2890 2753 84689
is_linear=0
shrinkage=0.03


Tree=86
num_leaves=7
num_cat=0
split_feature=99 75 64 79 41 87
split_gain=10.517 11.0111 12.8116 10.835 10.5272 10.1454
threshold=-0.87095281481742848 -0.23669467866420743 -0.026334026828408238 0.95789006352424633 0.85880398750305187 0.95875850319862377
decision_type=2 2 2 2 2 2
left_child=3 2 -2 4 -1 -3
right_child=1 5 -4 -5 -6 -7
leaf_value=0.0026925343602667308 -0.0020021427895034853 0.00079723331937205468 -0.015401665825783201 -0.010039423153725578 0.013183988365630178 -0.0055328076958201019
leaf_weight=368.23222633823752 1329.9752621976659 3720.0444483691826 63.67176965996623 39.202032346278429 113.99410794302821 237.05678087100387
leaf_count=4484 32034 60071 1517 369 790 2136
internal_value=0 -0.000397703 -0.00268865 0.00404612 0.00534404 0.000403946
internal_weight=5872.18 5350.75 1393.65 521.428 482.226 3957.1
internal_count=101401 95758 33551 5643 5274 62207
is_linear=0
shrinkage=0.03


Tree=87
num_leaves=7
num_cat=0
split_feature=84 41 85 72 81 82
split_gain=10.8717 13.0377 21.7448 11.8228 10.3993 11.2825
threshold=0.82020202279090892 0.855400711297989 0.95789006352424633 0.37638889253139501 -0.7176079750061034 0.57294833660125744
decision_type=2 2 2 2 2 2
left_child=1 3 -3 -1 5 -2
right_child=4 2 -4 -5 -6 -7
leaf_value=-0.0012964205252219503 -0.0064131143340989544 0.0070140008828741161 -0.0031622118081106134 0.0020108761162510886 -0.0063599640914110099 0.0095776433417805902
leaf_weight=3013.2180557511747 63.479940431192517 590.5021532997489 268.62115485221148 1427.7485764287412 417.92944632750005 86.795155011117458
leaf_count=58538 637 4724 2211 25442 8926 923
internal_value=0 0.000424084 0.00379761 -0.000225328 -0.00392496 0.00264055
internal_weight=5868.29 5300.09 859.123 4440.97 568.205 150.275
internal_count=101401 90915 6935 83980 10486 1560
is_linear=0
shrinkage=0.03


Tree=88
num_leaves=7
num_cat=0
split_feature=84 47 91 90 99 30
split_gain=9.92455 11.4458 14.716 11.3339 10.0314 10.1747
threshold=0.10874704644083978 0.94804319739341747 0.71760797500610363 0.95505049824714672 -0.87095281481742848 0.54226192831993114
decision_type=2 2 2 2 2 2
left_child=4 3 -3 -2 -1 -6
right_child=1 2 -4 -5 5 -7
leaf_value=0.0057601238209075587 -0.0027306747064811728 -0.0079540634091620679 0.0078649733971047318 0.0059222843806604943 -0.00071102938788120888 0.0030197298513599618
leaf_weight=361.27036767452955 2081.3380553238094 63.056295985355973 220.40058493800461 139.12617001309991 2032.4332888536155 962.31205257773399
leaf_count=3740 41857 954 1868 1047 42172 9763
internal_value=0 -0.00142775 0.00416508 -0.00216294 0.00106578 0.000480823
internal_weight=5859.94 2503.92 283.457 2220.46 3356.02 2994.75
internal_count=101401 45726 2822 42904 55675 51935
is_linear=0
shrinkage=0.03


Tree=89
num_leaves=7
num_cat=0
split_feature=84 29 20 94 80 83
split_gain=9.75181 9.72723 13.2515 9.54633 17.5562 6.65938
threshold=-0.91396856307983387 -0.53158244490623463 0.54226192831993114 0.68301436305046093 1.0000000180025095e-35 -0.20416666567325589
decision_type=2 2 2 2 2 2
left_child=3 5 -3 4 -1 -2
right_child=1 2 -4 -5 -6 -7
leaf_value=0.00075086855536997019 -0.00045441857830810263 -0.00074407568098799209 0.0027597027661885897 -0.0055869509191602872 0.018303460474760107 -0.0052914984114074267
leaf_weight=124.47414921969175 536.97370509058237 3138.8804981699213 1397.6007013712078 48.680963790044188 87.598939756862819 514.2062913030386
leaf_count=1914 9996 60360 16815 536 802 10978
internal_value=0 -0.000266811 0.000330614 0.00561491 0.00839394 -0.00286283
internal_weight=5848.42 5587.66 4536.48 260.754 212.073 1051.18
internal_count=101401 98149 77175 3252 2716 20974
is_linear=0
shrinkage=0.03


Tree=90
num_leaves=7
num_cat=0
split_feature=97 84 47 85 94 13
split_gain=9.43791 9.55554 10.9152 9.44501 5.46784 3.2117
threshold=0.90360045433044445 0.10874704644083978 0.94804319739341747 0.97959184646606456 -0.88730159401893605 0.027799228206276897
decision_type=2 2 2 2 2 2
left_child=1 3 -3 -1 -2 -6
right_child=4 2 -4 -5 5 -7
leaf_value=0.0016476489564196028 0.0064142877132834803 -0.0019444687660624268 0.0042619865304258176 -0.0065963198740909036 -0.0039503030506308472 -0.012358063363348973
leaf_weight=3105.6314550926909 22.484336268156767 2101.1775261843577 282.99710855819285 124.193449113518 125.47322887461632 78.828222775831819
leaf_count=51387 478 40044 2794 982 3658 2058
internal_value=0 0.000244718 -0.00118784 0.00131167 -0.00593251 -0.00755543
internal_weight=5840.79 5614 2384.17 3229.82 226.786 204.301
internal_count=101401 95207 42838 52369 6194 5716
is_linear=0
shrinkage=0.03


Tree=91
num_leaves=7
num_cat=0
split_feature=61 79 50 29 94 37
split_gain=9.98248 13.1555 11.5203 11.3442 10.4463 8.31409
threshold=-0.56949809193611134 0.79326924681663524 -0.9420168101787566 -0.53158244490623463 0.16472868621349337 -0.72850123047828663
decision_type=2 2 2 2 2 2
left_child=1 2 -1 5 -5 -2
right_child=3 -3 -4 4 -6 -7
leaf_value=-0.0050070167489320028 -0.014434584194210079 0.010577157542064662 0.0023110958944775688 0.0011853794165093143 -0.0021226331099103309 -0.0031315754633441536
leaf_weight=223.85558464750648 63.382550166919827 143.12522663921118 1204.6655691275373 2218.2364264801145 1394.0086106462404 590.62227208912373
leaf_count=2019 935 1264 17191 39271 26222 14499
internal_value=0 0.0020401 0.00112992 -0.000753061 -8.40981e-05 -0.00437373
internal_weight=5837.9 1571.65 1428.52 4266.25 3612.25 654.005
internal_count=101401 20474 19210 80927 65493 15434
is_linear=0
shrinkage=0.03


Tree=92
num_leaves=7
num_cat=0
split_feature=84 7 87 37 72 50
split_gain=9.31834 14.6263 25.6721 10.3274 10.0665 18.9739
threshold=-1.0000000180025095e-35 0.94935896992683422 0.7855089306831361 -0.95180022716522206 -0.8355855643749236 -0.94365078210830677
decision_type=2 2 2 2 2 2
left_child=4 3 -3 -2 -1 -6
right_child=1 2 -4 -5 5 -7
leaf_value=0.0056323634502331776 0.0098054468602789841 0.022044130108847527 0.0004567232029545538 -0.0022477127312592175 -0.021455217675196148 0.00079980833024239902
leaf_weight=393.88895903341472 59.917339270934463 57.947572760283947 249.14028701931238 2544.5476848920807 29.901074772700667 2498.7668187785894
leaf_count=3703 492 346 1970 50364 347 44179
internal_value=0 -0.00120019 0.00491431 -0.00194067 0.00119568 0.000482985
internal_weight=5834.11 2911.55 307.088 2604.47 2922.56 2528.67
internal_count=101401 53172 2316 50856 48229 44526
is_linear=0
shrinkage=0.03


Tree=93
num_leaves=7
num_cat=0
split_feature=84 74 40 96 84 48
split_gain=9.37873 13.4817 9.15911 10.9786 10.4029 5.75374
threshold=-0.95060974359512318 -0.084523811936378465 0.66312056779861461 -0.89528506994247425 -0.27466151118278498 0.32624113559722906
decision_type=2 2 2 2 2 2
left_child=1 5 4 -4 -2 -1
right_child=2 -3 3 -5 -6 -7
leaf_value=-0.013387648587997398 0.00088039629880277558 0.015401128033823489 -0.011327474638555849 0.0022749857966492893 -0.0021604252179000202 0.0060133542972414678
leaf_weight=24.217641149647534 1694.1594732841477 77.001952072605491 49.839283604174852 1497.3120622038841 2467.3187385434285 19.447436664253473
leaf_count=485 29876 751 629 17628 51704 328
internal_value=0 0.00810696 -0.000178307 0.0017824 -0.00091572 -0.00440037
internal_weight=5829.3 120.667 5708.63 1547.15 4161.48 43.6651
internal_count=101401 1564 99837 18257 81580 813
is_linear=0
shrinkage=0.03


Tree=94
num_leaves=7
num_cat=0
split_feature=84 74 45 7 60 90
split_gain=8.9313 11.6826 8.85955 9.22886 7.9297 4.8507
threshold=-0.95060974359512318 -0.084523811936378465 -0.31866537034511561 0.38278388977050787 0.95401689410209667 -0.27466151118278498
decision_type=2 2 2 2 2 2
left_child=1 5 3 -2 -4 -1
right_child=2 -3 4 -5 -6 -7
leaf_value=0.0043497517595003157 -0.0039529311884321143 0.014722289584403497 0.00097988799057889824 0.00028820533529187595 -0.0046764471879245416 -0.013485594738629543
leaf_weight=23.342567081563175 944.47771820705384 76.652963504195213 3652.5796092431992 873.91189851239324 231.27598497085273 19.809778699651361
leaf_count=394 21898 751 64462 10790 2687 419
internal_value=0 0.00793898 -0.000173609 -0.001903 0.00062977 -0.00376496
internal_weight=5822.05 119.805 5702.25 1818.39 3883.86 43.1523
internal_count=101401 1564 99837 32688 67149 813
is_linear=0
shrinkage=0.03


Tree=95
num_leaves=7
num_cat=0
split_feature=84 40 87 97 81 48
split_gain=8.81162 9.94589 13.4529 12.3197 9.70582 10.2429
threshold=0.82020202279090892 0.32624113559722906 0.95875850319862377 -0.14589665830135343 -0.7176079750061034 -0.70782518386840809
decision_type=2 2 2 2 2 2
left_child=1 3 -3 -1 5 -2
right_child=4 2 -4 -5 -6 -7
leaf_value=0.0012627462617249476 -0.0040769612531314312 0.002475489137677016 -0.0068794533433998795 -0.0025868547945409387 -0.0059904687741267381 0.011148347004024475
leaf_weight=1410.7107036700472 80.695895250886679 2145.2833787696436 141.62530991993845 1568.8819486927241 405.13977003376931 67.27329211961478
leaf_count=21715 755 28466 1257 39477 8926 805
internal_value=0 0.000379509 0.00186932 -0.000755118 -0.00358457 0.00278716
internal_weight=5819.61 5266.5 2286.91 2979.59 553.109 147.969
internal_count=101401 90915 29723 61192 10486 1560
is_linear=0
shrinkage=0.03


Tree=96
num_leaves=7
num_cat=0
split_feature=61 35 79 83 93 88
split_gain=8.42541 15.7412 11.4986 11.0286 10.2326 8.34369
threshold=-0.56949809193611134 -0.67006802558898915 0.75304877758026134 -0.95180022716522206 1.0000000180025095e-35 0.95603865385055553
decision_type=2 2 2 2 2 2
left_child=2 -2 3 -1 -3 -4
right_child=1 4 5 -5 -6 -7
leaf_value=0.013341853099881021 -0.0065928216435392172 0.0013197236506172281 0.013633052595848605 0.00036359083387946451 -0.0017656055735821383 -0.00033650298594959304
leaf_weight=57.00820673815906 366.8564282823354 2054.0986685920507 113.85842373035848 1348.5163482027128 1817.0500471713021 50.482453532516956
leaf_count=626 8532 37530 1078 18372 34865 398
internal_value=0 -0.000695536 0.00187391 0.000956687 -0.000121146 0.00928148
internal_weight=5807.87 4238.01 1569.87 1405.52 3871.15 164.341
internal_count=101401 80927 20474 18998 72395 1476
is_linear=0
shrinkage=0.03


Tree=97
num_leaves=7
num_cat=0
split_feature=99 60 41 98 13 6
split_gain=8.81581 11.8941 13.8592 11.5567 9.89317 9.45363
threshold=-0.87095281481742848 0.9529346525669099 0.85880398750305187 -0.71130952239036549 -0.94365078210830677 0.47722567617893225
decision_type=2 2 2 2 2 2
left_child=1 2 -1 5 -5 -2
right_child=3 -3 -4 4 -6 -7
leaf_value=0.0024253876346759479 -0.0012730274729551056 -0.0096612489529183578 0.015117579441145678 0.0081142460946632931 -9.4903391379858951e-05 -0.0090681179465844971
leaf_weight=375.70750766247511 392.25431276485324 47.969655709341168 96.56413634121418 130.95281080529094 4535.2090649390593 224.76895267795771
leaf_count=4533 7920 457 653 1308 83381 3149
internal_value=0 0.00370689 0.00521457 -0.000368182 0.000137498 -0.00421092
internal_weight=5803.43 520.241 472.272 5283.19 4666.16 617.023
internal_count=101401 5643 5186 95758 84689 11069
is_linear=0
shrinkage=0.03


Tree=98
num_leaves=6
num_cat=0
split_feature=59 85 84 41 94
split_gain=8.81935 9.89787 9.78474 11.1723 6.22236
threshold=-0.9578900635242461 0.91751700639724743 0.82020202279090892 0.855400711297989 0.94804319739341747
decision_type=2 2 2 2 2
left_child=1 -1 3 -2 -4
right_child=2 -3 4 -5 -6
leaf_value=0.017580586997598464 -0.00035604976386738394 0 -0.0051450078191280736 0.0035210507084328336 0.0054253832393400449
leaf_weight=49.007237419486046 4388.4898011153564 58.096281964331865 474.61868146806955 782.79350415803492 49.17584206815809
leaf_count=271 83923 390 9752 6466 599
internal_value=0 0.00833299 -0.000163885 0.000227878 -0.00405397
internal_weight=5802.18 107.104 5695.08 5171.28 523.795
internal_count=101401 661 100740 90389 10351
is_linear=0
shrinkage=0.03


Tree=99
num_leaves=7
num_cat=0
split_feature=7 88 92 97 37 98
split_gain=8.87187 23.2034 16.4599 13.9881 12.1813 11.7735
threshold=0.94028520584106456 0.74734041094779979 0.87367022037506115 -0.67961877584457386 -0.95180022716522206 0.77207791805267345
decision_type=2 2 2 2 2 2
left_child=4 3 -3 -2 5 -1
right_child=1 2 -4 -5 -6 -7
leaf_value=0.016111444758849517 0.025426019082196768 -0.0079212581251458681 0.0038544686264926856 0.0050884232768866134 -0.00065265525354651834 -0.001445596687112319
leaf_weight=72.666103649884462 54.360656023025513 147.56634690985084 350.01959244161844 78.939640495926142 5037.0252093560994 55.133668668568134
leaf_count=568 291 1251 2507 568 95776 440
internal_value=0 0.00334387 0.000258452 0.0142185 -0.000411294 0.00854206
internal_weight=5795.71 630.886 497.586 133.3 5164.82 127.8
internal_count=101401 4617 3758 859 96784 1008
is_linear=0
shrinkage=0.03


Tree=100
num_leaves=7
num_cat=0
split_feature=7 88 97 97 84 80
split_gain=8.99056 20.6938 14.8342 12.3905 12.1812 10.7913
threshold=0.94028520584106456 0.74734041094779979 -0.43167701363563532 -0.67961877584457386 0.021749408915638927 0.89331436157226574
decision_type=2 2 2 2 2 2
left_child=4 3 -3 -2 5 -1
right_child=1 2 -4 -5 -6 -7
leaf_value=0.00044275135016249011 0.024374400220460044 -0.0021246634937984138 0.010527948402533516 0.0051064733935607251 -0.0019872699218868258 0.008311444743513809
leaf_weight=2611.6800781739876 53.359320435672998 396.31736970692873 100.00179170630872 79.80347653478384 2386.6148523688316 162.95351182296872
leaf_count=47406 291 3118 640 568 47951 1427
internal_value=0 0.00337017 0.000444406 0.0136471 -0.0004139 0.00092979
internal_weight=5790.73 629.482 496.319 133.163 5161.25 2774.63
internal_count=101401 4617 3758 859 96784 48833
is_linear=0
shrinkage=0.03


Tree=101
num_leaves=7
num_cat=0
split_feature=55 50 72 50 59 40
split_gain=8.33044 13.6434 14.1128 9.66406 8.80461 7.1216
threshold=0.021749408915638927 -0.59591838717460621 0.35732164978981024 -0.9420168101787566 -0.95698428153991688 0.76330533623695385
decision_type=2 2 2 2 2 2
left_child=4 3 -3 -2 -1 -6
right_child=1 2 -4 -5 5 -7
leaf_value=0.0085485499894030308 -0.0024915333114705687 -0.0022599412759993719 0.0023896573330171819 0.0064160442527062432 -0.0021003643348033963 0.0024794445346833162
leaf_weight=75.185892838984728 127.08675254508853 1214.1412818757817 1128.8915772819892 571.02619563043118 2326.1444933479652 341.70826165378094
leaf_count=477 1056 23314 18953 7101 46722 3778
internal_value=0 0.00108043 -6.63337e-06 0.00474563 -0.00119763 -0.001499
internal_weight=5784.18 3041.15 2343.03 698.113 2743.04 2667.85
internal_count=101401 50424 42267 8157 50977 50500
is_linear=0
shrinkage=0.03


Tree=102
num_leaves=7
num_cat=0
split_feature=99 79 98 98 13 6
split_gain=8.29636 11.4981 15.2356 10.5486 8.81452 8.54528
threshold=-0.87095281481742848 0.94804319739341747 -0.48198758065700525 -0.71130952239036549 -0.94365078210830677 0.47722567617893225
decision_type=2 2 2 2 2 2
left_child=1 2 -1 5 -5 -2
right_child=3 -3 -4 4 -6 -7
leaf_value=0.010121077591590108 -0.0012735922476752285 -0.009497241835263872 -0.00052355139978742281 0.007686456857547797 -9.4855687846648684e-05 -0.0087638851292185186
leaf_weight=248.71927771158516 391.40871245972812 48.22367999330163 220.75986867584288 129.79407109785825 4519.776874887757 218.21859932970256
leaf_count=2644 7920 466 2533 1308 83381 3149
internal_value=0 0.0036048 0.00509973 -0.000357934 0.00012394 -0.00405307
internal_weight=5776.9 517.703 469.479 5259.2 4649.57 609.627
internal_count=101401 5643 5177 95758 84689 11069
is_linear=0
shrinkage=0.03


Tree=103
num_leaves=7
num_cat=0
split_feature=77 70 72 99 73 50
split_gain=8.10532 9.99663 9.62807 9.53585 16.6354 7.03296
threshold=0.19098278135061267 -0.95698428153991688 -0.91578015685081471 0.89331436157226574 0.94665718078613292 -0.58578431606292714
decision_type=2 2 2 2 2 2
left_child=1 -1 -3 5 -5 -2
right_child=3 2 -4 4 -6 -7
leaf_value=0.0095676124068446861 0.0050396378750660695 0.0057104134117476031 -0.0016338956966328226 -0.0088627914117641177 0.0082049053601437917 0.00098601521464706664
leaf_weight=73.385447133332491 502.66439325828105 163.18955846130848 3047.6682047322392 182.76186471432447 64.701625818386674 1740.5130030149594
leaf_count=504 5898 1654 59178 2514 556 31097
internal_value=0 -0.000978142 -0.001243 0.00128919 -0.00420734 0.00191691
internal_weight=5774.88 3284.24 3210.86 2490.64 247.463 2243.18
internal_count=101401 61336 60832 40065 3070 36995
is_linear=0
shrinkage=0.03


Tree=104
num_leaves=7
num_cat=0
split_feature=55 50 50 73 80 98
split_gain=8.00952 10.9546 9.13795 9.02564 8.13952 13.8298
threshold=-0.70106381177902211 -0.59591838717460621 -0.9420168101787566 -0.67054265737533558 0.6705426573753358 0.8441295623779298
decision_type=2 2 2 2 2 2
left_child=4 2 -2 -3 -1 -6
right_child=1 3 -4 -5 5 -7
leaf_value=-0.0050094670172155919 -0.0028288962819658058 -0.0051726817525392819 0.0041426780757052358 9.7501651008150261e-05 0.0059175286815296817 -0.0086342846599531727
leaf_weight=515.3791278693825 194.99124306347221 313.29036521818489 987.61206874344498 3494.1372207896784 184.99271317664534 79.377575374208391
leaf_count=10878 1705 9006 13032 63512 2366 902
internal_value=0 0.000442655 0.00296085 -0.000334496 -0.00281756 0.00135779
internal_weight=5769.78 4990.03 1182.6 3807.43 779.749 264.37
internal_count=101401 87255 14737 72518 14146 3268
is_linear=0
shrinkage=0.03


Tree=105
num_leaves=7
num_cat=0
split_feature=99 79 50 1 69 94
split_gain=7.86741 8.73888 10.0574 7.86886 8.65557 6.90878
threshold=-0.87095281481742848 0.94804319739341747 -0.91578015685081471 -0.51065760850906361 0.91010102629661571 -0.048809524625539773
decision_type=2 2 2 2 2 2
left_child=1 2 -1 5 -5 -2
right_child=3 -3 -4 4 -6 -7
leaf_value=-0.010260870721545143 -0.00036892594937898828 -0.0080997945103029514 0.006038795659220819 0.00062308700277854392 -0.0035906216943729949 -0.0059348769867409107
leaf_weight=31.141395524144173 438.95823389105499 46.395532697439194 438.71557919681072 3933.7763975411654 488.10223751608282 386.28720912896097
leaf_count=280 10876 466 4897 68572 5084 11226
internal_value=0 0.00351533 0.00479864 -0.000348882 0.000147656 -0.00303046
internal_weight=5763.38 516.253 469.857 5247.12 4421.88 825.245
internal_count=101401 5643 5177 95758 73656 22102
is_linear=0
shrinkage=0.03


Tree=106
num_leaves=7
num_cat=0
split_feature=97 77 59 38 41 53
split_gain=7.9643 7.85893 8.26912 7.63889 4.05013 5.0412
threshold=0.90360045433044445 0.19098278135061267 -0.9578900635242461 -0.9578900635242461 0.62331080436706554 0.25290697813034063
decision_type=2 2 2 2 2 2
left_child=1 2 -1 -3 5 -2
right_child=4 3 -4 -5 -6 -7
leaf_value=0.010668680357970521 -0.006912407067590158 -0.013028502271634096 -0.0009768130742888511 0.0017141514659012504 -0.016887134210843299 0.0029426342154716296
leaf_weight=50.543506562709808 137.55070394370705 26.679559804499149 3073.2975445762277 2388.8376659443602 21.955445369705558 61.012619859538972
leaf_count=303 4308 315 56743 37846 402 1484
internal_value=0 0.00022479 -0.000762054 0.00151235 -0.00552645 -0.00373897
internal_weight=5759.88 5539.36 3123.84 2415.52 220.519 198.563
internal_count=101401 95207 57046 38161 6194 5792
is_linear=0
shrinkage=0.03


Tree=107
num_leaves=7
num_cat=0
split_feature=84 35 75 63 88 34
split_gain=7.4261 7.85977 8.47277 7.27604 7.12668 7.08278
threshold=-0.95060974359512318 -0.83503401279449452 0.91578015685081493 0.065248228609561934 0.021749408915638927 -0.02174940891563892
decision_type=2 2 2 2 2 2
left_child=3 4 -3 -1 -2 -5
right_child=1 2 -4 5 -6 -7
leaf_value=-0.0013944208965222151 -0.011033485404391171 -0.00028033621900365772 0.0035682947830119067 0.020956723065698336 -0.0016231742587773474 0.0012874527768096642
leaf_weight=46.39092815015465 100.13832152355462 4690.6966464649886 572.51471641287208 38.946145314723253 273.83457181043923 33.031505409628153
leaf_count=882 2665 88980 4525 355 3667 327
internal_value=0 -0.000159206 0.0001356 0.00728119 -0.00433445 0.0129899
internal_weight=5755.55 5637.18 5263.21 118.369 373.973 71.9777
internal_count=101401 99837 93505 1564 6332 682
is_linear=0
shrinkage=0.03


Tree=108
num_leaves=7
num_cat=0
split_feature=99 75 58 98 6 48
split_gain=7.45415 11.1334 15.556 10.2534 9.5115 9.01404
threshold=-0.87095281481742848 0.94201681017875682 -0.13961039483547208 -0.94365078210830677 0.71130952239036571 -0.18274582922458646
decision_type=2 2 2 2 2 2
left_child=1 2 -1 4 -2 -5
right_child=3 -3 -4 5 -6 -7
leaf_value=0.007011794261745777 -0.0013630528750063283 0.013139365931548972 -0.0041847034295556078 0.0010424667892072086 -0.020336100403488423 -0.0014715447637119402
leaf_weight=216.45696461945772 61.826131572015584 83.783063560724258 217.94831397384405 2697.9301907392219 38.926925469189882 2434.4202947579324
leaf_count=2663 932 555 2425 37325 453 57048
internal_value=0 0.00341443 0.00134236 -0.000341038 -0.00959206 -0.000144433
internal_weight=5751.29 518.188 434.405 5233.1 100.753 5132.35
internal_count=101401 5643 5088 95758 1385 94373
is_linear=0
shrinkage=0.03


Tree=109
num_leaves=7
num_cat=0
split_feature=99 75 86 98 72 10
split_gain=7.72576 10.3037 14.4586 8.51211 12.7499 7.33194
threshold=-0.87095281481742848 0.94201681017875682 0.13961039483547213 -0.71130952239036549 -0.91578015685081471 0.95789006352424633
decision_type=2 2 2 2 2 2
left_child=1 2 -1 4 -2 -5
right_child=3 -3 -4 5 -6 -7
leaf_value=0.0084384115351870456 0.0095370981337039428 0.012770248869505599 -0.002698688207198768 0.00034472405765623051 -0.0051168982353896218 -0.0054826677593124377
leaf_weight=162.70540421269834 53.296148778870702 84.87821438908577 270.74197096377611 4431.1035516820848 546.25653982069343 198.05387042742223
leaf_count=2106 371 555 2982 82352 10698 2337
internal_value=0 0.00347545 0.00146204 -0.000347515 -0.00369653 8.32848e-05
internal_weight=5747.04 518.326 433.447 5228.71 599.553 4629.16
internal_count=101401 5643 5088 95758 11069 84689
is_linear=0
shrinkage=0.03


Tree=110
num_leaves=7
num_cat=0
split_feature=99 98 93 75 98 72
split_gain=7.61927 9.73106 10.3961 9.16608 8.05132 11.033
threshold=-0.87095281481742848 -0.48198758065700525 -0.55328798294067372 0.9529346525669099 -0.71130952239036549 -0.91578015685081471
decision_type=2 2 2 2 2 2
left_child=1 2 -1 -3 5 -2
right_child=4 3 -4 -5 -6 -7
leaf_value=-0.003092916920716629 0.0087164946963121347 -0.0036245016857206756 0.010432891739106408 0.01066455663670789 7.1404688967750888e-05 -0.0049478295781142613
leaf_weight=60.352349910885096 52.919125577434897 202.41788430139422 211.62297849170864 44.837607268244028 4631.2420841278508 541.39817017037421
leaf_count=874 371 2442 2016 311 84689 10698
internal_value=0 0.00344807 0.0073215 -0.000754356 -0.000345581 -0.00361851
internal_weight=5744.79 519.231 271.975 247.255 5225.56 594.317
internal_count=101401 5643 2890 2753 95758 11069
is_linear=0
shrinkage=0.03


Tree=111
num_leaves=7
num_cat=0
split_feature=77 99 73 39 84 47
split_gain=7.82205 8.25544 11.8978 8.56458 7.97735 12.5753
threshold=0.19098278135061267 0.94201681017875682 0.94665718078613292 -0.75974026322364796 0.69059830904006969 0.91751700639724743
decision_type=2 2 2 2 2 2
left_child=4 3 -3 -2 5 -1
right_child=1 2 -4 -5 -6 -7
leaf_value=-0.00091347190700280978 0.0059644795070733381 -0.0092817809609079781 0.0067504309692063679 0.00095047212743896807 -0.0049211007730504712 0.0073825061845680532
leaf_weight=2683.7549866326153 366.06515845190734 137.27935528289527 52.589461870491505 1933.0048270421103 398.88455072417855 169.77545906417072
leaf_count=51438 3902 1876 431 33856 8478 1420
internal_value=0 0.00126442 -0.004628 0.00177305 -0.000968061 -0.000397344
internal_weight=5741.35 2488.94 189.869 2299.07 3252.41 2853.53
internal_count=101401 40065 2307 37758 61336 52858
is_linear=0
shrinkage=0.03


Tree=112
num_leaves=7
num_cat=0
split_feature=77 99 98 70 72 49
split_gain=7.30797 7.87763 12.4739 7.7361 7.49993 6.58112
threshold=0.19098278135061267 0.94201681017875682 0.90360045433044445 -0.95698428153991688 -0.91578015685081471 -0.9578900635242461
decision_type=2 2 2 2 2 2
left_child=3 5 -3 -1 -5 -2
right_child=1 2 -4 4 -6 -7
leaf_value=0.0082763222869915599 -0.012523523803508043 -0.0092040270150105952 0.0075461941519761591 0.0049550736567627153 -0.0015258519689619193 0.0019003983556147089
leaf_weight=74.27874524705112 23.392895255237818 138.50435341149569 49.325721165165305 163.06547957472503 3007.3525538165122 2280.8026096187532
leaf_count=504 263 1839 468 1654 59178 37495
internal_value=0 0.00122045 -0.00456809 -0.000937777 -0.00117579 0.00171417
internal_weight=5736.72 2492.03 187.83 3244.7 3170.42 2304.2
internal_count=101401 40065 2307 61336 60832 37758
is_linear=0
shrinkage=0.03


Tree=113
num_leaves=7
num_cat=0
split_feature=87 79 7 58 84 15
split_gain=7.48263 18.7236 16.0775 13.6785 11.6513 11.358
threshold=0.95875850319862377 -0.66312056779861439 0.94028520584106456 0.49468085169792181 0.021749408915638927 0.48644688725471502
decision_type=2 2 2 2 2 2
left_child=2 -2 4 -4 -1 -3
right_child=1 5 3 -5 -6 -7
leaf_value=0.0010768729558319407 0.012937403045470926 -0.015001354120969097 0.013145990587431685 0.002024847070661358 -0.0018305970015106868 -0.0015062527139702744
leaf_weight=2674.1804473130032 39.518722467124462 109.37631808966398 141.57496131584048 344.92196387797594 2298.6571766892448 123.5558270867914
leaf_count=48210 263 1027 889 2568 47289 1155
internal_value=0 -0.00480619 0.000244033 0.00542305 -0.000261545 -0.00815122
internal_weight=5731.79 272.451 5459.33 486.497 4972.84 232.932
internal_count=101401 2445 98956 3457 95499 2182
is_linear=0
shrinkage=0.03


Tree=114
num_leaves=7
num_cat=0
split_feature=77 14 47 49 50 7
split_gain=7.07904 7.67017 14.0313 6.63191 7.18467 5.4308
threshold=0.19098278135061267 0.97959184646606456 0.91751700639724743 -0.9578900635242461 -0.41885964572429651 0.94935896992683422
decision_type=2 2 2 2 2 2
left_child=1 2 -1 -2 -5 -3
right_child=3 5 -4 4 -6 -7
leaf_value=-0.001199311899580091 -0.012254474661824272 -0.015283544508408953 0.007030539089946451 0.0038313008403523248 0.00029409408061604922 0
leaf_weight=2960.3308566082269 27.152441644109786 51.198965392075479 193.31048538722098 747.97363447584212 1719.941732659936 28.627638686448336
leaf_count=58681 301 631 1803 9505 30259 221
internal_value=0 -0.000925793 -0.000675014 0.00119923 0.00138386 -0.0098557
internal_weight=5728.54 3233.47 3153.64 2495.07 2467.92 79.8266
internal_count=101401 61336 60484 40065 39764 852
is_linear=0
shrinkage=0.03


Tree=115
num_leaves=7
num_cat=0
split_feature=97 35 88 91 99 88
split_gain=7.10081 7.11962 7.88772 7.86663 2.57245 3.86274
threshold=0.90360045433044445 -0.8079877197742461 1.0000000180025095e-35 0.83997154235839855 0.87367022037506115 -0.82917934656143177
decision_type=2 2 2 2 2 2
left_child=1 2 -1 -3 5 -2
right_child=4 3 -4 -5 -6 -7
leaf_value=-0.0094542009460491239 -0.010959534816702945 1.5277890100333324e-06 -0.00080602079511437089 0.0031328065696177095 -0.014351872446672695 -0.0010277897648255404
leaf_weight=128.8529482698068 45.524323933757842 4141.8571596005931 362.55421722214669 874.5214195754379 22.683731181547046 149.64305385109037
leaf_count=3382 1648 79680 4851 7294 497 4049
internal_value=0 0.00021223 -0.0032065 0.000555964 -0.00525004 -0.00371021
internal_weight=5725.64 5507.79 491.407 5016.38 217.851 195.167
internal_count=101401 95207 8233 86974 6194 5697
is_linear=0
shrinkage=0.03


Tree=116
num_leaves=7
num_cat=0
split_feature=84 45 63 97 87 57
split_gain=7.03045 8.04196 7.90626 6.56473 6.18782 5.94127
threshold=-0.95060974359512318 -0.31866537034511561 0.082207206636667265 0.71760797500610363 0.95875850319862377 -0.74734041094779957
decision_type=2 2 2 2 2 2
left_child=2 3 -1 -2 -3 -4
right_child=1 4 5 -5 -6 -7
leaf_value=-0.0018308967847505521 -0.0012219396667522574 0.0008684817821271309 0.021800391238121108 -0.007574793633167722 -0.0050620543573667836 0.0033009570803521631
leaf_weight=47.119943403638899 1601.86991468817 3681.6254118429497 32.8992376960814 159.85720669291914 159.36532782018185 37.934356685727835
leaf_count=895 27994 65725 266 4694 1424 403
internal_value=0 -0.000155592 0.00709631 -0.00183518 0.000608358 0.0131596
internal_weight=5720.67 5602.72 117.954 1761.73 3840.99 70.8336
internal_count=101401 99837 1564 32688 67149 669
is_linear=0
shrinkage=0.03


Tree=117
num_leaves=7
num_cat=0
split_feature=55 50 86 97 48 86
split_gain=6.61778 11.1857 10.0212 9.27926 6.5654 8.03752
threshold=0.021749408915638927 -0.59591838717460621 0.97959184646606456 -0.87367022037506092 -0.18274582922458646 0.58236432075500499
decision_type=2 2 2 2 2 2
left_child=4 2 -2 -3 -1 -6
right_child=1 3 -4 -5 5 -7
leaf_value=0.00025331302012216459 0.0054520766952210042 0.0059529982009339111 -0.0061610079520285285 -0.00064035414640411473 -0.0018462770637895506 -0.0099927003326135029
leaf_weight=1461.9830153035 637.606644208543 206.08027452789247 68.124228283762932 2125.4973509600386 1100.9620563769713 119.59122442826629
leaf_count=20799 7588 2168 569 40099 28099 2079
internal_value=0 0.000958256 0.0042534 -3.3259e-05 -0.00108475 -0.00270646
internal_weight=5719.84 3037.31 705.731 2331.58 2682.54 1220.55
internal_count=101401 50424 8157 42267 50977 30178
is_linear=0
shrinkage=0.03


Tree=118
num_leaves=7
num_cat=0
split_feature=99 75 86 75 64 58
split_gain=6.4841 9.21802 13.1959 7.11712 11.8163 8.13312
threshold=-0.87095281481742848 0.94201681017875682 0.13961039483547213 -0.23669467866420743 -0.026334026828408238 0.97937926650047313
decision_type=2 2 2 2 2 2
left_child=1 2 -1 4 -2 -5
right_child=3 -3 -4 5 -6 -7
leaf_value=0.0079287023662327968 -0.0015351505330197857 0.011984386256624548 -0.0026984189656685262 0.00065547262463189042 -0.01472503418318373 -0.0055658131235208647
leaf_weight=163.4238195605576 1280.359929968603 84.674547739326954 270.62251708097756 3661.3588665397838 60.163989262655377 193.85085997078568
leaf_count=2106 32034 555 2982 60165 1517 2042
internal_value=0 0.00318172 0.00127922 -0.000320403 -0.00220194 0.000328073
internal_weight=5714.45 518.721 434.046 5195.73 1340.52 3855.21
internal_count=101401 5643 5088 95758 33551 62207
is_linear=0
shrinkage=0.03


Tree=119
num_leaves=7
num_cat=0
split_feature=98 53 41 58 79 50
split_gain=6.44548 12.0418 7.69601 13.979 13.0716 7.58749
threshold=-0.95293465256690968 0.87367022037506115 0.83997154235839855 0.90586933493614208 -0.48198758065700525 -1.0000000180025095e-35
decision_type=2 2 2 2 2 2
left_child=1 5 3 -2 -4 -1
right_child=2 -3 4 -5 -6 -7
leaf_value=0.0099989697604653816 -8.1709032390426861e-05 -0.020204220550555603 0.0094276808033191776 -0.0099596707722783128 0.00075767568961049173 -0.01001917281818817
leaf_weight=32.567483930848539 4512.6450550667942 35.461804423481226 194.13688790425658 127.97370919492096 782.66264947131276 25.823116922751069
leaf_count=444 89708 355 1433 1939 7082 440
internal_value=0 -0.007594 0.000133516 -0.000370996 0.00255061 0.000580749
internal_weight=5711.27 93.8524 5617.42 4640.62 976.8 58.3906
internal_count=101401 1239 100162 91647 8515 884
is_linear=0
shrinkage=0.03


end of trees

feature_importances:
x_price_amount_corr_40=71
x_pb=64
x_market_corr_60=36
x_residual_downside_vol_20=30
x_market_up_beta_60=30
x_high_position_120=27
x_efficiency_120=23
x_low_position_20=22
x_min_return_40=21
x_min_return_60=21
x_price_amount_corr_20=18
x_market_down_beta_60=18
x_min_return_20=17
x_efficiency_10=16
x_kyle_lambda_60=16
x_residual_downside_vol_60=15
x_high_position_40=14
x_downside_vol_20=12
x_downside_vol_120=12
x_residual_vol_20=12
x_volatility_20=11
x_max_return_20=11
x_max_return_60=11
x_residual_vol_60=11
x_expected_shortfall_20=11
x_downside_vol_40=10
x_high_position_60=10
x_low_position_120=10
x_volatility_120=10
x_amplitude_1=9
x_max_return_40=8
x_volume_ratio_120=8
x_pe=7
x_kyle_lambda_20=7
x_return_120=6
x_volume_ratio_40=6
x_volatility_60=6
x_downside_vol_60=6
x_return_40=5
x_max_return_120=5
x_low_position_10=4
x_min_return_10=4
x_ma_ratio_40=4
x_ma_ratio_60=4
x_min_return_120=4
x_return_5=3
x_volatility_10=3
x_efficiency_20=3
x_low_position_40=3
x_downside_deviation_60=3
x_downside_vol_5=2
x_turnover_ratio_20=2
x_efficiency_40=2
x_price_amount_corr_10=2
x_expected_shortfall_60=2
x_return_60=1
x_turnover_ratio_10=1
x_max_return_10=1
x_ma_ratio_20=1
x_high_position_20=1
x_volume_ratio_20=1
x_amount_ratio_60=1
x_turnover_ratio_60=1
x_downside_deviation_20=1
x_impact_shock_frequency_20=1
x_impact_shock_frequency_60=1

parameters:
[boosting: gbdt]
[objective: lambdarank]
[metric: ndcg]
[tree_learner: serial]
[device_type: cpu]
[data_sample_strategy: bagging]
[data: ]
[valid: ]
[num_iterations: 120]
[learning_rate: 0.03]
[num_leaves: 7]
[num_threads: 1]
[seed: 20260827]
[deterministic: 1]
[force_col_wise: 1]
[force_row_wise: 0]
[histogram_pool_size: -1]
[max_depth: 3]
[min_data_in_leaf: 300]
[min_sum_hessian_in_leaf: 0.001]
[bagging_fraction: 1]
[pos_bagging_fraction: 1]
[neg_bagging_fraction: 1]
[bagging_freq: 0]
[bagging_seed: 4042]
[bagging_by_query: 0]
[feature_fraction: 0.7]
[feature_fraction_bynode: 1]
[feature_fraction_seed: 18928]
[extra_trees: 0]
[extra_seed: 2987]
[early_stopping_round: 0]
[early_stopping_min_delta: 0]
[first_metric_only: 0]
[max_delta_step: 0]
[lambda_l1: 1]
[lambda_l2: 5]
[linear_lambda: 0]
[min_gain_to_split: 0]
[drop_rate: 0.1]
[max_drop: 50]
[skip_drop: 0.5]
[xgboost_dart_mode: 0]
[uniform_drop: 0]
[drop_seed: 32588]
[top_rate: 0.2]
[other_rate: 0.1]
[min_data_per_group: 100]
[max_cat_threshold: 32]
[cat_l2: 10]
[cat_smooth: 10]
[max_cat_to_onehot: 4]
[top_k: 20]
[monotone_constraints: ]
[monotone_constraints_method: basic]
[monotone_penalty: 0]
[feature_contri: ]
[forcedsplits_filename: ]
[refit_decay_rate: 0.9]
[cegb_tradeoff: 1]
[cegb_penalty_split: 0]
[cegb_penalty_feature_lazy: ]
[cegb_penalty_feature_coupled: ]
[path_smooth: 0]
[interaction_constraints: ]
[verbosity: -1]
[saved_feature_importance_type: 0]
[use_quantized_grad: 0]
[num_grad_quant_bins: 4]
[quant_train_renew_leaf: 0]
[stochastic_rounding: 1]
[linear_tree: 0]
[max_bin: 255]
[max_bin_by_feature: ]
[min_data_in_bin: 3]
[bin_construct_sample_cnt: 200000]
[data_random_seed: 4782]
[is_enable_sparse: 1]
[enable_bundle: 1]
[use_missing: 1]
[zero_as_missing: 0]
[feature_pre_filter: 1]
[pre_partition: 0]
[two_round: 0]
[header: 0]
[label_column: ]
[weight_column: ]
[group_column: ]
[ignore_column: ]
[categorical_feature: ]
[forcedbins_filename: ]
[precise_float_parser: 0]
[parser_config_file: ]
[objective_seed: 30075]
[num_class: 1]
[is_unbalance: 0]
[scale_pos_weight: 1]
[sigmoid: 1]
[boost_from_average: 1]
[reg_sqrt: 0]
[alpha: 0.9]
[fair_c: 1]
[poisson_max_delta_step: 0.7]
[tweedie_variance_power: 1.5]
[lambdarank_truncation_level: 30]
[lambdarank_norm: 1]
[label_gain: ]
[lambdarank_position_bias_regularization: 0]
[eval_at: 5]
[multi_error_top_k: 1]
[auc_mu_weights: ]
[num_machines: 1]
[local_listen_port: 12400]
[time_out: 120]
[machine_list_filename: ]
[machines: ]
[gpu_platform_id: -1]
[gpu_device_id: -1]
[gpu_use_dp: 0]
[num_gpu: 1]

end of parameters

pandas_categorical:null
