selection_date,available_date,code,name,universe_rank,universe_selection_score
2024-07-25,2024-07-25,002116,中国海诚,1,86.26919076346995
2024-07-25,2024-07-25,002544,普天科技,2,86.23008113168297
2024-07-25,2024-07-25,603657,春光科技,3,86.14229249011858
2024-07-25,2024-07-25,002097,山河智能,4,85.5340128978573
2024-07-25,2024-07-25,605198,安德利,5,85.4052423548991
2024-07-25,2024-07-25,603687,大胜达,6,85.03307676305388
2024-07-25,2024-07-25,300729,乐歌股份,7,85.01331391720409
2024-07-25,2024-07-25,603308,应流股份,8,84.72165591845226
2024-07-25,2024-07-25,603017,中衡设计,9,84.48096525899732
2024-07-25,2024-07-25,000801,四川九洲,10,84.28541710006242
2024-07-25,2024-07-25,002030,达安基因,11,84.23320158102769
2024-07-25,2024-07-25,002491,通鼎互联,12,84.20199708758062
2024-07-25,2024-07-25,603344,星德胜,13,84.16725608487623
2024-07-25,2024-07-25,603711,香飘飘,14,83.98418972332018
2024-07-25,2024-07-25,603639,海利尔,15,83.96359475764511
2024-07-25,2024-07-25,600580,卧龙电驱,16,83.71354275015604
2024-07-25,2024-07-25,000717,中南股份,17,83.71011025587686
2024-07-25,2024-07-25,603357,设计总院,18,83.69232369461203
2024-07-25,2024-07-25,603076,乐惠国际,19,83.67214478884961
2024-07-25,2024-07-25,601096,XD宏盛华,20,83.60141460370295
2024-07-25,2024-07-25,002366,融发核电,21,83.494695236114
2024-07-25,2024-07-25,600490,鹏欣资源,22,83.4838776783857
2024-07-25,2024-07-25,301227,森鹰窗业,23,83.14499687955067
2024-07-25,2024-07-25,605050,福然德,24,83.06324110671937
2024-07-25,2024-07-25,600973,宝胜股份,25,82.99001456209695
2024-07-25,2024-07-25,603353,和顺石油,26,82.88059080507595
2024-07-25,2024-07-25,603373,安邦护卫,27,82.8404410235074
2024-07-25,2024-07-25,600257,大湖股份,28,82.72768878718536
2024-07-25,2024-07-25,688606,奥泰生物,29,82.68795506552944
2024-07-25,2024-07-25,002343,慈文传媒,30,82.64073226544623
2024-07-25,2024-07-25,603333,福华尚纬,31,82.58123569794051
2024-07-25,2024-07-25,002167,东方锆业,32,82.54087788641564
2024-07-25,2024-07-25,001308,康冠科技,33,82.4720199708758
2024-07-25,2024-07-25,603518,锦泓集团,34,82.41252340337009
2024-07-25,2024-07-25,688551,科威尔,35,82.40669856459331
2024-07-25,2024-07-25,603215,比依股份,36,82.35406698564593
2024-07-25,2024-07-25,600058,五矿发展,37,82.34532972748076
2024-07-25,2024-07-25,002381,双箭股份,38,82.30393176617434
2024-07-25,2024-07-25,300187,永清环保,39,82.27459954233409
2024-07-25,2024-07-25,603366,日出东方,40,82.26066153526108
2024-07-25,2024-07-25,002803,吉宏股份,41,82.23486582067818
2024-07-25,2024-07-25,688398,赛特新材,42,82.21177449552735
2024-07-25,2024-07-25,605020,永和股份,43,82.18535469107552
2024-07-25,2024-07-25,002614,奥佳华,44,82.14582899937591
2024-07-25,2024-07-25,300073,当升科技,45,82.09423757021011
2024-07-25,2024-07-25,000065,北方国际,46,82.08009153318079
2024-07-25,2024-07-25,603033,三维股份,47,81.99563137091742
2024-07-25,2024-07-25,605088,冠盛股份,48,81.96172248803828
2024-07-25,2024-07-25,002658,雪迪龙,49,81.90534636987726
2024-07-25,2024-07-25,601778,晶科科技,50,81.87497399625548
2024-08-08,2024-08-08,300187,永清环保,1,86.1867744610282
2024-08-08,2024-08-08,603687,大胜达,2,85.86422056384744
2024-08-08,2024-08-08,002125,湘潭电化,3,85.81405472636816
2024-08-08,2024-08-08,603191,望变电气,4,85.62665837479273
2024-08-08,2024-08-08,000553,安道麦A,5,84.98009950248758
2024-08-08,2024-08-08,601113,华鼎股份,6,84.71040630182422
2024-08-08,2024-08-08,001313,粤海饲料,7,84.69278606965175
2024-08-08,2024-08-08,002526,山东矿机,8,84.47512437810946
2024-08-08,2024-08-08,600490,鹏欣资源,9,84.42578772802653
2024-08-08,2024-08-08,605020,永和股份,10,84.11422056384744
2024-08-08,2024-08-08,000657,中钨高新,11,84.10489220563848
2024-08-08,2024-08-08,603683,晶华新材,12,84.07483416252074
2024-08-08,2024-08-08,000899,赣能股份,13,84.07359038142621
2024-08-08,2024-08-08,600201,生物股份,14,83.79083747927032
2024-08-08,2024-08-08,000589,贵州轮胎,15,83.67101990049753
2024-08-08,2024-08-08,300829,金丹科技,16,83.32338308457712
2024-08-08,2024-08-08,603968,醋化股份,17,83.30244610281926
2024-08-08,2024-08-08,301376,致欧科技,18,83.26368159203982
2024-08-08,2024-08-08,600682,南京新百,19,83.14490049751245
2024-08-08,2024-08-08,600389,江山股份,20,83.07172470978442
2024-08-08,2024-08-08,601096,XD宏盛华,21,83.05866500829188
2024-08-08,2024-08-08,600153,建发股份,22,82.99295190713103
2024-08-08,2024-08-08,603990,麦迪科技,23,82.98134328358209
2024-08-08,2024-08-08,002092,中泰化学,24,82.93014096185739
2024-08-08,2024-08-08,603711,香飘飘,25,82.9042288557214
2024-08-08,2024-08-08,000600,建投能源,26,82.90277777777777
2024-08-08,2024-08-08,688065,凯赛生物,27,82.83022388059702
2024-08-08,2024-08-08,300497,富祥股份,28,82.81218905472637
2024-08-08,2024-08-08,000555,神州信息,29,82.80928689883915
2024-08-08,2024-08-08,603313,梦百合,30,82.77964344941958
2024-08-08,2024-08-08,603231,索宝蛋白,31,82.77238805970151
2024-08-08,2024-08-08,603566,普莱柯,32,82.76865671641792
2024-08-08,2024-08-08,002166,莱茵生物,33,82.65754560530678
2024-08-08,2024-08-08,603076,乐惠国际,34,82.64904643449421
2024-08-08,2024-08-08,002307,北新路桥,35,82.59266169154229
2024-08-08,2024-08-08,300993,玉马科技,36,82.53959369817578
2024-08-08,2024-08-08,603878,武进不锈,37,82.40319237147595
2024-08-08,2024-08-08,301371,敷尔佳,38,82.2757048092869
2024-08-08,2024-08-08,300891,惠云钛业,39,82.20480928689885
2024-08-08,2024-08-08,301345,涛涛车业,40,82.08229684908791
2024-08-08,2024-08-08,300871,回盛生物,41,82.06757877280266
2024-08-08,2024-08-08,002573,清新环境,42,81.99709784411279
2024-08-08,2024-08-08,600622,光大嘉宝,43,81.9572968490879
2024-08-08,2024-08-08,603089,正裕工业,44,81.91894693200665
2024-08-08,2024-08-08,002930,宏川智慧,45,81.8716832504146
2024-08-08,2024-08-08,600884,杉杉股份,46,81.7636815920398
2024-08-08,2024-08-08,603610,麒盛科技,47,81.70232172470979
2024-08-08,2024-08-08,000529,广弘控股,48,81.64800995024876
2024-08-08,2024-08-08,688388,嘉元科技,49,81.64427860696517
2024-08-08,2024-08-08,301358,湖南裕能,50,81.62935323383086
2024-08-22,2024-08-22,002125,湘潭电化,1,86.35848270112547
2024-08-22,2024-08-22,000539,粤电力Ａ,2,86.00666944560234
2024-08-22,2024-08-22,000875,电投绿能,3,85.76448520216758
2024-08-22,2024-08-22,603970,中农立华,4,85.42350979574823
2024-08-22,2024-08-22,002182,宝武镁业,5,85.05689870779493
2024-08-22,2024-08-22,600612,老凤祥,6,84.99604001667362
2024-08-22,2024-08-22,001228,永泰运,7,84.55043768236766
2024-08-22,2024-08-22,000657,中钨高新,8,84.34806169237183
2024-08-22,2024-08-22,605196,华通线缆,9,84.14235097957483
2024-08-22,2024-08-22,605162,新中港,10,84.08732805335558
2024-08-22,2024-08-22,603566,普莱柯,11,84.07815756565236
2024-08-22,2024-08-22,600979,广安爱众,12,83.95789912463526
2024-08-22,2024-08-22,002601,龙佰集团,13,83.92809503959985
2024-08-22,2024-08-22,600884,杉杉股份,14,83.80200083368071
2024-08-22,2024-08-22,301358,湖南裕能,15,83.77803251354732
2024-08-22,2024-08-22,002455,百川股份,16,83.75948311796583
2024-08-22,2024-08-22,002541,鸿路钢构,17,83.72426010837849
2024-08-22,2024-08-22,002893,京能热力,18,83.70862859524803
2024-08-22,2024-08-22,000899,赣能股份,19,83.48499374739475
2024-08-22,2024-08-22,000993,闽东电力,20,83.41579824927055
2024-08-22,2024-08-22,002225,濮耐股份,21,83.4137140475198
2024-08-22,2024-08-22,300481,濮阳惠成,22,83.41246352646937
2024-08-22,2024-08-22,002802,洪汇新材,23,83.4082951229679
2024-08-22,2024-08-22,002264,新 华 都,24,83.34868695289705
2024-08-22,2024-08-22,600367,红星发展,25,83.31408920383494
2024-08-22,2024-08-22,603191,望变电气,26,83.2951229679033
2024-08-22,2024-08-22,000553,安道麦A,27,83.20842017507294
2024-08-22,2024-08-22,600490,鹏欣资源,28,83.17319716548562
2024-08-22,2024-08-22,600201,生物股份,29,83.1279699874948
2024-08-22,2024-08-22,688392,骄成超声,30,83.05939974989579
2024-08-22,2024-08-22,601113,华鼎股份,31,82.99979157982493
2024-08-22,2024-08-22,600744,华银电力,32,82.9922884535223
2024-08-22,2024-08-22,002539,云图控股,33,82.93184660275116
2024-08-22,2024-08-22,000831,中国稀土,34,82.9005835764902
2024-08-22,2024-08-22,000600,建投能源,35,82.85744060025011
2024-08-22,2024-08-22,301272,英华特,36,82.8505627344727
2024-08-22,2024-08-22,000791,甘肃能源,37,82.72530220925385
2024-08-22,2024-08-22,002218,拓日新能,38,82.6402667778241
2024-08-22,2024-08-22,300286,安科瑞,39,82.52250937890788
2024-08-22,2024-08-22,002918,蒙娜丽莎,40,82.52042517715716
2024-08-22,2024-08-22,300905,宝丽迪,41,82.50166736140059
2024-08-22,2024-08-22,301345,涛涛车业,42,82.45248020008339
2024-08-22,2024-08-22,001376,百通能源,43,82.41600666944562
2024-08-22,2024-08-22,000862,银星能源,44,82.32763651521466
2024-08-22,2024-08-22,300819,聚杰微纤,45,82.30345977490622
2024-08-22,2024-08-22,688737,中自科技,46,82.23593163818259
2024-08-22,2024-08-22,600644,乐山电力,47,82.21008753647354
2024-08-22,2024-08-22,600538,国发股份,48,82.20133388912048
2024-08-22,2024-08-22,601137,博威合金,49,82.16444351813256
2024-08-22,2024-08-22,000555,神州信息,50,82.1377657357232
2024-09-05,2024-09-05,000037,深南电A,1,88.29851059366479
2024-09-05,2024-09-05,688584,上海合晶,2,87.70086007971472
2024-09-05,2024-09-05,688530,欧莱新材,3,87.6469477658905
2024-09-05,2024-09-05,000993,闽东电力,4,87.16593245227607
2024-09-05,2024-09-05,000537,绿发电力,5,86.86574365428991
2024-09-05,2024-09-05,605011,杭州热电,6,86.70337738619676
2024-09-05,2024-09-05,603291,联合水务,7,86.24187119781834
2024-09-05,2024-09-05,000899,赣能股份,8,85.93727711348856
2024-09-05,2024-09-05,002455,百川股份,9,85.72834067547724
2024-09-05,2024-09-05,001376,百通能源,10,85.40507656807218
2024-09-05,2024-09-05,301229,纽泰格,11,85.14222781623664
2024-09-05,2024-09-05,603105,芯能科技,12,84.83763373190686
2024-09-05,2024-09-05,301162,国能日新,13,84.70631424375918
2024-09-05,2024-09-05,000726,鲁  泰Ａ,14,84.70526536605833
2024-09-05,2024-09-05,002157,正邦科技,15,84.54520662890707
2024-09-05,2024-09-05,688709,成都华微,16,84.41724354940216
2024-09-05,2024-09-05,600774,汉商集团,17,84.41451646737991
2024-09-05,2024-09-05,600644,乐山电力,18,84.35326200964968
2024-09-05,2024-09-05,603344,星德胜,19,84.11034193413049
2024-09-05,2024-09-05,688549,中巨芯-U,20,84.01027900146845
2024-09-05,2024-09-05,301539,宏鑫科技,21,83.97105097545627
2024-09-05,2024-09-05,688172,燕东微,22,83.75015733165513
2024-09-05,2024-09-05,603970,中农立华,23,83.69582546675059
2024-09-05,2024-09-05,600348,华阳股份,24,83.68407803650095
2024-09-05,2024-09-05,000600,建投能源,25,83.46947765890498
2024-09-05,2024-09-05,601022,宁波远洋,26,83.1530312565555
2024-09-05,2024-09-05,002985,北摩高科,27,83.15019928676317
2024-09-05,2024-09-05,601133,柏诚股份,28,83.05370253828404
2024-09-05,2024-09-05,002299,圣农发展,29,83.01636249213342
2024-09-05,2024-09-05,000539,粤电力Ａ,30,83.01531361443256
2024-09-05,2024-09-05,688602,康鹏科技,31,82.91105517096707
2024-09-05,2024-09-05,000791,甘肃能源,32,82.85294734633943
2024-09-05,2024-09-05,603097,江苏华辰,33,82.81707572897
2024-09-05,2024-09-05,600057,厦门象屿,34,82.75225508705685
2024-09-05,2024-09-05,688107,安路科技,35,82.70002097755402
2024-09-05,2024-09-05,603068,博通集成,36,82.63163415145796
2024-09-05,2024-09-05,600505,西昌电力,37,82.54205999580448
2024-09-05,2024-09-05,000875,电投绿能,38,82.35871617369416
2024-09-05,2024-09-05,001201,东瑞股份,39,82.30165722676738
2024-09-05,2024-09-05,301588,美新科技,40,82.11705475141599
2024-09-05,2024-09-05,688548,广钢气体,41,82.09586742185863
2024-09-05,2024-09-05,600396,华电辽能,42,82.01027900146845
2024-09-05,2024-09-05,688475,萤石网络,43,81.973148730858
2024-09-05,2024-09-05,300215,电科院,44,81.93245227606462
2024-09-05,2024-09-05,603711,香飘飘,45,81.85630375498218
2024-09-05,2024-09-05,300782,卓胜微,46,81.83700440528636
2024-09-05,2024-09-05,605258,协和电子,47,81.81413887140761
2024-09-05,2024-09-05,000552,甘肃能化,48,81.78833647996643
2024-09-05,2024-09-05,600744,华银电力,49,81.74344451436963
2024-09-05,2024-09-05,301526,国际复材,50,81.7174323473883
2024-09-23,2024-09-23,301519,舜禹股份,1,85.95582329317268
2024-09-23,2024-09-23,000899,赣能股份,2,85.72225745085606
2024-09-23,2024-09-23,301580,爱迪特,3,85.07250052842952
2024-09-23,2024-09-23,688584,上海合晶,4,85.05030648911436
2024-09-23,2024-09-23,603381,永臻股份,5,84.9556119213697
2024-09-23,2024-09-23,301229,纽泰格,6,84.90720777848236
2024-09-23,2024-09-23,301279,金道科技,7,84.71950961741706
2024-09-23,2024-09-23,300852,四会富仕,8,84.44705136334814
2024-09-23,2024-09-23,002674,兴业科技,9,84.43331219615304
2024-09-23,2024-09-23,001201,东瑞股份,10,84.27922215176497
2024-09-23,2024-09-23,300696,爱乐达,11,84.2126400338195
2024-09-23,2024-09-23,688475,萤石网络,12,83.83449587824985
2024-09-23,2024-09-23,001258,立新能源,13,83.77911646586347
2024-09-23,2024-09-23,301372,科净源,14,83.7307123229761
2024-09-23,2024-09-23,300988,津荣天宇,15,83.714013950539
2024-09-23,2024-09-23,603291,联合水务,16,83.6996406679349
2024-09-23,2024-09-23,001226,拓山重工,17,83.62418093426336
2024-09-23,2024-09-23,688530,欧莱新材,18,83.5960684844642
2024-09-23,2024-09-23,301539,宏鑫科技,19,83.59057281758614
2024-09-23,2024-09-23,600975,新五丰,20,83.52758402029168
2024-09-23,2024-09-23,301308,江波龙,21,83.39272880997675
2024-09-23,2024-09-23,300643,万通智控,22,83.36440498837456
2024-09-23,2024-09-23,301548,崇德科技,23,83.36144578313254
2024-09-23,2024-09-23,688693,锴威特,24,83.07292327203551
2024-09-23,2024-09-23,000726,鲁  泰Ａ,25,83.07250052842952
2024-09-23,2024-09-23,301591,肯特股份,26,82.94356372859862
2024-09-23,2024-09-23,688484,南芯科技,27,82.85922637920102
2024-09-23,2024-09-23,600126,杭钢股份,28,82.79496935108857
2024-09-23,2024-09-23,301577,美信科技,29,82.78989642781653
2024-09-23,2024-09-23,301170,锡南科技,30,82.76241809342635
2024-09-23,2024-09-23,603986,兆易创新,31,82.70978651447898
2024-09-23,2024-09-23,002530,金财互联,32,82.70830691185796
2024-09-23,2024-09-23,301538,骏鼎达,33,82.66793489748468
2024-09-23,2024-09-23,600505,西昌电力,34,82.64722046079054
2024-09-23,2024-09-23,688709,成都华微,35,82.55992390615093
2024-09-23,2024-09-23,002455,百川股份,36,82.5235679560347
2024-09-23,2024-09-23,301176,逸豪新材,37,82.37941238638766
2024-09-23,2024-09-23,301132,满坤科技,38,82.284083703234
2024-09-23,2024-09-23,603132,金徽股份,39,82.21411963644051
2024-09-23,2024-09-23,002937,兴瑞科技,40,82.14626928767701
2024-09-23,2024-09-23,300930,屹通新材,41,82.11033608116678
2024-09-23,2024-09-23,603586,金麒麟,42,82.08856478545762
2024-09-23,2024-09-23,300054,鼎龙股份,43,81.98731769181992
2024-09-23,2024-09-23,001330,博纳影业,44,81.9403931515536
2024-09-23,2024-09-23,688549,中巨芯-U,45,81.87148594377511
2024-09-23,2024-09-23,000600,建投能源,46,81.86916085394209
2024-09-23,2024-09-23,002230,科大讯飞,47,81.84083703233989
2024-09-23,2024-09-23,600282,南钢股份,48,81.83280490382583
2024-09-23,2024-09-23,301565,中仑新材,49,81.74550834918622
2024-09-23,2024-09-23,600348,华阳股份,50,81.65187064045658
2024-10-14,2024-10-14,603393,新天然气,1,88.74448995513946
2024-10-14,2024-10-14,603285,键邦股份,2,88.40628047591184
2024-10-14,2024-10-14,605090,九丰能源,3,87.85430076067877
2024-10-14,2024-10-14,600795,国电电力,4,87.62980300370589
2024-10-14,2024-10-14,603889,新澳股份,5,87.25804564072558
2024-10-14,2024-10-14,603321,梅轮电梯,6,87.12034328067098
2024-10-14,2024-10-14,603132,金徽股份,7,87.09576750536377
2024-10-14,2024-10-14,002552,宝鼎科技,8,87.08855080944022
2024-10-14,2024-10-14,603018,华设集团,9,87.0600741174176
2024-10-14,2024-10-14,603386,骏亚科技,10,86.88999414862492
2024-10-14,2024-10-14,600011,华能国际,11,86.86034718158768
2024-10-14,2024-10-14,603320,迪贝电气,12,86.82757948117809
2024-10-14,2024-10-14,002273,水晶光电,13,86.7885703140238
2024-10-14,2024-10-14,002155,湖南黄金,14,86.7476106885118
2024-10-14,2024-10-14,600301,华锡有色,15,86.70353032962747
2024-10-14,2024-10-14,603070,万控智造,16,86.69962941291203
2024-10-14,2024-10-14,605068,明新旭腾,17,86.62707236200508
2024-10-14,2024-10-14,002310,东方新能,18,86.55314999024772
2024-10-14,2024-10-14,600027,华电国际,19,86.51355568558613
2024-10-14,2024-10-14,600497,驰宏锌锗,20,86.47259606007411
2024-10-14,2024-10-14,601991,大唐发电,21,86.46030817242054
2024-10-14,2024-10-14,001286,陕西能源,22,86.40003900916716
2024-10-14,2024-10-14,600961,株冶集团,23,86.22430271113713
2024-10-14,2024-10-14,603291,联合水务,24,86.15467134776672
2024-10-14,2024-10-14,600831,广电网络,25,86.14667446850011
2024-10-14,2024-10-14,605258,协和电子,26,86.06495026331189
2024-10-14,2024-10-14,000400,许继电气,27,86.0376438463039
2024-10-14,2024-10-14,603171,税友股份,28,86.01404330017554
2024-10-14,2024-10-14,603665,康隆达,29,85.94109615759703
2024-10-14,2024-10-14,002425,凯撒文化,30,85.92685781158575
2024-10-14,2024-10-14,600711,盛屯矿业,31,85.86795396918276
2024-10-14,2024-10-14,605277,新亚电子,32,85.837916910474
2024-10-14,2024-10-14,600023,浙能电力,33,85.81568168519603
2024-10-14,2024-10-14,600642,申能股份,34,85.7981275599766
2024-10-14,2024-10-14,601168,西部矿业,35,85.78583967232301
2024-10-14,2024-10-14,601128,常熟银行,36,85.74019894675251
2024-10-14,2024-10-14,600101,明星电力,37,85.7224497756973
2024-10-14,2024-10-14,601985,中国核电,38,85.67056758338211
2024-10-14,2024-10-14,605116,奥锐特,39,85.66023015408621
2024-10-14,2024-10-14,002981,朝阳科技,40,85.52350302321045
2024-10-14,2024-10-14,000703,恒逸石化,41,85.46752486834407
2024-10-14,2024-10-14,601231,环旭电子,42,85.4277355178467
2024-10-14,2024-10-14,600938,中国海油,43,85.42383460113128
2024-10-14,2024-10-14,603693,江苏新能,44,85.41837331772967
2024-10-14,2024-10-14,002846,英联股份,45,85.37156231714455
2024-10-14,2024-10-14,000883,湖北能源,46,85.37039204212991
2024-10-14,2024-10-14,605188,国光连锁,47,85.34055002925689
2024-10-14,2024-10-14,600733,北汽蓝谷,48,85.29237370782134
2024-10-14,2024-10-14,002237,恒邦股份,49,85.2239126194656
2024-10-14,2024-10-14,600727,鲁北化工,50,85.21962161107862
2024-10-28,2024-10-28,600548,深高速,1,89.82747295208655
2024-10-28,2024-10-28,601985,中国核电,2,89.49381761978363
2024-10-28,2024-10-28,600027,华电国际,3,89.25231839258116
2024-10-28,2024-10-28,600642,申能股份,4,88.98608964451313
2024-10-28,2024-10-28,600025,华能水电,5,88.90861669242659
2024-10-28,2024-10-28,000883,湖北能源,6,88.84563369397218
2024-10-28,2024-10-28,605299,舒华体育,7,88.77144513137559
2024-10-28,2024-10-28,002726,ST龙大,8,88.74091962905717
2024-10-28,2024-10-28,603686,福龙马,9,88.70904173106646
2024-10-28,2024-10-28,603363,傲农生物,10,88.70382534775891
2024-10-28,2024-10-28,601816,京沪高铁,11,88.65050231839258
2024-10-28,2024-10-28,600011,华能国际,12,88.61959041731068
2024-10-28,2024-10-28,600711,盛屯矿业,13,88.53999227202473
2024-10-28,2024-10-28,003816,中国广核,14,88.48551004636786
2024-10-28,2024-10-28,001226,拓山重工,15,88.32206336939723
2024-10-28,2024-10-28,600035,楚天高速,16,88.28071870170015
2024-10-28,2024-10-28,601006,大秦铁路,17,88.23010046367853
2024-10-28,2024-10-28,600033,福建高速,18,88.16943585780525
2024-10-28,2024-10-28,002310,东方新能,19,87.97662287480681
2024-10-28,2024-10-28,001378,德冠新材,20,87.90204791344668
2024-10-28,2024-10-28,002316,亚联发展,21,87.81221020092735
2024-10-28,2024-10-28,600834,申通地铁,22,87.72430448222566
2024-10-28,2024-10-28,601991,大唐发电,23,87.70208655332304
2024-10-28,2024-10-28,600023,浙能电力,24,87.58346213292118
2024-10-28,2024-10-28,600018,上港集团,25,87.57302936630603
2024-10-28,2024-10-28,600795,国电电力,26,87.5508114374034
2024-10-28,2024-10-28,600166,福田汽车,27,87.54385625965998
2024-10-28,2024-10-28,601128,常熟银行,28,87.5325540958269
2024-10-28,2024-10-28,600269,赣粤高速,29,87.50656877897991
2024-10-28,2024-10-28,601328,交通银行,30,87.4497681607419
2024-10-28,2024-10-28,600905,三峡能源,31,87.4024343122102
2024-10-28,2024-10-28,605188,国光连锁,32,87.39876352395672
2024-10-28,2024-10-28,002905,金逸影视,33,87.30370942812982
2024-10-28,2024-10-28,601298,青岛港,34,87.20189335394127
2024-10-28,2024-10-28,603219,富佳股份,35,87.19513137557959
2024-10-28,2024-10-28,601188,龙江交通,36,87.07380216383308
2024-10-28,2024-10-28,000572,海马汽车,37,87.05351622874808
2024-10-28,2024-10-28,603717,天域生物,38,87.02086553323029
2024-10-28,2024-10-28,600303,曙光股份,39,86.81858578052551
2024-10-28,2024-10-28,600557,康缘药业,40,86.77666151468316
2024-10-28,2024-10-28,603665,康隆达,41,86.69687017001546
2024-10-28,2024-10-28,603270,金帝股份,42,86.68141421947449
2024-10-28,2024-10-28,600006,东风股份,43,86.59872488408038
2024-10-28,2024-10-28,600125,铁龙物流,44,86.53960587326122
2024-10-28,2024-10-28,002168,ST惠程,45,86.52067233384855
2024-10-28,2024-10-28,600262,北方股份,46,86.50869397217929
2024-10-28,2024-10-28,603386,骏亚科技,47,86.41402627511593
2024-10-28,2024-10-28,001286,陕西能源,48,86.2291344667697
2024-10-28,2024-10-28,605116,奥锐特,49,86.221599690881
2024-10-28,2024-10-28,600028,中国石化,50,86.18334621329213
2024-11-11,2024-11-11,601006,大秦铁路,1,91.54545454545455
2024-11-11,2024-11-11,600548,深高速,2,90.55182397220615
2024-11-11,2024-11-11,600025,华能水电,3,90.52557421347231
2024-11-11,2024-11-11,600035,楚天高速,4,90.52094190310751
2024-11-11,2024-11-11,003816,中国广核,5,90.19610113877631
2024-11-11,2024-11-11,601985,中国核电,6,90.09631345300136
2024-11-11,2024-11-11,002059,云南旅游,7,89.73904651611659
2024-11-11,2024-11-11,600900,长江电力,8,89.69658367110598
2024-11-11,2024-11-11,600332,白云山,9,89.64466319243391
2024-11-11,2024-11-11,002039,黔源电力,10,89.53561088592936
2024-11-11,2024-11-11,600886,国投电力,11,89.4721096313453
2024-11-11,2024-11-11,603151,邦基科技,12,89.21578845782669
2024-11-11,2024-11-11,601816,京沪高铁,13,89.2013124879367
2024-11-11,2024-11-11,603225,新凤鸣,14,89.16232387569968
2024-11-11,2024-11-11,601328,交通银行,15,89.12931866435052
2024-11-11,2024-11-11,603686,福龙马,16,89.09747153059256
2024-11-11,2024-11-11,600023,浙能电力,17,89.05751785369618
2024-11-11,2024-11-11,600115,中国东航,18,89.0569388149006
2024-11-11,2024-11-11,601000,唐山港,19,89.05635977610501
2024-11-11,2024-11-11,600511,国药股份,20,88.90716077977225
2024-11-11,2024-11-11,000880,潍柴重机,21,88.82725342597953
2024-11-11,2024-11-11,600461,洪城环境,22,88.81335649488517
2024-11-11,2024-11-11,600028,中国石化,23,88.64234703725151
2024-11-11,2024-11-11,603067,振华股份,24,88.6016213086277
2024-11-11,2024-11-11,603590,康辰药业,25,88.54391044199963
2024-11-11,2024-11-11,600262,北方股份,26,88.4514572476356
2024-11-11,2024-11-11,002907,华森制药,27,88.41729395869524
2024-11-11,2024-11-11,600012,皖通高速,28,88.40223895000965
2024-11-11,2024-11-11,600011,华能国际,29,88.3893070835746
2024-11-11,2024-11-11,600368,五洲交通,30,88.38177957923182
2024-11-11,2024-11-11,600795,国电电力,31,88.33449141092454
2024-11-11,2024-11-11,002905,金逸影视,32,88.2692530399537
2024-11-11,2024-11-11,605188,国光连锁,33,88.24937270797143
2024-11-11,2024-11-11,600377,宁沪高速,34,88.22061378112335
2024-11-11,2024-11-11,600018,上港集团,35,88.171974522293
2024-11-11,2024-11-11,601233,桐昆股份,36,88.13279289712412
2024-11-11,2024-11-11,000543,皖能电力,37,88.08048639258831
2024-11-11,2024-11-11,001965,招商公路,38,88.04419996139742
2024-11-11,2024-11-11,600674,川投能源,39,88.00829955607026
2024-11-11,2024-11-11,603390,通达电气,40,87.9862960818375
2024-11-11,2024-11-11,601298,青岛港,41,87.90677475390851
2024-11-11,2024-11-11,601857,中国石油,42,87.82397220613781
2024-11-11,2024-11-11,000906,浙商中拓,43,87.726886701409
2024-11-11,2024-11-11,000883,湖北能源,44,87.7079714340861
2024-11-11,2024-11-11,603689,皖天然气,45,87.62536189924725
2024-11-11,2024-11-11,605116,奥锐特,46,87.62362478286046
2024-11-11,2024-11-11,600033,福建高速,47,87.61474618799461
2024-11-11,2024-11-11,605177,东亚药业,48,87.60837676124302
2024-11-11,2024-11-11,600938,中国海油,49,87.55587724377534
2024-11-11,2024-11-11,603391,力聚热能,50,87.55027986875122
2024-11-25,2024-11-25,601988,中国银行,1,92.75717864713819
2024-11-25,2024-11-25,601398,工商银行,2,92.74330314126036
2024-11-25,2024-11-25,601288,农业银行,3,92.69088456349972
2024-11-25,2024-11-25,601939,建设银行,4,92.39429562536135
2024-11-25,2024-11-25,601006,大秦铁路,5,92.09847754866063
2024-11-25,2024-11-25,601328,交通银行,6,92.0855656195799
2024-11-25,2024-11-25,002039,黔源电力,7,92.05897089998074
2024-11-25,2024-11-25,600886,国投电力,8,91.97205627288496
2024-11-25,2024-11-25,001965,招商公路,9,91.95355559838121
2024-11-25,2024-11-25,600350,山东高速,10,91.874349585662
2024-11-25,2024-11-25,000429,粤高速Ａ,11,91.8365773752168
2024-11-25,2024-11-25,600548,深高速,12,91.61803815764117
2024-11-25,2024-11-25,600900,长江电力,13,91.44613605704376
2024-11-25,2024-11-25,600035,楚天高速,14,91.06764309115438
2024-11-25,2024-11-25,600674,川投能源,15,90.98207747157448
2024-11-25,2024-11-25,000598,兴蓉环境,16,90.92445557910968
2024-11-25,2024-11-25,601158,重庆水务,17,90.90344960493351
2024-11-25,2024-11-25,600795,国电电力,18,90.88514164578918
2024-11-25,2024-11-25,601827,三峰环境,19,90.88148005396032
2024-11-25,2024-11-25,600025,华能水电,20,90.84197340528041
2024-11-25,2024-11-25,600028,中国石化,21,90.7535170553093
2024-11-25,2024-11-25,600377,宁沪高速,22,90.70090576218927
2024-11-25,2024-11-25,600332,白云山,23,90.68722297167086
2024-11-25,2024-11-25,600461,洪城环境,24,90.68722297167085
2024-11-25,2024-11-25,600011,华能国际,25,90.54037386779726
2024-11-25,2024-11-25,000543,皖能电力,26,90.50587781846214
2024-11-25,2024-11-25,601658,邮储银行,27,90.50337251878975
2024-11-25,2024-11-25,601298,青岛港,28,90.41221815378687
2024-11-25,2024-11-25,601998,中信银行,29,90.37483137406053
2024-11-25,2024-11-25,601985,中国核电,30,90.30834457506265
2024-11-25,2024-11-25,003816,中国广核,31,90.28502601657352
2024-11-25,2024-11-25,601098,中南传媒,32,90.22624783195222
2024-11-25,2024-11-25,601019,山东出版,33,90.16766236269032
2024-11-25,2024-11-25,600323,瀚蓝环境,34,90.16303719406437
2024-11-25,2024-11-25,601838,XD成都银,35,89.97244170360379
2024-11-25,2024-11-25,000975,山金国际,36,89.89150125264983
2024-11-25,2024-11-25,601857,中国石油,37,89.81672769319717
2024-11-25,2024-11-25,600926,杭州银行,38,89.81499325496245
2024-11-25,2024-11-25,601816,京沪高铁,39,89.6482944690692
2024-11-25,2024-11-25,600547,山东黄金,40,89.62671034881481
2024-11-25,2024-11-25,600161,天坛生物,41,89.57217190210059
2024-11-25,2024-11-25,600905,三峡能源,42,89.50356523414916
2024-11-25,2024-11-25,002168,ST惠程,43,89.39371747928313
2024-11-25,2024-11-25,603156,养元饮品,44,89.35363268452497
2024-11-25,2024-11-25,600916,中国黄金,45,89.26883792638274
2024-11-25,2024-11-25,002252,上海莱士,46,89.1892464829447
2024-11-25,2024-11-25,601766,中国中车,47,89.10965503950665
2024-11-25,2024-11-25,600027,华电国际,48,89.0244748506456
2024-11-25,2024-11-25,603639,海利尔,49,89.0202351127385
2024-11-25,2024-11-25,600941,中国移动,50,88.9113509346695
2024-12-09,2024-12-09,002039,黔源电力,1,91.05588745423012
2024-12-09,2024-12-09,001965,招商公路,2,90.00635960686067
2024-12-09,2024-12-09,000403,派林生物,3,89.76006937752939
2024-12-09,2024-12-09,600886,国投电力,4,89.6579302370399
2024-12-09,2024-12-09,601952,苏垦农发,5,89.51300828676045
2024-12-09,2024-12-09,600461,洪城环境,6,89.48275197533245
2024-12-09,2024-12-09,002461,珠江啤酒,7,89.41954133744461
2024-12-09,2024-12-09,600795,国电电力,8,89.33744459433419
2024-12-09,2024-12-09,600161,天坛生物,9,89.15667758720373
2024-12-09,2024-12-09,600547,山东黄金,10,89.13393717479283
2024-12-09,2024-12-09,600350,山东高速,11,89.10445172480249
2024-12-09,2024-12-09,002322,理工能科,12,88.99691655424938
2024-12-09,2024-12-09,001216,华瓷股份,13,88.95798805164773
2024-12-09,2024-12-09,603199,九华旅游,14,88.6226633262671
2024-12-09,2024-12-09,600863,华能蒙电,15,88.54075929851611
2024-12-09,2024-12-09,600027,华电国际,16,88.46810560801697
2024-12-09,2024-12-09,600011,华能国际,17,88.43669300443247
2024-12-09,2024-12-09,600406,国电南瑞,18,88.43380227404126
2024-12-09,2024-12-09,000543,皖能电力,19,88.28290614761998
2024-12-09,2024-12-09,000729,燕京啤酒,20,88.26691077278859
2024-12-09,2024-12-09,001277,速达股份,21,88.11177490846022
2024-12-09,2024-12-09,601222,林洋能源,22,88.03333975717865
2024-12-09,2024-12-09,600535,天士力,23,87.97089998072848
2024-12-09,2024-12-09,600900,长江电力,24,87.90402775101175
2024-12-09,2024-12-09,603172,万丰股份,25,87.84409327423397
2024-12-09,2024-12-09,003816,中国广核,26,87.83310849874736
2024-12-09,2024-12-09,600685,中船防务,27,87.82000385430719
2024-12-09,2024-12-09,601098,中南传媒,28,87.80362304875699
2024-12-09,2024-12-09,000902,新洋丰,29,87.78974754287918
2024-12-09,2024-12-09,600976,健民集团,30,87.71266139911351
2024-12-09,2024-12-09,603277,银都股份,31,87.6255540566583
2024-12-09,2024-12-09,605099,共创草坪,32,87.43495856619774
2024-12-09,2024-12-09,600529,山东药玻,33,87.3867797263442
2024-12-09,2024-12-09,000598,兴蓉环境,34,87.38042011948353
2024-12-09,2024-12-09,605296,神农集团,35,87.36847176719985
2024-12-09,2024-12-09,688575,亚辉龙,36,87.21853921757564
2024-12-09,2024-12-09,002714,牧原股份,37,87.19541337444595
2024-12-09,2024-12-09,600026,中远海能,38,87.15243784929659
2024-12-09,2024-12-09,600188,兖矿能源,39,87.12083253035269
2024-12-09,2024-12-09,600031,三一重工,40,87.11177490846022
2024-12-09,2024-12-09,603997,继峰股份,41,87.03584505685103
2024-12-09,2024-12-09,600988,赤峰黄金,42,87.0300635960686
2024-12-09,2024-12-09,002032,苏 泊 尔,43,87.01772981306611
2024-12-09,2024-12-09,000538,云南白药,44,87.00404702254771
2024-12-09,2024-12-09,600426,华鲁恒升,45,86.93871651570632
2024-12-09,2024-12-09,600519,贵州茅台,46,86.91578338793602
2024-12-09,2024-12-09,600025,华能水电,47,86.91250722682598
2024-12-09,2024-12-09,600803,新奥股份,48,86.90961649643478
2024-12-09,2024-12-09,600916,中国黄金,49,86.88070919252266
2024-12-09,2024-12-09,002270,华明装备,50,86.7804972056273
2024-12-23,2024-12-23,002597,金禾实业,1,91.10026943802926
2024-12-23,2024-12-23,601096,XD宏盛华,2,90.18321785989222
2024-12-23,2024-12-23,600988,赤峰黄金,3,90.01847575057738
2024-12-23,2024-12-23,000682,东方电子,4,89.98652809853735
2024-12-23,2024-12-23,001337,四川黄金,5,89.77809853733642
2024-12-23,2024-12-23,600547,山东黄金,6,89.72575057736721
2024-12-23,2024-12-23,002322,理工能科,7,89.50423402617398
2024-12-23,2024-12-23,002039,黔源电力,8,89.49538106235568
2024-12-23,2024-12-23,000791,甘肃能源,9,89.48864511162434
2024-12-23,2024-12-23,601126,四方股份,10,89.44534257120863
2024-12-23,2024-12-23,600685,中船防务,11,89.32448036951503
2024-12-23,2024-12-23,600406,国电南瑞,12,89.19515011547344
2024-12-23,2024-12-23,601222,林洋能源,13,89.09603541185527
2024-12-23,2024-12-23,300294,博雅生物,14,88.95996920708238
2024-12-23,2024-12-23,600161,天坛生物,15,88.95977675134719
2024-12-23,2024-12-23,601069,西部黄金,16,88.88876058506544
2024-12-23,2024-12-23,600362,江西铜业,17,88.75134719014628
2024-12-23,2024-12-23,603277,银都股份,18,88.69380292532718
2024-12-23,2024-12-23,002493,荣盛石化,19,88.64684372594303
2024-12-23,2024-12-23,600489,中金黄金,20,88.61239414934565
2024-12-23,2024-12-23,002922,伊戈尔,21,88.51886066204774
2024-12-23,2024-12-23,601952,苏垦农发,22,88.39799846035412
2024-12-23,2024-12-23,600886,国投电力,23,88.3891454965358
2024-12-23,2024-12-23,001286,陕西能源,24,88.29657428791378
2024-12-23,2024-12-23,002150,正泰电源,25,88.211701308699
2024-12-23,2024-12-23,603050,科林电气,26,88.08448806774443
2024-12-23,2024-12-23,000800,一汽解放,27,87.99576597382602
2024-12-23,2024-12-23,603979,金诚信,28,87.92090069284066
2024-12-23,2024-12-23,000975,山金国际,29,87.81543494996153
2024-12-23,2024-12-23,603439,三力制药,30,87.78060046189377
2024-12-23,2024-12-23,601899,紫金矿业,31,87.76077752117014
2024-12-23,2024-12-23,000737,北方铜业,32,87.74422632794459
2024-12-23,2024-12-23,600031,三一重工,33,87.67821401077754
2024-12-23,2024-12-23,600011,华能国际,34,87.61624326404929
2024-12-23,2024-12-23,603826,坤彩科技,35,87.60103926096998
2024-12-23,2024-12-23,601958,金钼股份,36,87.51732101616629
2024-12-23,2024-12-23,600795,国电电力,37,87.463818321786
2024-12-23,2024-12-23,002237,恒邦股份,38,87.45342571208623
2024-12-23,2024-12-23,600535,天士力,39,87.42070823710547
2024-12-23,2024-12-23,600925,苏能股份,40,87.38606620477292
2024-12-23,2024-12-23,600038,中直股份,41,87.36470361816782
2024-12-23,2024-12-23,003816,中国广核,42,87.35007698229408
2024-12-23,2024-12-23,600845,宝信软件,43,87.22671285604312
2024-12-23,2024-12-23,000960,锡业股份,44,87.22055427251732
2024-12-23,2024-12-23,002120,韵达股份,45,87.20034642032331
2024-12-23,2024-12-23,600309,万华化学,46,87.18110084680525
2024-12-23,2024-12-23,601179,中国西电,47,87.12702078521941
2024-12-23,2024-12-23,688575,亚辉龙,48,87.12240184757508
2024-12-23,2024-12-23,002432,九安医疗,49,87.11989992301771
2024-12-23,2024-12-23,603298,杭叉集团,50,87.10103926096998
2025-01-07,2025-01-07,000617,中油资本,1,87.79799730406316
2025-01-07,2025-01-07,002322,理工能科,2,87.4523396880416
2025-01-07,2025-01-07,688399,硕世生物,3,87.32524552281919
2025-01-07,2025-01-07,300294,博雅生物,4,87.11823608704026
2025-01-07,2025-01-07,000002,万  科Ａ,5,86.96591565569037
2025-01-07,2025-01-07,603051,鹿山新材,6,86.88985172347391
2025-01-07,2025-01-07,000682,东方电子,7,86.76506836125554
2025-01-07,2025-01-07,000550,江铃汽车,8,86.74773733872522
2025-01-07,2025-01-07,000736,中交发展,9,86.58367032543809
2025-01-07,2025-01-07,002294,信立泰,10,86.44906605045254
2025-01-07,2025-01-07,301367,瑞迈特,11,86.38243789716928
2025-01-07,2025-01-07,300122,智飞生物,12,86.32717119198922
2025-01-07,2025-01-07,601069,西部黄金,13,86.20758713652997
2025-01-07,2025-01-07,002423,中粮资本,14,86.12574619680339
2025-01-07,2025-01-07,688223,晶科能源,15,86.12536106296939
2025-01-07,2025-01-07,688198,佰仁医疗,16,86.1097631426921
2025-01-07,2025-01-07,688459,哈铁科技,17,86.09031388407472
2025-01-07,2025-01-07,601677,明泰铝业,18,86.0735605622954
2025-01-07,2025-01-07,688390,固德威,19,85.946851530907
2025-01-07,2025-01-07,688569,铁科轨道,20,85.86231465434238
2025-01-07,2025-01-07,300191,潜能恒信,21,85.8313113807048
2025-01-07,2025-01-07,600233,圆通速递,22,85.75967648757944
2025-01-07,2025-01-07,001279,强邦新材,23,85.73021374927788
2025-01-07,2025-01-07,920753,天纺标,24,85.69901790872329
2025-01-07,2025-01-07,002606,大连电瓷,25,85.59156556903524
2025-01-07,2025-01-07,600720,中交设计,26,85.55420758713655
2025-01-07,2025-01-07,601633,长城汽车,27,85.53860966685924
2025-01-07,2025-01-07,300393,中来股份,28,85.50182938571153
2025-01-07,2025-01-07,001236,弘业期货,29,85.31735027922204
2025-01-07,2025-01-07,000960,锡业股份,30,85.22934719815137
2025-01-07,2025-01-07,300722,新余国科,31,85.12593876372041
2025-01-07,2025-01-07,688575,亚辉龙,32,85.10437126901597
2025-01-07,2025-01-07,600988,赤峰黄金,33,85.07798960138649
2025-01-07,2025-01-07,301618,长联科技,34,85.00404390525709
2025-01-07,2025-01-07,601126,四方股份,35,84.99133448873485
2025-01-07,2025-01-07,301047,义翘神州,36,84.89177739264395
2025-01-07,2025-01-07,600992,贵绳股份,37,84.85961871750435
2025-01-07,2025-01-07,300732,设研院,38,84.84479106489506
2025-01-07,2025-01-07,300487,蓝晓科技,39,84.83824378971694
2025-01-07,2025-01-07,001298,好上好,40,84.83323704987484
2025-01-07,2025-01-07,603235,天新药业,41,84.81436549200848
2025-01-07,2025-01-07,301559,中集环科,42,84.78875409204699
2025-01-07,2025-01-07,688177,百奥泰,43,84.7415751973811
2025-01-07,2025-01-07,002443,金洲管道,44,84.6626227614096
2025-01-07,2025-01-07,002064,华峰化学,45,84.62006547275179
2025-01-07,2025-01-07,600550,保变电气,46,84.61929520508379
2025-01-07,2025-01-07,601600,中国铝业,47,84.56614673599077
2025-01-07,2025-01-07,688819,天能股份,48,84.5634507991527
2025-01-07,2025-01-07,000800,一汽解放,49,84.5517042172155
2025-01-07,2025-01-07,003043,华亚智能,50,84.55035624879648
2025-01-21,2025-01-21,688560,明冠新材,1,86.9655439411537
2025-01-21,2025-01-21,300320,海达股份,2,86.90960123886953
2025-01-21,2025-01-21,600939,重庆建工,3,86.82288037166087
2025-01-21,2025-01-21,600658,电子城,4,86.54839334107628
2025-01-21,2025-01-21,600550,保变电气,5,86.43031358885018
2025-01-21,2025-01-21,002623,亚玛顿,6,86.36256291134342
2025-01-21,2025-01-21,603396,金辰股份,7,86.12659698025553
2025-01-21,2025-01-21,301292,海科新源,8,86.03484320557492
2025-01-21,2025-01-21,300261,雅本化学,9,85.96244676732483
2025-01-21,2025-01-21,300428,立中集团,10,85.87088656600851
2025-01-21,2025-01-21,301281,科源制药,11,85.82965543941154
2025-01-21,2025-01-21,300314,戴维医疗,12,85.40127758420442
2025-01-21,2025-01-21,000025,特  力Ａ,13,85.40050329074721
2025-01-21,2025-01-21,600509,天富能源,14,85.13995354239259
2025-01-21,2025-01-21,000062,深圳华强,15,85.10530391018197
2025-01-21,2025-01-21,301613,新铝时代,16,85.01006581494387
2025-01-21,2025-01-21,000617,中油资本,17,84.99419279907086
2025-01-21,2025-01-21,688556,高测股份,18,84.46399535423924
2025-01-21,2025-01-21,603051,鹿山新材,19,84.39217963608209
2025-01-21,2025-01-21,688399,硕世生物,20,84.32288037166086
2025-01-21,2025-01-21,002873,新天药业,21,84.27177700348435
2025-01-21,2025-01-21,301136,招标股份,22,84.23732094463803
2025-01-21,2025-01-21,300008,天海防务,23,84.10549748354626
2025-01-21,2025-01-21,601636,旗滨集团,24,84.09698025551684
2025-01-21,2025-01-21,688197,首药控股-U,25,84.06581494386374
2025-01-21,2025-01-21,000011,深物业A,26,83.99670925280682
2025-01-21,2025-01-21,600586,金晶科技,27,83.98683701122727
2025-01-21,2025-01-21,300489,光智科技,28,83.97077042198993
2025-01-21,2025-01-21,000790,华神科技,29,83.94367015098723
2025-01-21,2025-01-21,000503,国新健康,30,83.82597754548975
2025-01-21,2025-01-21,300016,北陆药业,31,83.80294231513744
2025-01-21,2025-01-21,603010,万盛股份,32,83.77158343012003
2025-01-21,2025-01-21,688505,复旦张江,33,83.72919086333721
2025-01-21,2025-01-21,600133,东湖高新,34,83.72473867595819
2025-01-21,2025-01-21,600217,中再资环,35,83.65311653116532
2025-01-21,2025-01-21,600463,空港股份,36,83.63511420828493
2025-01-21,2025-01-21,600720,中交设计,37,83.59698025551685
2025-01-21,2025-01-21,600756,浪潮软件,38,83.59581881533101
2025-01-21,2025-01-21,601003,柳钢股份,39,83.58865660085173
2025-01-21,2025-01-21,688236,春立医疗,40,83.44676732481611
2025-01-21,2025-01-21,300005,探路者,41,83.4159891598916
2025-01-21,2025-01-21,603038,华立股份,42,83.37533875338754
2025-01-21,2025-01-21,600310,广西能源,43,83.31687959736742
2025-01-21,2025-01-21,002457,青龙管业,44,83.31068524970965
2025-01-21,2025-01-21,600399,抚顺特钢,45,83.27158343012002
2025-01-21,2025-01-21,000059,华锦股份,46,83.27119628339142
2025-01-21,2025-01-21,300045,华力创通,47,83.24738675958189
2025-01-21,2025-01-21,300497,富祥股份,48,83.2018970189702
2025-01-21,2025-01-21,001279,强邦新材,49,83.16647309330236
2025-01-21,2025-01-21,300210,森远股份,50,83.11304684475415
2025-02-12,2025-02-12,600210,紫江企业,1,87.46593321752559
2025-02-12,2025-02-12,000557,西部创业,2,86.35166956186065
2025-02-12,2025-02-12,300070,碧水源,3,86.1829762594094
2025-02-12,2025-02-12,002673,西部证券,4,85.44431576915653
2025-02-12,2025-02-12,300165,天瑞仪器,5,85.24763559158465
2025-02-12,2025-02-12,300332,天壕能源,6,85.13337193591973
2025-02-12,2025-02-12,600121,郑州煤电,7,84.73287010229686
2025-02-12,2025-02-12,603876,鼎胜新材,8,84.51708164447017
2025-02-12,2025-02-12,603205,健尔康,9,84.51534452808339
2025-02-12,2025-02-12,300621,维业股份,10,84.50434279096702
2025-02-12,2025-02-12,600168,武汉控股,11,83.99420961204402
2025-02-12,2025-02-12,600702,舍得酒业,12,83.91430225825131
2025-02-12,2025-02-12,600792,云煤能源,13,83.90909090909092
2025-02-12,2025-02-12,300097,智云股份,14,83.47519783825518
2025-02-12,2025-02-12,000782,恒申新材,15,83.25612816058677
2025-02-12,2025-02-12,002513,蓝丰生化,16,83.17332561281607
2025-02-12,2025-02-12,000159,国际实业,17,83.16888631538313
2025-02-12,2025-02-12,002374,中锐股份,18,82.91468828411504
2025-02-12,2025-02-12,600199,金种子酒,19,82.76857749469215
2025-02-12,2025-02-12,688399,硕世生物,20,82.71607797722447
2025-02-12,2025-02-12,002805,丰元股份,21,82.67998455896546
2025-02-12,2025-02-12,600834,申通地铁,22,82.6653155761436
2025-02-12,2025-02-12,603399,永杉锂业,23,82.57016020073345
2025-02-12,2025-02-12,000547,航天发展,24,82.45010615711254
2025-02-12,2025-02-12,601828,美凯龙,25,82.41420575178539
2025-02-12,2025-02-12,300121,阳谷华泰,26,82.38602586373288
2025-02-12,2025-02-12,002389,航天彩虹,27,82.37984944991315
2025-02-12,2025-02-12,300243,瑞丰高材,28,82.37695425593515
2025-02-12,2025-02-12,600903,贵州燃气,29,82.34375603165414
2025-02-12,2025-02-12,600110,诺德股份,30,81.93823586180275
2025-02-12,2025-02-12,600779,水井坊,31,81.92800617641383
2025-02-12,2025-02-12,000799,酒鬼酒,32,81.89538699092842
2025-02-12,2025-02-12,300175,朗源股份,33,81.85273113298592
2025-02-12,2025-02-12,600966,博汇纸业,34,81.79540629222157
2025-02-12,2025-02-12,301136,招标股份,35,81.69388149005985
2025-02-12,2025-02-12,600884,杉杉股份,36,81.58675931287395
2025-02-12,2025-02-12,301357,北方长龙,37,81.58000386025866
2025-02-12,2025-02-12,002302,西部建设,38,81.46902142443544
2025-02-12,2025-02-12,603739,蔚蓝生物,39,81.39837869137234
2025-02-12,2025-02-12,603032,德新科技,40,81.38795599305153
2025-02-12,2025-02-12,600939,重庆建工,41,81.29820497973364
2025-02-12,2025-02-12,601066,中信建投,42,81.28778228141286
2025-02-12,2025-02-12,300896,爱美客,43,81.26191854854275
2025-02-12,2025-02-12,301281,科源制药,44,81.18394132406871
2025-02-12,2025-02-12,002388,新亚制程,45,81.16502605674582
2025-02-12,2025-02-12,600586,金晶科技,46,81.13009071607799
2025-02-12,2025-02-12,300581,晨曦航空,47,81.12623045744066
2025-02-12,2025-02-12,001279,强邦新材,48,81.05848291835554
2025-02-12,2025-02-12,600667,太极实业,49,81.02682879752945
2025-02-12,2025-02-12,300320,海达股份,50,80.99594672843081
2025-02-26,2025-02-26,600479,千金药业,1,89.63947014782109
2025-02-26,2025-02-26,000548,湖南投资,2,88.23516989825303
2025-02-26,2025-02-26,600903,贵州燃气,3,88.02966020349396
2025-02-26,2025-02-26,603318,水发燃气,4,87.92896909195625
2025-02-26,2025-02-26,000605,渤海股份,5,87.19331925513535
2025-02-26,2025-02-26,600470,六国化工,6,87.09425993472837
2025-02-26,2025-02-26,600917,重庆燃气,7,86.54866577078135
2025-02-26,2025-02-26,300097,智云股份,8,86.36360145901327
2025-02-26,2025-02-26,002469,三维化学,9,86.13188711844883
2025-02-26,2025-02-26,000822,山东海化,10,86.0270685352275
2025-02-26,2025-02-26,600333,长春燃气,11,86.02207717412173
2025-02-26,2025-02-26,300165,天瑞仪器,12,85.93991169130351
2025-02-26,2025-02-26,002644,佛慈制药,13,85.82011902476484
2025-02-26,2025-02-26,603393,新天然气,14,85.78748320215011
2025-02-26,2025-02-26,000593,德龙汇能,15,85.78364369360723
2025-02-26,2025-02-26,002040,南 京 港,16,85.7573430600883
2025-02-26,2025-02-26,600400,红豆股份,17,85.62545594163949
2025-02-26,2025-02-26,600395,盘江股份,18,85.52274908811674
2025-02-26,2025-02-26,002556,辉隆股份,19,85.42157803801115
2025-02-26,2025-02-26,000422,湖北宜化,20,85.39700518333655
2025-02-26,2025-02-26,000159,国际实业,21,85.39566135534653
2025-02-26,2025-02-26,300332,天壕能源,22,85.31906315991553
2025-02-26,2025-02-26,603527,众源新材,23,85.3065847571511
2025-02-26,2025-02-26,600121,郑州煤电,24,85.29199462468806
2025-02-26,2025-02-26,603520,司太立,25,85.10193895181418
2025-02-26,2025-02-26,300483,首华燃气,26,85.08523708965254
2025-02-26,2025-02-26,000900,现代投资,27,85.05797657899791
2025-02-26,2025-02-26,002344,海宁皮城,28,85.0491457093492
2025-02-26,2025-02-26,688602,康鹏科技,29,84.91764254175466
2025-02-26,2025-02-26,600425,青松建化,30,84.85390669994241
2025-02-26,2025-02-26,600123,兰花科创,31,84.82799001727778
2025-02-26,2025-02-26,000546,金圆股份,32,84.73929736993665
2025-02-26,2025-02-26,600185,珠免集团,33,84.71606834325208
2025-02-26,2025-02-26,600966,博汇纸业,34,84.71376463812634
2025-02-26,2025-02-26,600822,上海物贸,35,84.63755039354963
2025-02-26,2025-02-26,600800,渤海化学,36,84.59416394701479
2025-02-26,2025-02-26,002303,美盈森,37,84.57611825686313
2025-02-26,2025-02-26,601968,宝钢包装,38,84.39412555192936
2025-02-26,2025-02-26,002538,ST司特,39,84.38779036283357
2025-02-26,2025-02-26,603706,东方环宇,40,84.3735841812248
2025-02-26,2025-02-26,600935,华塑股份,41,84.32578229986562
2025-02-26,2025-02-26,002455,百川股份,42,84.26838164714916
2025-02-26,2025-02-26,002310,东方新能,43,84.18813591860244
2025-02-26,2025-02-26,600773,西藏城投,44,84.08523708965254
2025-02-26,2025-02-26,002554,惠博普,45,84.07640622000385
2025-02-26,2025-02-26,600792,云煤能源,46,84.05701670186217
2025-02-26,2025-02-26,300437,清水源,47,84.02822038779037
2025-02-26,2025-02-26,002737,葵花药业,48,83.99923209829142
2025-02-26,2025-02-26,000525,红太阳,49,83.94816663467078
2025-02-26,2025-02-26,600135,乐凯胶片,50,83.92704933768478
2025-03-12,2025-03-12,002644,佛慈制药,1,88.48591684230695
2025-03-12,2025-03-12,000937,冀中能源,2,87.92508143322478
2025-03-12,2025-03-12,600157,永泰能源,3,87.85380341061506
2025-03-12,2025-03-12,600293,三峡新材,4,87.68557194864917
2025-03-12,2025-03-12,300165,天瑞仪器,5,87.22858785207895
2025-03-12,2025-03-12,600518,康美药业,6,87.09273807242766
2025-03-12,2025-03-12,600691,潞化科技,7,86.98946158267869
2025-03-12,2025-03-12,601699,潞安环能,8,86.84403142364438
2025-03-12,2025-03-12,600796,钱江生化,9,86.83196014562178
2025-03-12,2025-03-12,603077,和邦生物,10,86.69438589768154
2025-03-12,2025-03-12,600903,贵州燃气,11,86.58689404100403
2025-03-12,2025-03-12,002737,葵花药业,12,86.50411956313471
2025-03-12,2025-03-12,600123,兰花科创,13,86.45027783100213
2025-03-12,2025-03-12,601666,平煤股份,14,86.42766813565818
2025-03-12,2025-03-12,603318,水发燃气,15,86.31998467139299
2025-03-12,2025-03-12,000626,远大控股,16,86.062080858402
2025-03-12,2025-03-12,000159,国际实业,17,86.01571182218815
2025-03-12,2025-03-12,600221,海航控股,18,85.9360030657214
2025-03-12,2025-03-12,600373,中文传媒,19,85.83368461391072
2025-03-12,2025-03-12,600617,国新能源,20,85.82908603180688
2025-03-12,2025-03-12,601019,山东出版,21,85.82391262694003
2025-03-12,2025-03-12,000507,珠海港,22,85.81222456409274
2025-03-12,2025-03-12,603669,灵康药业,23,85.67733282237977
2025-03-12,2025-03-12,601992,金隅集团,24,85.58574439547807
2025-03-12,2025-03-12,002332,仙琚制药,25,85.49530561410232
2025-03-12,2025-03-12,601188,龙江交通,26,85.46110365970495
2025-03-12,2025-03-12,600787,中储股份,27,85.44050584403143
2025-03-12,2025-03-12,300097,智云股份,28,85.4368652998659
2025-03-12,2025-03-12,600790,轻纺城,29,85.4062080858402
2025-03-12,2025-03-12,600333,长春燃气,30,85.35830618892508
2025-03-12,2025-03-12,000552,甘肃能化,31,85.33952864533435
2025-03-12,2025-03-12,601366,利群股份,32,85.21325924506611
2025-03-12,2025-03-12,002554,惠博普,33,84.98716229162675
2025-03-12,2025-03-12,000597,东北制药,34,84.93830235677333
2025-03-12,2025-03-12,603099,长白山,35,84.93581145813374
2025-03-12,2025-03-12,002603,以岭药业,36,84.9220157118222
2025-03-12,2025-03-12,600800,渤海化学,37,84.71967809925273
2025-03-12,2025-03-12,601101,昊华能源,38,84.71757041578847
2025-03-12,2025-03-12,601015,陕西黑猫,39,84.68499712588618
2025-03-12,2025-03-12,301526,国际复材,40,84.66813565817208
2025-03-12,2025-03-12,601949,中国出版,41,84.65683081050011
2025-03-12,2025-03-12,600551,时代出版,42,84.64399310212684
2025-03-12,2025-03-12,002004,华邦健康,43,84.60068978731559
2025-03-12,2025-03-12,600479,千金药业,44,84.60068978731559
2025-03-12,2025-03-12,600871,石化油服,45,84.58401992718913
2025-03-12,2025-03-12,002168,ST惠程,46,84.5826786740755
2025-03-12,2025-03-12,600567,山鹰国际,47,84.54742287794598
2025-03-12,2025-03-12,600339,中油工程,48,84.50823912626942
2025-03-12,2025-03-12,000402,金 融 街,49,84.45506802069363
2025-03-12,2025-03-12,002186,全 聚 德,50,84.41885418662581
2025-03-26,2025-03-26,600373,中文传媒,1,88.26975320451503
2025-03-26,2025-03-26,601456,国联民生,2,87.40214272048976
2025-03-26,2025-03-26,600787,中储股份,3,87.3187296728525
2025-03-26,2025-03-26,600221,海航控股,4,87.06122058542185
2025-03-26,2025-03-26,600529,山东药玻,5,87.03367132198203
2025-03-26,2025-03-26,600088,中视传媒,6,87.01415726037881
2025-03-26,2025-03-26,002038,双鹭药业,7,86.82399081691219
2025-03-26,2025-03-26,600864,哈投股份,8,86.78974555194185
2025-03-26,2025-03-26,601186,中国铁建,9,86.75224794337096
2025-03-26,2025-03-26,601156,东航物流,10,86.66041706523819
2025-03-26,2025-03-26,003016,欣贺股份,11,86.617180026784
2025-03-26,2025-03-26,002728,特一药业,12,86.48555576812704
2025-03-26,2025-03-26,603128,华贸物流,13,86.42146546776355
2025-03-26,2025-03-26,002737,葵花药业,14,86.27970154964608
2025-03-26,2025-03-26,600157,永泰能源,15,86.20547158982208
2025-03-26,2025-03-26,601366,利群股份,16,85.87468911421466
2025-03-26,2025-03-26,000788,北大医药,17,85.84637459345707
2025-03-26,2025-03-26,601908,京运通,18,85.8182513870289
2025-03-26,2025-03-26,600793,宜宾纸业,19,85.77004017600918
2025-03-26,2025-03-26,600790,轻纺城,20,85.73541228237995
2025-03-26,2025-03-26,002302,西部建设,21,85.66979146738092
2025-03-26,2025-03-26,600333,长春燃气,22,85.52133154773293
2025-03-26,2025-03-26,002936,郑州银行,23,85.51425291754353
2025-03-26,2025-03-26,600028,中国石化,24,85.49359096996366
2025-03-26,2025-03-26,000517,荣安地产,25,85.48479051080926
2025-03-26,2025-03-26,600827,百联股份,26,85.43390089917735
2025-03-26,2025-03-26,603077,和邦生物,27,85.43370958484793
2025-03-26,2025-03-26,600575,淮河能源,28,85.40137746317201
2025-03-26,2025-03-26,600903,贵州燃气,29,85.25655251578344
2025-03-26,2025-03-26,002743,ST富煌,30,85.24105605509854
2025-03-26,2025-03-26,000028,国药一致,31,85.23722976850966
2025-03-26,2025-03-26,000802,北京文化,32,85.15993877941459
2025-03-26,2025-03-26,000752,*ST西发,33,85.13564185957529
2025-03-26,2025-03-26,600674,川投能源,34,85.10732733881768
2025-03-26,2025-03-26,601992,金隅集团,35,85.10311842356995
2025-03-26,2025-03-26,000100,TCL科技,36,85.10005739429883
2025-03-26,2025-03-26,600567,山鹰国际,37,85.03673235125314
2025-03-26,2025-03-26,002482,广田集团,38,85.0114788597666
2025-03-26,2025-03-26,600655,豫园股份,39,84.95982399081691
2025-03-26,2025-03-26,601686,友发集团,40,84.92787449779989
2025-03-26,2025-03-26,000402,金 融 街,41,84.88731585995791
2025-03-26,2025-03-26,600518,康美药业,42,84.87956762961547
2025-03-26,2025-03-26,603392,万泰生物,43,84.81098144251004
2025-03-26,2025-03-26,603395,红四方,44,84.78458006504688
2025-03-26,2025-03-26,600743,华远控股,45,84.75320451501818
2025-03-26,2025-03-26,001330,博纳影业,46,84.73809068299217
2025-03-26,2025-03-26,300425,中建环能,47,84.73598622536828
2025-03-26,2025-03-26,601019,山东出版,48,84.71608953510619
2025-03-26,2025-03-26,600390,五矿资本,49,84.6701740960398
2025-03-26,2025-03-26,002004,华邦健康,50,84.64013774631721
2025-04-10,2025-04-10,000669,ST金鸿,1,88.05980129919755
2025-04-10,2025-04-10,603559,中通国脉,2,87.04241497898359
2025-04-10,2025-04-10,600743,华远控股,3,86.98223156285825
2025-04-10,2025-04-10,002038,双鹭药业,4,86.9145968666412
2025-04-10,2025-04-10,600221,海航控股,5,86.37179977072985
2025-04-10,2025-04-10,601456,国联民生,6,86.3595720290409
2025-04-10,2025-04-10,600673,东阳光,7,86.35555980129921
2025-04-10,2025-04-10,000802,北京文化,8,86.31314482231564
2025-04-10,2025-04-10,002482,广田集团,9,86.28066488345434
2025-04-10,2025-04-10,603229,奥翔药业,10,86.25047764615972
2025-04-10,2025-04-10,002416,爱施德,11,86.20634314100116
2025-04-10,2025-04-10,000995,皇台酒业,12,86.13068398930072
2025-04-10,2025-04-10,002390,信邦制药,13,85.93790599923578
2025-04-10,2025-04-10,002466,天齐锂业,14,85.9145968666412
2025-04-10,2025-04-10,002738,中矿资源,15,85.85880779518534
2025-04-10,2025-04-10,000100,TCL科技,16,85.8326327856324
2025-04-10,2025-04-10,600104,上汽集团,17,85.82995796713794
2025-04-10,2025-04-10,603365,水星家纺,18,85.70328620557892
2025-04-10,2025-04-10,600664,哈药股份,19,85.68895682078718
2025-04-10,2025-04-10,600881,亚泰集团,20,85.65084065724112
2025-04-10,2025-04-10,601011,宝泰隆,21,85.61960259839512
2025-04-10,2025-04-10,000756,新华制药,22,85.59361864730607
2025-04-10,2025-04-10,002756,永兴材料,23,85.52598395108903
2025-04-10,2025-04-10,002449,国星光电,24,85.52350019105846
2025-04-10,2025-04-10,605168,三人行,25,85.23251815055409
2025-04-10,2025-04-10,605289,罗曼股份,26,85.14768819258694
2025-04-10,2025-04-10,000620,盈新发展,27,85.13995032479939
2025-04-10,2025-04-10,000628,高新发展,28,85.13259457393963
2025-04-10,2025-04-10,003032,传智教育,29,84.88995032479939
2025-04-10,2025-04-10,002214,大立科技,30,84.82384409629347
2025-04-10,2025-04-10,000402,金 融 街,31,84.82346197936569
2025-04-10,2025-04-10,002528,*ST英飞,32,84.80913259457394
2025-04-10,2025-04-10,600405,动力源,33,84.75850210164312
2025-04-10,2025-04-10,002203,海亮股份,34,84.64405808177303
2025-04-10,2025-04-10,000567,海德股份,35,84.59648452426443
2025-04-10,2025-04-10,600724,宁波富达,36,84.57642338555598
2025-04-10,2025-04-10,600618,氯碱化工,37,84.517386320214
2025-04-10,2025-04-10,603033,三维股份,38,84.46694688574703
2025-04-10,2025-04-10,000670,盈方微,39,84.45395491020253
2025-04-10,2025-04-10,002902,铭普光磁,40,84.29728696981277
2025-04-10,2025-04-10,003003,天元股份,41,84.15017195261751
2025-04-10,2025-04-10,001255,博菲电气,42,84.12094000764235
2025-04-10,2025-04-10,002514,*ST宝馨,43,84.11004967520061
2025-04-10,2025-04-10,000703,恒逸石化,44,84.09495605655331
2025-04-10,2025-04-10,002583,海能达,45,84.02273595720291
2025-04-10,2025-04-10,003016,欣贺股份,46,84.01375620940007
2025-04-10,2025-04-10,603083,剑桥科技,47,84.00840657241116
2025-04-10,2025-04-10,002218,拓日新能,48,83.97974780282766
2025-04-10,2025-04-10,002269,美邦服饰,49,83.97210546427208
2025-04-10,2025-04-10,000009,中国宝安,50,83.97115017195263
2025-04-24,2025-04-24,002449,国星光电,1,86.42198852772468
2025-04-24,2025-04-24,002756,永兴材料,2,86.31988527724666
2025-04-24,2025-04-24,002119,康强电子,3,85.8
2025-04-24,2025-04-24,002799,环球印务,4,85.66845124282983
2025-04-24,2025-04-24,002729,好利科技,5,85.5091778202677
2025-04-24,2025-04-24,603018,华设集团,6,85.34302103250478
2025-04-24,2025-04-24,002514,*ST宝馨,7,85.10286806883367
2025-04-24,2025-04-24,600601,方正科技,8,85.05736137667304
2025-04-24,2025-04-24,603989,艾华集团,9,84.93288718929256
2025-04-24,2025-04-24,603036,如通股份,10,84.87514340344168
2025-04-24,2025-04-24,600026,中远海能,11,84.87418738049713
2025-04-24,2025-04-24,000063,中兴通讯,12,84.8655831739962
2025-04-24,2025-04-24,002636,金安国纪,13,84.82562141491397
2025-04-24,2025-04-24,002390,信邦制药,14,84.8206500956023
2025-04-24,2025-04-24,002917,金奥博,15,84.6168260038241
2025-04-24,2025-04-24,600255,鑫科材料,16,84.59923518164437
2025-04-24,2025-04-24,002738,中矿资源,17,84.51625239005736
2025-04-24,2025-04-24,002351,漫步者,18,84.29579349904398
2025-04-24,2025-04-24,002312,川发龙蟒,19,84.21319311663481
2025-04-24,2025-04-24,600707,彩虹股份,20,84.20860420650097
2025-04-24,2025-04-24,600724,宁波富达,21,84.17265774378586
2025-04-24,2025-04-24,000712,锦龙股份,22,84.17074569789675
2025-04-24,2025-04-24,002759,ST天际,23,84.12294455066925
2025-04-24,2025-04-24,002429,兆驰股份,24,84.08221797323135
2025-04-24,2025-04-24,605168,三人行,25,83.99655831739963
2025-04-24,2025-04-24,002265,建设工业,26,83.96137667304016
2025-04-24,2025-04-24,600481,双良节能,27,83.84225621414915
2025-04-24,2025-04-24,002811,郑中设计,28,83.78585086042065
2025-04-24,2025-04-24,002130,沃尔核材,29,83.76845124282983
2025-04-24,2025-04-24,603083,剑桥科技,30,83.71797323135756
2025-04-24,2025-04-24,002184,海得控制,31,83.68565965583174
2025-04-24,2025-04-24,688472,阿特斯,32,83.65908221797324
2025-04-24,2025-04-24,600071,凤凰光学,33,83.57304015296367
2025-04-24,2025-04-24,003032,传智教育,34,83.48967495219887
2025-04-24,2025-04-24,600545,卓郎智能,35,83.4885277246654
2025-04-24,2025-04-24,001308,康冠科技,36,83.39502868068836
2025-04-24,2025-04-24,002797,第一创业,37,83.36099426386234
2025-04-24,2025-04-24,002902,铭普光磁,38,83.34187380497133
2025-04-24,2025-04-24,001229,魅视科技,39,83.3376673040153
2025-04-24,2025-04-24,002203,海亮股份,40,83.30630975143404
2025-04-24,2025-04-24,002400,省广集团,41,83.26118546845125
2025-04-24,2025-04-24,600584,长电科技,42,83.19101338432124
2025-04-24,2025-04-24,002192,融捷股份,43,83.12198852772468
2025-04-24,2025-04-24,000100,TCL科技,44,83.01357552581263
2025-04-24,2025-04-24,603191,望变电气,45,83.00286806883366
2025-04-24,2025-04-24,002497,雅化集团,46,82.9959847036329
2025-04-24,2025-04-24,000488,ST晨鸣,47,82.95793499043978
2025-04-24,2025-04-24,002055,ST得润,48,82.88757170172084
2025-04-24,2025-04-24,600556,天下秀,49,82.87915869980881
2025-04-24,2025-04-24,002253,川大智胜,50,82.83403441682601
2025-05-13,2025-05-13,603191,望变电气,1,86.43077803203661
2025-05-13,2025-05-13,688078,龙软科技,2,86.17810831426394
2025-05-13,2025-05-13,600120,浙江东方,3,86.15789473684211
2025-05-13,2025-05-13,002835,同为股份,4,86.14912280701755
2025-05-13,2025-05-13,002945,华林证券,5,85.96758199847446
2025-05-13,2025-05-13,603390,通达电气,6,85.86823035850497
2025-05-13,2025-05-13,002312,川发龙蟒,7,85.83733790999237
2025-05-13,2025-05-13,002405,四维图新,8,85.63939740655988
2025-05-13,2025-05-13,600880,博瑞传播,9,85.29786422578185
2025-05-13,2025-05-13,600155,华创云信,10,85.27612509534707
2025-05-13,2025-05-13,002995,天地在线,11,85.10373760488179
2025-05-13,2025-05-13,688016,心脉医疗,12,84.86231884057972
2025-05-13,2025-05-13,002429,兆驰股份,13,84.78775743707095
2025-05-13,2025-05-13,002212,天融信,14,84.67086193745233
2025-05-13,2025-05-13,002416,爱施德,15,84.62948131197561
2025-05-13,2025-05-13,002670,国盛证券,16,84.60888634630055
2025-05-13,2025-05-13,002351,漫步者,17,84.5774218154081
2025-05-13,2025-05-13,600477,杭萧钢构,18,84.49771167048054
2025-05-13,2025-05-13,300552,万集科技,19,84.44317315026699
2025-05-13,2025-05-13,002390,信邦制药,20,84.41475972540046
2025-05-13,2025-05-13,000063,中兴通讯,21,84.2581998474447
2025-05-13,2025-05-13,300632,光莆股份,22,84.21472158657515
2025-05-13,2025-05-13,000156,华数传媒,23,84.10717009916094
2025-05-13,2025-05-13,000607,华媒控股,24,84.10621662852785
2025-05-13,2025-05-13,002449,国星光电,25,84.09534706331044
2025-05-13,2025-05-13,603018,华设集团,26,84.0829519450801
2025-05-13,2025-05-13,600570,恒生电子,27,83.99847444698703
2025-05-13,2025-05-13,600157,永泰能源,28,83.90064836003053
2025-05-13,2025-05-13,001229,魅视科技,29,83.88291380625478
2025-05-13,2025-05-13,002467,二六三,30,83.82341723874906
2025-05-13,2025-05-13,301360,荣旗科技,31,83.81464530892448
2025-05-13,2025-05-13,002729,好利科技,32,83.79023646071701
2025-05-13,2025-05-13,600845,宝信软件,33,83.78489702517163
2025-05-13,2025-05-13,300556,丝路视觉,34,83.7471395881007
2025-05-13,2025-05-13,300588,熙菱信息,35,83.74294431731504
2025-05-13,2025-05-13,603803,瑞斯康达,36,83.66990846681922
2025-05-13,2025-05-13,000810,创维数字,37,83.60717009916095
2025-05-13,2025-05-13,300788,中信出版,38,83.5928680396644
2025-05-13,2025-05-13,601233,桐昆股份,39,83.58619374523265
2025-05-13,2025-05-13,688620,安凯微,40,83.55396643783372
2025-05-13,2025-05-13,300057,万顺新材,41,83.53832951945081
2025-05-13,2025-05-13,300315,掌趣科技,42,83.53718535469108
2025-05-13,2025-05-13,600601,方正科技,43,83.51334858886347
2025-05-13,2025-05-13,603927,XD中科软,44,83.47482837528605
2025-05-13,2025-05-13,688777,中控技术,45,83.4424103737605
2025-05-13,2025-05-13,002387,维信诺,46,83.41857360793287
2025-05-13,2025-05-13,002119,康强电子,47,83.33790999237223
2025-05-13,2025-05-13,300578,会畅科技,48,83.32780320366132
2025-05-13,2025-05-13,603598,引力传媒,49,83.31311975591153
2025-05-13,2025-05-13,300418,昆仑万维,50,83.30968726163233
2025-05-27,2025-05-27,002152,广电运通,1,86.78437738731857
2025-05-27,2025-05-27,000063,中兴通讯,2,86.75057295645531
2025-05-27,2025-05-27,002212,天融信,3,86.383307868602
2025-05-27,2025-05-27,688449,联芸科技,4,86.04831932773112
2025-05-27,2025-05-27,300251,光线传媒,5,86.01336898395722
2025-05-27,2025-05-27,600845,宝信软件,6,85.90737203972498
2025-05-27,2025-05-27,002698,博实股份,7,85.80786860198624
2025-05-27,2025-05-27,600050,中国联通,8,85.74656226126815
2025-05-27,2025-05-27,603956,威派格,9,85.7135217723453
2025-05-27,2025-05-27,600100,同方股份,10,85.58728036669211
2025-05-27,2025-05-27,601882,海天精工,11,85.42570664629488
2025-05-27,2025-05-27,002334,英威腾,12,85.26928953399542
2025-05-27,2025-05-27,000938,紫光股份,13,85.24446142093201
2025-05-27,2025-05-27,002176,江特电机,14,85.21886936592819
2025-05-27,2025-05-27,300223,君正股份,15,85.21199388846449
2025-05-27,2025-05-27,603738,泰晶科技,16,85.16080977845684
2025-05-27,2025-05-27,000049,德赛电池,17,84.96829640947287
2025-05-27,2025-05-27,605086,龙高股份,18,84.83613445378153
2025-05-27,2025-05-27,002063,远光软件,19,84.73949579831933
2025-05-27,2025-05-27,603160,汇顶科技,20,84.72689075630252
2025-05-27,2025-05-27,002368,太极股份,21,84.70798319327731
2025-05-27,2025-05-27,002398,垒知集团,22,84.5859434682964
2025-05-27,2025-05-27,600761,安徽合力,23,84.52692895339953
2025-05-27,2025-05-27,000816,智慧农业,24,84.44652406417113
2025-05-27,2025-05-27,688516,奥特维,25,84.30500381970971
2025-05-27,2025-05-27,002474,榕基软件,26,84.28800611153552
2025-05-27,2025-05-27,601231,环旭电子,27,84.28113063407181
2025-05-27,2025-05-27,002429,兆驰股份,28,84.25954927425516
2025-05-27,2025-05-27,300814,中富电路,29,84.23796791443851
2025-05-27,2025-05-27,603018,华设集团,30,84.1883116883117
2025-05-27,2025-05-27,603636,南威软件,31,84.18697478991598
2025-05-27,2025-05-27,688249,晶合集成,32,84.07104660045837
2025-05-27,2025-05-27,002824,和胜股份,33,84.05061115355235
2025-05-27,2025-05-27,300161,华中数控,34,83.98491214667688
2025-05-27,2025-05-27,688981,中芯国际,35,83.95282658517954
2025-05-27,2025-05-27,002405,四维图新,36,83.93468296409475
2025-05-27,2025-05-27,688172,燕东微,37,83.91730328495034
2025-05-27,2025-05-27,000516,国际医学,38,83.8416730328495
2025-05-27,2025-05-27,600651,飞乐音响,39,83.83021390374333
2025-05-27,2025-05-27,002119,康强电子,40,83.81378915202446
2025-05-27,2025-05-27,300617,安靠智电,41,83.75897631779985
2025-05-27,2025-05-27,688605,先锋精科,42,83.75267379679146
2025-05-27,2025-05-27,600850,电科数字,43,83.71122994652407
2025-05-27,2025-05-27,300508,维宏股份,44,83.61382734912148
2025-05-27,2025-05-27,603194,中力股份,45,83.53456837280366
2025-05-27,2025-05-27,300566,激智科技,46,83.5122230710466
2025-05-27,2025-05-27,688777,中控技术,47,83.47708174178763
2025-05-27,2025-05-27,002097,山河智能,48,83.43430099312454
2025-05-27,2025-05-27,603328,依顿电子,49,83.3653552330023
2025-05-27,2025-05-27,301589,诺瓦星云,50,83.32467532467533
2025-06-11,2025-06-11,600718,东软集团,1,87.59229595728452
2025-06-11,2025-06-11,600399,抚顺特钢,2,86.77059496567506
2025-06-11,2025-06-11,601616,广电电气,3,86.19641495041954
2025-06-11,2025-06-11,603929,亚翔集成,4,86.08829138062549
2025-06-11,2025-06-11,002698,博实股份,5,86.07665903890161
2025-06-11,2025-06-11,002745,木林森,6,85.78966437833715
2025-06-11,2025-06-11,000925,众合科技,7,85.45461479786425
2025-06-11,2025-06-11,000785,居然智家,8,85.40179252479024
2025-06-11,2025-06-11,601882,海天精工,9,85.38653699466056
2025-06-11,2025-06-11,002518,科士达,10,85.18573607932876
2025-06-11,2025-06-11,603219,富佳股份,11,85.14454614797864
2025-06-11,2025-06-11,002429,兆驰股份,12,85.1369183829138
2025-06-11,2025-06-11,002236,大华股份,13,85.13234172387492
2025-06-11,2025-06-11,603271,永杰新材,14,85.13157894736842
2025-06-11,2025-06-11,002065,东华软件,15,84.9204805491991
2025-06-11,2025-06-11,603206,嘉环科技,16,84.87814645308924
2025-06-11,2025-06-11,601222,林洋能源,17,84.80968726163233
2025-06-11,2025-06-11,688007,光峰科技,18,84.76678108314263
2025-06-11,2025-06-11,603220,中贝通信,19,84.74485125858124
2025-06-11,2025-06-11,300251,光线传媒,20,84.65350877192984
2025-06-11,2025-06-11,688292,浩瀚深度,21,84.55720823798627
2025-06-11,2025-06-11,600602,云赛智联,22,84.54672006102211
2025-06-11,2025-06-11,000156,华数传媒,23,84.52974828375287
2025-06-11,2025-06-11,002139,拓邦股份,24,84.46414950419528
2025-06-11,2025-06-11,002073,软控股份,25,84.44965675057209
2025-06-11,2025-06-11,605155,西大门,26,84.43287566742946
2025-06-11,2025-06-11,603496,恒为科技,27,84.43268497330283
2025-06-11,2025-06-11,603618,杭电股份,28,84.38482074752099
2025-06-11,2025-06-11,002245,蔚蓝锂芯,29,84.37623951182303
2025-06-11,2025-06-11,000821,ST京机,30,84.32646834477498
2025-06-11,2025-06-11,000581,威孚高科,31,84.32437070938215
2025-06-11,2025-06-11,000882,华联股份,32,84.28794813119757
2025-06-11,2025-06-11,300337,银邦股份,33,84.26697177726926
2025-06-11,2025-06-11,300441,鲍斯股份,34,84.11556064073227
2025-06-11,2025-06-11,002824,和胜股份,35,84.06235697940502
2025-06-11,2025-06-11,603297,永新光学,36,84.01182303585053
2025-06-11,2025-06-11,002439,启明星辰,37,83.95594965675058
2025-06-11,2025-06-11,603081,大丰实业,38,83.88424866514111
2025-06-11,2025-06-11,300183,东软载波,39,83.78470633104502
2025-06-11,2025-06-11,000528,柳    工,40,83.76697177726928
2025-06-11,2025-06-11,002063,远光软件,41,83.70003813882533
2025-06-11,2025-06-11,600845,宝信软件,42,83.60278413424865
2025-06-11,2025-06-11,002008,大族激光,43,83.57818459191458
2025-06-11,2025-06-11,300316,晶盛机电,44,83.54958047292145
2025-06-11,2025-06-11,002845,同兴达,45,83.54729214340199
2025-06-11,2025-06-11,603613,国联股份,46,83.54557589626242
2025-06-11,2025-06-11,003032,传智教育,47,83.45919145690314
2025-06-11,2025-06-11,002112,三变科技,48,83.45022883295195
2025-06-11,2025-06-11,300083,创世纪,49,83.42181540808544
2025-06-11,2025-06-11,603738,泰晶科技,50,83.40389016018307
2025-06-25,2025-06-25,000541,佛山照明,1,87.86698382492865
2025-06-25,2025-06-25,601608,中信重工,2,87.66584205518555
2025-06-25,2025-06-25,002024,ST易购,3,87.41522359657469
2025-06-25,2025-06-25,002458,益生股份,4,87.33815413891534
2025-06-25,2025-06-25,000949,新乡化纤,5,87.21046622264511
2025-06-25,2025-06-25,000923,河钢资源,6,87.09666983824928
2025-06-25,2025-06-25,603638,艾迪精密,7,87.07764034253094
2025-06-25,2025-06-25,601226,华电科工,8,86.91474785918174
2025-06-25,2025-06-25,300641,正丹股份,9,86.90218839200762
2025-06-25,2025-06-25,600320,振华重工,10,86.83653663177925
2025-06-25,2025-06-25,000155,川能动力,11,86.58858230256898
2025-06-25,2025-06-25,601882,海天精工,12,86.5769743101808
2025-06-25,2025-06-25,002140,东华科技,13,86.38829686013321
2025-06-25,2025-06-25,600525,长园集团,14,86.2361560418649
2025-06-25,2025-06-25,600586,金晶科技,15,86.20399619410087
2025-06-25,2025-06-25,600309,万华化学,16,86.1164605137964
2025-06-25,2025-06-25,002534,西子洁能,17,86.00494766888679
2025-06-25,2025-06-25,600399,抚顺特钢,18,85.89343482397719
2025-06-25,2025-06-25,600248,陕建股份,19,85.88639391056138
2025-06-25,2025-06-25,300441,鲍斯股份,20,85.86317792578498
2025-06-25,2025-06-25,000785,居然智家,21,85.76955280685064
2025-06-25,2025-06-25,600754,锦江酒店,22,85.74766888677449
2025-06-25,2025-06-25,000039,中集集团,23,85.69343482397717
2025-06-25,2025-06-25,002234,民和股份,24,85.60209324452902
2025-06-25,2025-06-25,002008,大族激光,25,85.54728829686015
2025-06-25,2025-06-25,600894,广日股份,26,85.52140818268316
2025-06-25,2025-06-25,000410,沈阳机床,27,85.51627021883921
2025-06-25,2025-06-25,603556,海兴电力,28,85.51265461465272
2025-06-25,2025-06-25,600409,三友化工,29,85.4163653663178
2025-06-25,2025-06-25,605098,行动教育,30,85.3651760228354
2025-06-25,2025-06-25,600138,中青旅,31,85.36137012369174
2025-06-25,2025-06-25,003039,顺控发展,32,85.34614652711704
2025-06-25,2025-06-25,000056,*ST皇庭,33,85.24376784015224
2025-06-25,2025-06-25,002538,ST司特,34,85.23767840152236
2025-06-25,2025-06-25,002204,大连重工,35,85.21941008563275
2025-06-25,2025-06-25,000400,许继电气,36,85.20837297811607
2025-06-25,2025-06-25,603088,宁波精达,37,85.16803044719316
2025-06-25,2025-06-25,002059,云南旅游,38,85.16460513796385
2025-06-25,2025-06-25,601222,林洋能源,39,85.11588962892483
2025-06-25,2025-06-25,002745,木林森,40,85.10123691722168
2025-06-25,2025-06-25,603618,杭电股份,41,85.08030447193148
2025-06-25,2025-06-25,605011,杭州热电,42,84.988582302569
2025-06-25,2025-06-25,600718,东软集团,43,84.93948620361562
2025-06-25,2025-06-25,002129,TCL中环,44,84.91189343482398
2025-06-25,2025-06-25,000877,天山股份,45,84.78896289248337
2025-06-25,2025-06-25,300316,晶盛机电,46,84.77944814462417
2025-06-25,2025-06-25,002429,兆驰股份,47,84.76003805899146
2025-06-25,2025-06-25,603355,莱克电气,48,84.70675547098003
2025-06-25,2025-06-25,300445,康斯特,49,84.51588962892484
2025-06-25,2025-06-25,600821,金开新能,50,84.49191246431971
2025-07-09,2025-07-09,000501,武商集团,1,89.8455547112462
2025-07-09,2025-07-09,600827,百联股份,2,89.70972644376901
2025-07-09,2025-07-09,002041,登海种业,3,89.60733282674772
2025-07-09,2025-07-09,002458,益生股份,4,89.47131458966565
2025-07-09,2025-07-09,600859,王府井,5,89.45801671732524
2025-07-09,2025-07-09,002385,大北农,6,89.3409954407295
2025-07-09,2025-07-09,600598,北大荒,7,89.13183890577507
2025-07-09,2025-07-09,601933,永辉超市,8,88.92040273556232
2025-07-09,2025-07-09,600313,农发种业,9,88.8254179331307
2025-07-09,2025-07-09,002548,金新农,10,88.40387537993922
2025-07-09,2025-07-09,000998,隆平高科,11,88.36949088145897
2025-07-09,2025-07-09,601888,中国中免,12,88.33282674772039
2025-07-09,2025-07-09,002234,民和股份,13,88.25835866261399
2025-07-09,2025-07-09,000876,新 希 望,14,88.19186930091186
2025-07-09,2025-07-09,600186,莲花控股,15,88.08168693009118
2025-07-09,2025-07-09,600185,珠免集团,16,87.98613221884499
2025-07-09,2025-07-09,600368,五洲交通,17,87.71295592705167
2025-07-09,2025-07-09,002567,唐人神,18,87.6931990881459
2025-07-09,2025-07-09,002880,卫光生物,19,87.59555471124622
2025-07-09,2025-07-09,002840,华统股份,20,87.56572948328267
2025-07-09,2025-07-09,600161,天坛生物,21,87.49715045592706
2025-07-09,2025-07-09,000895,双汇发展,22,87.41090425531917
2025-07-09,2025-07-09,000713,国投丰乐,23,87.28799392097265
2025-07-09,2025-07-09,300144,宋城演艺,24,87.22511398176293
2025-07-09,2025-07-09,000061,农 产 品,25,87.18066109422493
2025-07-09,2025-07-09,600108,亚盛集团,26,87.15824468085107
2025-07-09,2025-07-09,603877,太平鸟,27,87.1075227963526
2025-07-09,2025-07-09,002033,丽江股份,28,87.09897416413375
2025-07-09,2025-07-09,002746,仙坛股份,29,87.08909574468086
2025-07-09,2025-07-09,000716,黑芝麻,30,87.07237841945289
2025-07-09,2025-07-09,603100,川仪股份,31,87.05984042553192
2025-07-09,2025-07-09,002791,坚朗五金,32,86.9716945288754
2025-07-09,2025-07-09,002187,广百股份,33,86.89893617021276
2025-07-09,2025-07-09,002216,三全食品,34,86.82028875379939
2025-07-09,2025-07-09,688569,铁科轨道,35,86.75702887537994
2025-07-09,2025-07-09,603317,天味食品,36,86.69091945288756
2025-07-09,2025-07-09,301116,益客食品,37,86.65121580547114
2025-07-09,2025-07-09,600094,大名城,38,86.61702127659575
2025-07-09,2025-07-09,300087,ST荃银,39,86.61512158054713
2025-07-09,2025-07-09,601952,苏垦农发,40,86.58377659574468
2025-07-09,2025-07-09,000978,桂林旅游,41,86.37310030395138
2025-07-09,2025-07-09,300761,立华股份,42,86.33833586626139
2025-07-09,2025-07-09,603199,九华旅游,43,86.33757598784194
2025-07-09,2025-07-09,000066,中国长城,44,86.32769756838906
2025-07-09,2025-07-09,603210,泰鸿万立,45,86.30547112462007
2025-07-09,2025-07-09,600032,浙江新能,46,86.24962006079028
2025-07-09,2025-07-09,002991,甘源食品,47,86.20915653495442
2025-07-09,2025-07-09,603395,红四方,48,86.20744680851064
2025-07-09,2025-07-09,600292,电投水电,49,86.17192249240124
2025-07-09,2025-07-09,600693,东百集团,50,86.11132218844986
2025-07-23,2025-07-23,603205,健尔康,1,90.00284575981787
2025-07-23,2025-07-23,600308,华泰股份,2,89.94687915006641
2025-07-23,2025-07-23,600865,百大集团,3,88.92012900777841
2025-07-23,2025-07-23,605179,一鸣食品,4,88.56554733447165
2025-07-23,2025-07-23,002697,红旗连锁,5,88.54164295200152
2025-07-23,2025-07-23,000895,双汇发展,6,88.2944412824891
2025-07-23,2025-07-23,000716,黑芝麻,7,88.25630810092963
2025-07-23,2025-07-23,000582,北部湾港,8,87.84481123126542
2025-07-23,2025-07-23,603708,家家悦,9,87.80497059381524
2025-07-23,2025-07-23,002469,三维化学,10,87.78410168848416
2025-07-23,2025-07-23,603237,五芳斋,11,87.51641054828308
2025-07-23,2025-07-23,000883,湖北能源,12,87.50635553025991
2025-07-23,2025-07-23,600746,江苏索普,13,87.49686966420035
2025-07-23,2025-07-23,603317,天味食品,14,87.36786188579018
2025-07-23,2025-07-23,600300,维维股份,15,87.34509580724722
2025-07-23,2025-07-23,002582,好想你,16,87.26712198823752
2025-07-23,2025-07-23,603199,九华旅游,17,87.13659647125783
2025-07-23,2025-07-23,600814,杭州解百,18,87.07247201669513
2025-07-23,2025-07-23,003004,声迅股份,19,87.03718459495352
2025-07-23,2025-07-23,600215,派斯林,20,86.96983494593057
2025-07-23,2025-07-23,600525,长园集团,21,86.80857522291787
2025-07-23,2025-07-23,002557,洽洽食品,22,86.77366723581864
2025-07-23,2025-07-23,002508,老板电器,23,86.57863782963385
2025-07-23,2025-07-23,600292,电投水电,24,86.55511288180611
2025-07-23,2025-07-23,605098,行动教育,25,86.43938531587935
2025-07-23,2025-07-23,000417,合百集团,26,86.41832669322712
2025-07-23,2025-07-23,000096,广聚能源,27,86.37772718649214
2025-07-23,2025-07-23,001400,江顺科技,28,86.34054259153862
2025-07-23,2025-07-23,600600,青岛啤酒,29,86.22481502561186
2025-07-23,2025-07-23,605368,蓝天燃气,30,86.17207361032064
2025-07-23,2025-07-23,002572,索菲亚,31,86.11781445645988
2025-07-23,2025-07-23,000721,西安饮食,32,86.07968127490041
2025-07-23,2025-07-23,300144,宋城演艺,33,86.0466704610131
2025-07-23,2025-07-23,603696,安记食品,34,86.01365964712579
2025-07-23,2025-07-23,605358,立昂微,35,85.89261999620567
2025-07-23,2025-07-23,002187,广百股份,36,85.77177006260672
2025-07-23,2025-07-23,002251,步步高,37,85.6683741225574
2025-07-23,2025-07-23,002127,南极电商,38,85.65224815025614
2025-07-23,2025-07-23,600976,健民集团,39,85.55283627395183
2025-07-23,2025-07-23,002832,比音勒芬,40,85.49440333902486
2025-07-23,2025-07-23,603235,天新药业,41,85.4473534433694
2025-07-23,2025-07-23,601933,永辉超市,42,85.34623411117435
2025-07-23,2025-07-23,605377,华旺科技,43,85.30202997533675
2025-07-23,2025-07-23,000523,红棉股份,44,85.2836273951812
2025-07-23,2025-07-23,603299,苏盐井神,45,85.25308290646936
2025-07-23,2025-07-23,000713,国投丰乐,46,85.14722064124454
2025-07-23,2025-07-23,688305,科德数控,47,85.08366533864542
2025-07-23,2025-07-23,920726,朱老六,48,84.9757161828875
2025-07-23,2025-07-23,002818,富森美,49,84.95086321381143
2025-07-23,2025-07-23,601188,龙江交通,50,84.93549611079492
2025-08-06,2025-08-06,603237,五芳斋,1,87.6769055745165
2025-08-06,2025-08-06,000096,广聚能源,2,87.25692074326888
2025-08-06,2025-08-06,000582,北部湾港,3,87.02730375426621
2025-08-06,2025-08-06,600979,广安爱众,4,86.85229427379599
2025-08-06,2025-08-06,603897,长城科技,5,86.58323852863103
2025-08-06,2025-08-06,001965,招商公路,6,86.482745544179
2025-08-06,2025-08-06,600693,东百集团,7,86.3244216913159
2025-08-06,2025-08-06,920726,朱老六,8,86.24687144482365
2025-08-06,2025-08-06,603696,安记食品,9,86.15510049298446
2025-08-06,2025-08-06,920029,开发科技,10,86.0322335987865
2025-08-06,2025-08-06,300729,乐歌股份,11,85.9835039817975
2025-08-06,2025-08-06,603117,万林物流,12,85.97004171406903
2025-08-06,2025-08-06,002713,东易日盛,13,85.92453545695868
2025-08-06,2025-08-06,600575,淮河能源,14,85.84831247629884
2025-08-06,2025-08-06,600292,电投水电,15,85.80527114144863
2025-08-06,2025-08-06,920701,豪声电子,16,85.77815699658704
2025-08-06,2025-08-06,301376,致欧科技,17,85.66837315130832
2025-08-06,2025-08-06,002488,金固股份,18,85.65017064846417
2025-08-06,2025-08-06,000711,京蓝科技,19,85.64713689799014
2025-08-06,2025-08-06,920926,鸿智科技,20,85.62609025407662
2025-08-06,2025-08-06,300209,行云科技,21,85.60769814182784
2025-08-06,2025-08-06,301560,众捷股份,22,85.4541145240804
2025-08-06,2025-08-06,002582,好想你,23,85.38073568448996
2025-08-06,2025-08-06,002127,南极电商,24,85.36803185437998
2025-08-06,2025-08-06,001395,亚联机械,25,85.34489950701555
2025-08-06,2025-08-06,603610,麒盛科技,26,85.33769434963975
2025-08-06,2025-08-06,603110,东方材料,27,85.30659840728102
2025-08-06,2025-08-06,603331,百达精工,28,85.20951839211224
2025-08-06,2025-08-06,000559,万向钱潮,29,85.209139173303
2025-08-06,2025-08-06,920765,美之高,30,85.17861205915816
2025-08-06,2025-08-06,920339,恒太照明,31,85.10257868790293
2025-08-06,2025-08-06,920000,安徽凤凰,32,85.07489571482748
2025-08-06,2025-08-06,600824,益民集团,33,85.03394008342815
2025-08-06,2025-08-06,000759,中百集团,34,85.01971937808116
2025-08-06,2025-08-06,605179,一鸣食品,35,84.9770572620402
2025-08-06,2025-08-06,002598,ST章鼓,36,84.95923397800532
2025-08-06,2025-08-06,603605,珀莱雅,37,84.94463405384907
2025-08-06,2025-08-06,002200,交投生态,38,84.83333333333334
2025-08-06,2025-08-06,002514,*ST宝馨,39,84.8244216913159
2025-08-06,2025-08-06,301629,矽电股份,40,84.82271520667425
2025-08-06,2025-08-06,300256,星星科技,41,84.69397042093289
2025-08-06,2025-08-06,002267,陕天然气,42,84.62874478574138
2025-08-06,2025-08-06,605108,同庆楼,43,84.54645430413349
2025-08-06,2025-08-06,301101,明月镜片,44,84.49829351535837
2025-08-06,2025-08-06,002255,海陆重工,45,84.33560864618886
2025-08-06,2025-08-06,603366,日出东方,46,84.30659840728102
2025-08-06,2025-08-06,920378,泰德股份,47,84.25900644671977
2025-08-06,2025-08-06,605080,浙江自然,48,84.19207432688663
2025-08-06,2025-08-06,600448,华纺股份,49,84.11926431551005
2025-08-06,2025-08-06,002586,围海股份,50,84.11395525218053
2025-08-20,2025-08-20,000966,长源电力,1,89.13559643466716
2025-08-20,2025-08-20,600025,华能水电,2,88.31917314621658
2025-08-20,2025-08-20,000429,粤高速Ａ,3,88.06011758012517
2025-08-20,2025-08-20,001279,强邦新材,4,87.82514697515647
2025-08-20,2025-08-20,600979,广安爱众,5,87.8204058410772
2025-08-20,2025-08-20,605300,佳禾食品,6,87.75308173715153
2025-08-20,2025-08-20,600719,大连热电,7,87.40849611227006
2025-08-20,2025-08-20,600189,泉阳泉,8,87.40584107718567
2025-08-20,2025-08-20,603237,五芳斋,9,87.40128958846957
2025-08-20,2025-08-20,000582,北部湾港,10,87.37985966243126
2025-08-20,2025-08-20,000096,广聚能源,11,87.30836336051584
2025-08-20,2025-08-20,600350,山东高速,12,87.05139389341932
2025-08-20,2025-08-20,600059,古越龙山,13,87.00512042480563
2025-08-20,2025-08-20,000573,粤宏远Ａ,14,86.88583349137114
2025-08-20,2025-08-20,600642,申能股份,15,86.86042101270624
2025-08-20,2025-08-20,600279,重庆港,16,86.81718186990328
2025-08-20,2025-08-20,000151,中成股份,17,86.7695808837474
2025-08-20,2025-08-20,600575,淮河能源,18,86.75175421960934
2025-08-20,2025-08-20,002255,海陆重工,19,86.62981225109047
2025-08-20,2025-08-20,000869,张  裕Ａ,20,86.60458941778874
2025-08-20,2025-08-20,002717,*ST岭南,21,86.52854162715722
2025-08-20,2025-08-20,600550,保变电气,22,86.48037170491183
2025-08-20,2025-08-20,300867,圣元环保,23,86.39104873885834
2025-08-20,2025-08-20,600249,两面针,24,86.28882988810925
2025-08-20,2025-08-20,600377,宁沪高速,25,86.28408875402998
2025-08-20,2025-08-20,002431,ST棕榈,26,86.21790252228332
2025-08-20,2025-08-20,300209,行云科技,27,86.20519628295088
2025-08-20,2025-08-20,000958,电投产融,28,86.12725203868766
2025-08-20,2025-08-20,600548,深高速,29,86.04665275934005
2025-08-20,2025-08-20,301665,泰禾股份,30,86.03053290347052
2025-08-20,2025-08-20,002584,西陇科学,31,86.01137872179025
2025-08-20,2025-08-20,001391,国货航,32,85.8873506542765
2025-08-20,2025-08-20,600616,金枫酒业,33,85.87729945002846
2025-08-20,2025-08-20,601033,永兴股份,34,85.87426512421771
2025-08-20,2025-08-20,600032,浙江新能,35,85.8736961881282
2025-08-20,2025-08-20,600470,六国化工,36,85.76483974966813
2025-08-20,2025-08-20,002743,ST富煌,37,85.73791010809786
2025-08-20,2025-08-20,603156,养元饮品,38,85.66906884126682
2025-08-20,2025-08-20,600101,明星电力,39,85.60477906315191
2025-08-20,2025-08-20,002136,安 纳 达,40,85.54750616347431
2025-08-20,2025-08-20,002574,明牌珠宝,41,85.43466717238766
2025-08-20,2025-08-20,600505,西昌电力,42,85.41418547316519
2025-08-20,2025-08-20,000656,金科股份,43,85.40091029774321
2025-08-20,2025-08-20,920779,武汉蓝电,44,85.39882419874834
2025-08-20,2025-08-20,002039,黔源电力,45,85.38460079651054
2025-08-20,2025-08-20,600300,维维股份,46,85.38251469751566
2025-08-20,2025-08-20,600116,三峡水利,47,85.2734686136924
2025-08-20,2025-08-20,000565,渝三峡Ａ,48,85.23914280295847
2025-08-20,2025-08-20,002529,海源复材,49,85.21467855110943
2025-08-20,2025-08-20,603102,百合股份,50,85.20557557367722
2025-09-03,2025-09-03,600350,山东高速,1,89.41702932828763
2025-09-03,2025-09-03,600789,鲁抗医药,2,89.06263008514665
2025-09-03,2025-09-03,600612,老凤祥,3,89.03368022705772
2025-09-03,2025-09-03,600279,重庆港,4,89.02781456953642
2025-09-03,2025-09-03,000429,粤高速Ａ,5,88.67436140018923
2025-09-03,2025-09-03,600575,淮河能源,6,88.31542100283822
2025-09-03,2025-09-03,002743,ST富煌,7,88.0616840113529
2025-09-03,2025-09-03,002556,辉隆股份,8,87.9368022705771
2025-09-03,2025-09-03,600377,宁沪高速,9,87.88949858088932
2025-09-03,2025-09-03,600719,大连热电,10,87.69044465468308
2025-09-03,2025-09-03,000937,冀中能源,11,87.64919583727531
2025-09-03,2025-09-03,003035,南网能源,12,87.62043519394514
2025-09-03,2025-09-03,601825,沪农商行,13,87.43122043519395
2025-09-03,2025-09-03,600300,维维股份,14,87.2701986754967
2025-09-03,2025-09-03,603883,老百姓,15,87.1519394512772
2025-09-03,2025-09-03,002300,太阳电缆,16,87.09271523178809
2025-09-03,2025-09-03,600223,福瑞达,17,86.98902554399244
2025-09-03,2025-09-03,002461,珠江啤酒,18,86.95080416272471
2025-09-03,2025-09-03,600468,百利电气,19,86.93680227057712
2025-09-03,2025-09-03,600738,丽尚国潮,20,86.86319772942291
2025-09-03,2025-09-03,600470,六国化工,21,86.83159886471145
2025-09-03,2025-09-03,000912,泸天化,22,86.72336802270578
2025-09-03,2025-09-03,301277,新天地,23,86.66187322611162
2025-09-03,2025-09-03,603995,甬金股份,24,86.62951750236519
2025-09-03,2025-09-03,603899,晨光股份,25,86.59678334910124
2025-09-03,2025-09-03,000096,广聚能源,26,86.45922421948912
2025-09-03,2025-09-03,001258,立新能源,27,86.45146641438032
2025-09-03,2025-09-03,601963,重庆银行,28,86.4314096499527
2025-09-03,2025-09-03,600310,广西能源,29,86.41627246925262
2025-09-03,2025-09-03,600116,三峡水利,30,86.3946073793756
2025-09-03,2025-09-03,601665,齐鲁银行,31,86.2720908230842
2025-09-03,2025-09-03,603065,宿迁联盛,32,86.23292336802271
2025-09-03,2025-09-03,603208,江山欧派,33,86.20491958372754
2025-09-03,2025-09-03,002274,华昌化工,34,86.19848628192999
2025-09-03,2025-09-03,600642,申能股份,35,86.18524124881742
2025-09-03,2025-09-03,920300,辰光医疗,36,86.12771996215704
2025-09-03,2025-09-03,603017,中衡设计,37,86.09366130558185
2025-09-03,2025-09-03,601107,四川成渝,38,86.0616840113529
2025-09-03,2025-09-03,603279,景津装备,39,85.93812677388837
2025-09-03,2025-09-03,000565,渝三峡Ａ,40,85.9167455061495
2025-09-03,2025-09-03,920866,绿亨科技,41,85.9023651844844
2025-09-03,2025-09-03,002355,兴民智通,42,85.9019867549669
2025-09-03,2025-09-03,603193,润本股份,43,85.79243140964996
2025-09-03,2025-09-03,002717,*ST岭南,44,85.69990539262064
2025-09-03,2025-09-03,002584,西陇科学,45,85.69460737937561
2025-09-03,2025-09-03,002105,信隆健康,46,85.66906338694419
2025-09-03,2025-09-03,600283,钱江水利,47,85.65014191106908
2025-09-03,2025-09-03,000525,红太阳,48,85.57540208136236
2025-09-03,2025-09-03,603102,百合股份,49,85.56934720908232
2025-09-03,2025-09-03,600249,两面针,50,85.4853358561968
2025-09-17,2025-09-17,002556,辉隆股份,1,88.6829960279932
2025-09-17,2025-09-17,603883,老百姓,2,88.35880461509362
2025-09-17,2025-09-17,601008,连云港,3,87.96444108189901
2025-09-17,2025-09-17,002976,瑞玛精密,4,87.56761868734633
2025-09-17,2025-09-17,600279,重庆港,5,87.46642708530358
2025-09-17,2025-09-17,300867,圣元环保,6,87.2960090788727
2025-09-17,2025-09-17,603065,宿迁联盛,7,87.26669188575752
2025-09-17,2025-09-17,600992,贵绳股份,8,87.26498959712504
2025-09-17,2025-09-17,002584,西陇科学,9,87.24569699262344
2025-09-17,2025-09-17,001258,立新能源,10,87.12804993379987
2025-09-17,2025-09-17,000909,*ST数源,11,86.80858710043505
2025-09-17,2025-09-17,601916,浙商银行,12,86.6748628711935
2025-09-17,2025-09-17,600844,金煤科技,13,86.66086627577076
2025-09-17,2025-09-17,000903,ST云动,14,86.49177227160962
2025-09-17,2025-09-17,000520,凤凰航运,15,86.44051446945338
2025-09-17,2025-09-17,600738,丽尚国潮,16,86.3869869491205
2025-09-17,2025-09-17,002457,青龙管业,17,86.36050690372613
2025-09-17,2025-09-17,600794,保税科技,18,86.32740684698318
2025-09-17,2025-09-17,301017,漱玉平民,19,86.27501418573861
2025-09-17,2025-09-17,603578,三星新材,20,86.20749006998298
2025-09-17,2025-09-17,000881,中广核技,21,86.18971061093248
2025-09-17,2025-09-17,920098,科隆新材,22,86.1149990542841
2025-09-17,2025-09-17,002958,青农商行,23,86.06922640438812
2025-09-17,2025-09-17,600350,山东高速,24,86.03707206355212
2025-09-17,2025-09-17,688793,倍轻松,25,85.98638169094004
2025-09-17,2025-09-17,603323,苏农银行,26,85.80707395498392
2025-09-17,2025-09-17,603193,润本股份,27,85.79269907319843
2025-09-17,2025-09-17,000096,广聚能源,28,85.7751087573293
2025-09-17,2025-09-17,002461,珠江啤酒,29,85.74200870058635
2025-09-17,2025-09-17,920592,华信永道,30,85.72952525061473
2025-09-17,2025-09-17,000912,泸天化,31,85.64611310762248
2025-09-17,2025-09-17,920016,中草香料,32,85.5906941554757
2025-09-17,2025-09-17,600719,大连热电,33,85.52525061471535
2025-09-17,2025-09-17,300462,ST华铭,34,85.42481558539816
2025-09-17,2025-09-17,601963,重庆银行,35,85.42311329676565
2025-09-17,2025-09-17,601577,长沙银行,36,85.40722526952905
2025-09-17,2025-09-17,603209,兴通股份,37,85.38641951957632
2025-09-17,2025-09-17,300804,广康生化,38,85.34234915831284
2025-09-17,2025-09-17,601528,瑞丰银行,39,85.33554000378287
2025-09-17,2025-09-17,600468,百利电气,40,85.24172498581429
2025-09-17,2025-09-17,600798,宁波海运,41,85.20824664270853
2025-09-17,2025-09-17,002355,兴民智通,42,85.17703801777947
2025-09-17,2025-09-17,002427,尤夫股份,43,85.14715339512013
2025-09-17,2025-09-17,600377,宁沪高速,44,85.12388878380935
2025-09-17,2025-09-17,600116,三峡水利,45,85.10365046340081
2025-09-17,2025-09-17,002221,东华能源,46,85.06941554756952
2025-09-17,2025-09-17,601665,齐鲁银行,47,85.0308303385663
2025-09-17,2025-09-17,920964,润农节水,48,85.019481747683
2025-09-17,2025-09-17,601900,南方传媒,49,85.00359372044639
2025-09-17,2025-09-17,603096,新经典,50,84.97938339322869
2025-10-09,2025-10-09,600101,明星电力,1,89.21544869367665
2025-10-09,2025-10-09,000037,深南电A,2,88.9528587656191
2025-10-09,2025-10-09,000601,韶能股份,3,88.64729269216207
2025-10-09,2025-10-09,300105,龙源技术,4,88.41063990912534
2025-10-09,2025-10-09,600148,长春一东,5,87.84324119651647
2025-10-09,2025-10-09,000912,泸天化,6,87.79042029534268
2025-10-09,2025-10-09,600396,华电辽能,7,87.64975388110564
2025-10-09,2025-10-09,002721,金一文化,8,87.19235138205225
2025-10-09,2025-10-09,002235,安妮股份,9,87.14388489208635
2025-10-09,2025-10-09,600644,乐山电力,10,87.03426732298372
2025-10-09,2025-10-09,603585,苏利股份,11,87.03313138962515
2025-10-09,2025-10-09,002880,卫光生物,12,87.02839833396443
2025-10-09,2025-10-09,603065,宿迁联盛,13,86.95541461567589
2025-10-09,2025-10-09,605162,新中港,14,86.92427110942826
2025-10-09,2025-10-09,603676,卫信康,15,86.92199924271111
2025-10-09,2025-10-09,600927,永安期货,16,86.9219992427111
2025-10-09,2025-10-09,300246,宝莱特,17,86.88356683074593
2025-10-09,2025-10-09,601997,贵阳银行,18,86.8595229079894
2025-10-09,2025-10-09,300847,中船汉光,19,86.85573646346081
2025-10-09,2025-10-09,600571,信雅达,20,86.83472169632716
2025-10-09,2025-10-09,603086,先达股份,21,86.8318818629307
2025-10-09,2025-10-09,603076,乐惠国际,22,86.7576675501704
2025-10-09,2025-10-09,300040,九洲集团,23,86.74441499432034
2025-10-09,2025-10-09,300160,秀强股份,24,86.70844377129875
2025-10-09,2025-10-09,003000,劲仔食品,25,86.68572510412723
2025-10-09,2025-10-09,301024,霍普股份,26,86.67512305944717
2025-10-09,2025-10-09,301136,招标股份,27,86.65164710336994
2025-10-09,2025-10-09,600794,保税科技,28,86.59901552442257
2025-10-09,2025-10-09,603801,志邦家居,29,86.54998106777737
2025-10-09,2025-10-09,605009,豪悦护理,30,86.53445664521017
2025-10-09,2025-10-09,000720,新能泰山,31,86.44433926542978
2025-10-09,2025-10-09,300804,广康生化,32,86.44396062097694
2025-10-09,2025-10-09,600983,惠而浦,33,86.42767890950397
2025-10-09,2025-10-09,002825,纳尔股份,34,86.41329042029535
2025-10-09,2025-10-09,300386,飞天诚信,35,86.36558121923514
2025-10-09,2025-10-09,600610,中毅达,36,86.34343051874292
2025-10-09,2025-10-09,002093,国脉科技,37,86.21336614918592
2025-10-09,2025-10-09,600310,广西能源,38,86.16205982582356
2025-10-09,2025-10-09,600229,城市传媒,39,86.07819007951535
2025-10-09,2025-10-09,300982,苏文电能,40,86.0740249905339
2025-10-09,2025-10-09,002900,哈三联,41,86.03275274517227
2025-10-09,2025-10-09,002094,青岛金王,42,86.01552442256721
2025-10-09,2025-10-09,600876,凯盛新能,43,85.98977659977281
2025-10-09,2025-10-09,600746,江苏索普,44,85.97576675501705
2025-10-09,2025-10-09,300180,华峰超纤,45,85.94888299886408
2025-10-09,2025-10-09,601916,浙商银行,46,85.88678530859522
2025-10-09,2025-10-09,600793,宜宾纸业,47,85.8775085195002
2025-10-09,2025-10-09,002098,浔兴股份,48,85.87050359712232
2025-10-09,2025-10-09,300318,博晖创新,49,85.86936766376373
2025-10-09,2025-10-09,301601,惠通科技,50,85.85516849678154
2025-10-23,2025-10-23,605500,森林包装,1,90.2382391838277
2025-10-23,2025-10-23,002401,中远海科,2,88.66465142641225
2025-10-23,2025-10-23,603262,技源集团,3,88.53712450406198
2025-10-23,2025-10-23,002398,垒知集团,4,88.48516909125262
2025-10-23,2025-10-23,002917,金奥博,5,88.10580011335728
2025-10-23,2025-10-23,001213,中铁特货,6,88.03873039863971
2025-10-23,2025-10-23,600230,沧州大化,7,87.87096164745893
2025-10-23,2025-10-23,002096,易普力,8,87.75533723786133
2025-10-23,2025-10-23,600930,华电新能,9,87.64254675987154
2025-10-23,2025-10-23,603018,华设集团,10,87.56451917627057
2025-10-23,2025-10-23,600399,抚顺特钢,11,87.45550727375779
2025-10-23,2025-10-23,300021,大禹节水,12,87.44719440770831
2025-10-23,2025-10-23,002399,海普瑞,13,87.28358208955224
2025-10-23,2025-10-23,688505,复旦张江,14,87.19535235216324
2025-10-23,2025-10-23,688298,东方生物,15,87.12507084829019
2025-10-23,2025-10-23,603108,润达医疗,16,86.98261855280559
2025-10-23,2025-10-23,688393,安必平,17,86.95427923672774
2025-10-23,2025-10-23,000607,华媒控股,18,86.91913848479125
2025-10-23,2025-10-23,002382,蓝帆医疗,19,86.91649348195732
2025-10-23,2025-10-23,600738,丽尚国潮,20,86.85074626865672
2025-10-23,2025-10-23,605122,四方新材,21,86.75382580767051
2025-10-23,2025-10-23,300401,花园生物,22,86.75250330625356
2025-10-23,2025-10-23,301520,万邦医药,23,86.702059323635
2025-10-23,2025-10-23,002883,*ST中设,24,86.67220857736633
2025-10-23,2025-10-23,002982,湘佳股份,25,86.65123748346875
2025-10-23,2025-10-23,000597,东北制药,26,86.62157566597394
2025-10-23,2025-10-23,300562,乐心股份,27,86.62157566597394
2025-10-23,2025-10-23,000513,丽珠集团,28,86.62119780842623
2025-10-23,2025-10-23,001277,速达股份,29,86.61420744379369
2025-10-23,2025-10-23,002932,*ST明德,30,86.58549027016817
2025-10-23,2025-10-23,300527,ST应急,31,86.55072737577933
2025-10-23,2025-10-23,300654,世纪天鸿,32,86.55034951823164
2025-10-23,2025-10-23,301024,霍普股份,33,86.47175514830909
2025-10-23,2025-10-23,002457,青龙管业,34,86.40166257320992
2025-10-23,2025-10-23,300848,美瑞新材,35,86.32439070470433
2025-10-23,2025-10-23,301408,华人健康,36,86.3221235594181
2025-10-23,2025-10-23,300348,长亮科技,37,86.29812960513887
2025-10-23,2025-10-23,300298,三诺生物,38,86.24844133761573
2025-10-23,2025-10-23,301601,惠通科技,39,86.14887587379559
2025-10-23,2025-10-23,002235,安妮股份,40,86.13262799924429
2025-10-23,2025-10-23,601003,柳钢股份,41,86.1218590591347
2025-10-23,2025-10-23,301299,卓创资讯,42,86.0079350085018
2025-10-23,2025-10-23,600650,锦江在线,43,85.82184016625732
2025-10-23,2025-10-23,000678,襄阳轴承,44,85.81579444549406
2025-10-23,2025-10-23,300719,安达维尔,45,85.78046476478369
2025-10-23,2025-10-23,603466,风语筑,46,85.74966937464575
2025-10-23,2025-10-23,000822,山东海化,47,85.71774041186472
2025-10-23,2025-10-23,301339,通行宝,48,85.68959002456074
2025-10-23,2025-10-23,603916,苏博特,49,85.68316644624979
2025-10-23,2025-10-23,301149,隆华新材,50,85.65274891365955
2025-11-06,2025-11-06,002519,银河电子,1,88.06632653061226
2025-11-06,2025-11-06,002757,南兴股份,2,87.87471655328798
2025-11-06,2025-11-06,002221,东华能源,3,87.48185941043084
2025-11-06,2025-11-06,301276,嘉曼服饰,4,87.26908541194257
2025-11-06,2025-11-06,000409,云鼎科技,5,87.07842025699168
2025-11-06,2025-11-06,600117,西宁特钢,6,87.06538170823886
2025-11-06,2025-11-06,301318,维海德,7,86.9743008314437
2025-11-06,2025-11-06,001277,速达股份,8,86.96655328798187
2025-11-06,2025-11-06,002977,*ST天箭,9,86.92422524565383
2025-11-06,2025-11-06,002123,梦网科技,10,86.49584278155707
2025-11-06,2025-11-06,603310,巍华新材,11,86.46126228269087
2025-11-06,2025-11-06,300384,三联虹普,12,86.41345427059714
2025-11-06,2025-11-06,300629,新劲刚,13,86.39134542705972
2025-11-06,2025-11-06,000888,峨眉山Ａ,14,86.01492819349964
2025-11-06,2025-11-06,300245,ST天玑,15,85.93518518518518
2025-11-06,2025-11-06,301591,肯特股份,16,85.93329554043841
2025-11-06,2025-11-06,000403,派林生物,17,85.88189720332579
2025-11-06,2025-11-06,002401,中远海科,18,85.7792894935752
2025-11-06,2025-11-06,688529,豪森智能,19,85.7403628117914
2025-11-06,2025-11-06,603258,电魂网络,20,85.60336356764928
2025-11-06,2025-11-06,301339,通行宝,21,85.52607709750568
2025-11-06,2025-11-06,301195,北路智控,22,85.5188964474679
2025-11-06,2025-11-06,301188,力诺药包,23,85.47996976568405
2025-11-06,2025-11-06,300817,双飞集团,24,85.4378306878307
2025-11-06,2025-11-06,301153,中科江南,25,85.41534391534391
2025-11-06,2025-11-06,300248,新开普,26,85.39436885865457
2025-11-06,2025-11-06,300840,酷特智能,27,85.31103552532124
2025-11-06,2025-11-06,002577,雷柏科技,28,85.27229780801208
2025-11-06,2025-11-06,002827,高争民爆,29,85.1950113378685
2025-11-06,2025-11-06,301050,雷电微力,30,85.16080876795162
2025-11-06,2025-11-06,000802,北京文化,31,85.09958427815572
2025-11-06,2025-11-06,300401,花园生物,32,85.08068783068782
2025-11-06,2025-11-06,301592,六九一二,33,85.06538170823887
2025-11-06,2025-11-06,605018,长华集团,34,85.0453514739229
2025-11-06,2025-11-06,300459,汤姆猫,35,85.00245653817083
2025-11-06,2025-11-06,688570,天玛智控,36,84.98280423280424
2025-11-06,2025-11-06,300377,赢时胜,37,84.9733560090703
2025-11-06,2025-11-06,002389,航天彩虹,38,84.96352985638701
2025-11-06,2025-11-06,300180,华峰超纤,39,84.8968253968254
2025-11-06,2025-11-06,605009,豪悦护理,40,84.89569160997733
2025-11-06,2025-11-06,300719,安达维尔,41,84.86130007558579
2025-11-06,2025-11-06,301281,科源制药,42,84.72883597883597
2025-11-06,2025-11-06,300307,慈星股份,43,84.69992441421013
2025-11-06,2025-11-06,301586,佳力奇,44,84.65948601662888
2025-11-06,2025-11-06,000516,国际医学,45,84.63321995464855
2025-11-06,2025-11-06,603409,汇通控股,46,84.61470143613002
2025-11-06,2025-11-06,002382,蓝帆医疗,47,84.57142857142857
2025-11-06,2025-11-06,300333,兆日科技,48,84.56878306878308
2025-11-06,2025-11-06,600351,亚宝药业,49,84.5196523053666
2025-11-06,2025-11-06,300169,天晟新材,50,84.48431594860166
2025-11-20,2025-11-20,301188,力诺药包,1,87.5645283018868
2025-11-20,2025-11-20,601177,杭齿前进,2,87.54735849056605
2025-11-20,2025-11-20,002123,梦网科技,3,87.14320754716981
2025-11-20,2025-11-20,301208,中亦科技,4,87.05301886792454
2025-11-20,2025-11-20,301581,黄山谷捷,5,86.53698113207547
2025-11-20,2025-11-20,002577,雷柏科技,6,86.42849056603775
2025-11-20,2025-11-20,603373,安邦护卫,7,86.22905660377359
2025-11-20,2025-11-20,301153,中科江南,8,86.1624528301887
2025-11-20,2025-11-20,688425,铁建重工,9,85.99943396226416
2025-11-20,2025-11-20,002148,北纬科技,10,85.89320754716981
2025-11-20,2025-11-20,600590,泰豪科技,11,85.68924528301886
2025-11-20,2025-11-20,301622,英思特,12,85.68641509433964
2025-11-20,2025-11-20,300130,新国都,13,85.66490566037737
2025-11-20,2025-11-20,300613,富瀚微,14,85.62169811320756
2025-11-20,2025-11-20,603912,佳力图,15,85.58867924528302
2025-11-20,2025-11-20,002120,韵达股份,16,85.40396226415096
2025-11-20,2025-11-20,301383,天键股份,17,85.38509433962264
2025-11-20,2025-11-20,600990,四创电子,18,85.30716981132076
2025-11-20,2025-11-20,300817,双飞集团,19,85.25716981132076
2025-11-20,2025-11-20,002981,朝阳科技,20,85.25641509433963
2025-11-20,2025-11-20,301596,瑞迪智驱,21,85.24415094339624
2025-11-20,2025-11-20,000026,飞亚达,22,85.2222641509434
2025-11-20,2025-11-20,920245,威博液压,23,85.19830188679246
2025-11-20,2025-11-20,600446,金证股份,24,85.18792452830189
2025-11-20,2025-11-20,301586,佳力奇,25,85.15735849056605
2025-11-20,2025-11-20,301022,海泰科,26,85.15679245283019
2025-11-20,2025-11-20,600839,四川长虹,27,85.10622641509435
2025-11-20,2025-11-20,301632,广东建科,28,85.08433962264151
2025-11-20,2025-11-20,300656,民德电子,29,84.92490566037736
2025-11-20,2025-11-20,603586,金麒麟,30,84.89830188679245
2025-11-20,2025-11-20,920068,天工股份,31,84.89716981132077
2025-11-20,2025-11-20,003040,楚天龙,32,84.87528301886793
2025-11-20,2025-11-20,301255,通力科技,33,84.78075471698115
2025-11-20,2025-11-20,688755,汉邦科技,34,84.66867924528302
2025-11-20,2025-11-20,600104,上汽集团,35,84.62264150943396
2025-11-20,2025-11-20,300031,宝通科技,36,84.6024528301887
2025-11-20,2025-11-20,600316,洪都航空,37,84.59283018867924
2025-11-20,2025-11-20,300180,华峰超纤,38,84.58735849056605
2025-11-20,2025-11-20,600178,东安动力,39,84.58283018867927
2025-11-20,2025-11-20,601696,中银证券,40,84.54037735849057
2025-11-20,2025-11-20,301318,维海德,41,84.53245283018869
2025-11-20,2025-11-20,300872,天阳科技,42,84.51000000000002
2025-11-20,2025-11-20,603211,晋拓股份,43,84.45037735849057
2025-11-20,2025-11-20,301501,恒鑫生活,44,84.44490566037737
2025-11-20,2025-11-20,301297,富乐德,45,84.44075471698113
2025-11-20,2025-11-20,301050,雷电微力,46,84.4333962264151
2025-11-20,2025-11-20,300046,台基股份,47,84.40490566037737
2025-11-20,2025-11-20,600841,动力新科,48,84.38716981132076
2025-11-20,2025-11-20,603617,君禾股份,49,84.35490566037736
2025-11-20,2025-11-20,300773,拉卡拉,50,84.33547169811322
2025-12-04,2025-12-04,688085,三友医疗,1,87.21273379935765
2025-12-04,2025-12-04,301177,迪阿股份,2,87.08520687700737
2025-12-04,2025-12-04,688443,智翔金泰-U,3,86.61364065747213
2025-12-04,2025-12-04,688566,吉贝尔,4,86.47553372378613
2025-12-04,2025-12-04,920005,鼎佳精密,5,86.24711883619875
2025-12-04,2025-12-04,920547,无锡晶海,6,86.14717551483092
2025-12-04,2025-12-04,600749,西藏旅游,7,85.878518798413
2025-12-04,2025-12-04,300879,大叶股份,8,85.72832042320047
2025-12-04,2025-12-04,920245,威博液压,9,85.46117513697337
2025-12-04,2025-12-04,300529,健帆生物,10,85.19327413565088
2025-12-04,2025-12-04,603339,四方科技,11,85.08520687700738
2025-12-04,2025-12-04,002657,中科金财,12,84.92329491781597
2025-12-04,2025-12-04,920870,恒进感应,13,84.84545626298886
2025-12-04,2025-12-04,920101,志高机械,14,84.82599659928208
2025-12-04,2025-12-04,688108,赛诺医疗,15,84.79727942565653
2025-12-04,2025-12-04,920403,康农种业,16,84.73720007557152
2025-12-04,2025-12-04,002939,长城证券,17,84.72246363121104
2025-12-04,2025-12-04,300203,聚光科技,18,84.68203287360666
2025-12-04,2025-12-04,688165,埃夫特-U,19,84.65860570564897
2025-12-04,2025-12-04,688265,南模生物,20,84.5686756092953
2025-12-04,2025-12-04,603579,荣泰健康,21,84.53825807670509
2025-12-04,2025-12-04,603373,安邦护卫,22,84.51596448139053
2025-12-04,2025-12-04,688180,君实生物-U,23,84.50349518231629
2025-12-04,2025-12-04,300558,贝达药业,24,84.42490081239373
2025-12-04,2025-12-04,920541,铁大科技,25,84.31569998110713
2025-12-04,2025-12-04,002393,力生制药,26,84.15699981107123
2025-12-04,2025-12-04,603848,好太太,27,84.14812015870018
2025-12-04,2025-12-04,603275,众辰科技,28,84.10334403929718
2025-12-04,2025-12-04,920270,天铭科技,29,84.08369544681658
2025-12-04,2025-12-04,920108,宏海科技,30,83.9573020971094
2025-12-04,2025-12-04,002605,姚记科技,31,83.94388815416588
2025-12-04,2025-12-04,688050,爱博医疗,32,83.93236349896091
2025-12-04,2025-12-04,920139,华岭股份,33,83.92782920838845
2025-12-04,2025-12-04,920378,泰德股份,34,83.88985452484414
2025-12-04,2025-12-04,605050,福然德,35,83.8441337615719
2025-12-04,2025-12-04,688505,复旦张江,36,83.81296051388627
2025-12-04,2025-12-04,601696,中银证券,37,83.78669941432081
2025-12-04,2025-12-04,600521,华海药业,38,83.72095220102022
2025-12-04,2025-12-04,688299,长阳科技,39,83.69355752881165
2025-12-04,2025-12-04,920833,美心翼申,40,83.69034573965615
2025-12-04,2025-12-04,301622,英思特,41,83.68486680521444
2025-12-04,2025-12-04,003040,楚天龙,42,83.65747213300587
2025-12-04,2025-12-04,600446,金证股份,43,83.62497638390327
2025-12-04,2025-12-04,688709,成都华微,44,83.5885131305498
2025-12-04,2025-12-04,603072,天和磁材,45,83.55072737577932
2025-12-04,2025-12-04,920932,科达自控,46,83.47458907991687
2025-12-04,2025-12-04,920082,方正阀门,47,83.464197997355
2025-12-04,2025-12-04,002987,京北方,48,83.46249763839033
2025-12-04,2025-12-04,603325,博隆技术,49,83.44322690345741
2025-12-04,2025-12-04,920098,科隆新材,50,83.40317400340074
2025-12-18,2025-12-18,002423,中粮资本,1,87.59494148735374
2025-12-18,2025-12-18,605050,福然德,2,87.381087202718
2025-12-18,2025-12-18,603219,富佳股份,3,87.21215553038884
2025-12-18,2025-12-18,002042,华孚时尚,4,86.84031710079276
2025-12-18,2025-12-18,920718,合肥高科,5,86.83295583238959
2025-12-18,2025-12-18,002148,北纬科技,6,86.18818422046056
2025-12-18,2025-12-18,603207,小方制药,7,85.99509248773121
2025-12-18,2025-12-18,688566,吉贝尔,8,85.92317855794641
2025-12-18,2025-12-18,603848,好太太,9,85.89524348810875
2025-12-18,2025-12-18,688665,四方光电,10,85.75141562853908
2025-12-18,2025-12-18,002530,金财互联,11,85.52944507361269
2025-12-18,2025-12-18,600749,西藏旅游,12,85.48546621366555
2025-12-18,2025-12-18,002550,千红制药,13,85.44110985277464
2025-12-18,2025-12-18,600503,华丽家族,14,85.3969422423556
2025-12-18,2025-12-18,300580,贝斯特,15,85.39222348055871
2025-12-18,2025-12-18,000837,秦川机床,16,85.33238958097395
2025-12-18,2025-12-18,605228,神通科技,17,85.12967157417893
2025-12-18,2025-12-18,603197,保隆科技,18,85.09475273688184
2025-12-18,2025-12-18,300149,睿智医药,19,85.06191015477539
2025-12-18,2025-12-18,603811,诚意药业,20,85.03001132502831
2025-12-18,2025-12-18,301596,瑞迪智驱,21,84.9494148735372
2025-12-18,2025-12-18,600211,西藏药业,22,84.94507361268403
2025-12-18,2025-12-18,002456,欧菲光,23,84.74669686674218
2025-12-18,2025-12-18,002122,ST汇洲,24,84.73820309550774
2025-12-18,2025-12-18,603583,捷昌驱动,25,84.72838807097018
2025-12-18,2025-12-18,601311,骆驼股份,26,84.70234050585127
2025-12-18,2025-12-18,603089,正裕工业,27,84.6292940732352
2025-12-18,2025-12-18,301190,善水科技,28,84.56568516421292
2025-12-18,2025-12-18,600612,老凤祥,29,84.54964137410343
2025-12-18,2025-12-18,688108,赛诺医疗,30,84.42487731219329
2025-12-18,2025-12-18,301255,通力科技,31,84.36183465458664
2025-12-18,2025-12-18,688581,安杰思,32,84.22876557191394
2025-12-18,2025-12-18,002640,跨境通,33,84.2219705549264
2025-12-18,2025-12-18,301260,格力博,34,84.0847489618724
2025-12-18,2025-12-18,002623,亚玛顿,35,83.98206870517177
2025-12-18,2025-12-18,600603,广汇物流,36,83.94601736504342
2025-12-18,2025-12-18,301022,海泰科,37,83.93676859192149
2025-12-18,2025-12-18,002892,科力尔,38,83.91204228010571
2025-12-18,2025-12-18,688161,威高骨科,39,83.89014722536807
2025-12-18,2025-12-18,603380,易德龙,40,83.74971687429219
2025-12-18,2025-12-18,603111,XD康尼机,41,83.71574178935448
2025-12-18,2025-12-18,601099,太平洋,42,83.64212910532278
2025-12-18,2025-12-18,688299,长阳科技,43,83.62797281993207
2025-12-18,2025-12-18,002616,长青集团,44,83.62400906002266
2025-12-18,2025-12-18,600816,建元信托,45,83.61381653454134
2025-12-18,2025-12-18,605298,必得科技,46,83.57757644394111
2025-12-18,2025-12-18,002527,新时达,47,83.5428463571159
2025-12-18,2025-12-18,600521,华海药业,48,83.53850509626275
2025-12-18,2025-12-18,603477,巨星农牧,49,83.52246130615326
2025-12-18,2025-12-18,300633,开立医疗,50,83.5190637976595
2026-01-05,2026-01-05,000877,天山股份,1,87.62275901113418
2026-01-05,2026-01-05,688083,中望软件,2,87.18777127759955
2026-01-05,2026-01-05,603181,皇马科技,3,86.62709945272694
2026-01-05,2026-01-05,301491,汉桑科技,4,86.45272692960937
2026-01-05,2026-01-05,001380,华纬科技,5,86.40743536516324
2026-01-05,2026-01-05,002616,长青集团,6,86.29420645404794
2026-01-05,2026-01-05,601311,骆驼股份,7,86.2709945272693
2026-01-05,2026-01-05,603381,永臻股份,8,85.55953953576147
2026-01-05,2026-01-05,301052,果麦文化,9,85.49669749009247
2026-01-05,2026-01-05,600503,华丽家族,10,85.49632006038875
2026-01-05,2026-01-05,300641,正丹股份,11,85.38309114927345
2026-01-05,2026-01-05,300184,力源信息,12,85.38026042649557
2026-01-05,2026-01-05,301609,山大电力,13,85.35459520664277
2026-01-05,2026-01-05,002068,黑猫股份,14,85.24080015097189
2026-01-05,2026-01-05,002670,国盛证券,15,85.18437441026609
2026-01-05,2026-01-05,688566,吉贝尔,16,85.1504057369315
2026-01-05,2026-01-05,002045,国光电器,17,84.84638611058692
2026-01-05,2026-01-05,603227,雪峰科技,18,84.8405359501793
2026-01-05,2026-01-05,001358,兴欣新材,19,84.69484808454426
2026-01-05,2026-01-05,002456,欧菲光,20,84.67541045480279
2026-01-05,2026-01-05,600170,上海建工,21,84.67276844687677
2026-01-05,2026-01-05,688373,盟科药业-U,22,84.61709756557842
2026-01-05,2026-01-05,300904,威力传动,23,84.60143423287414
2026-01-05,2026-01-05,301325,曼恩斯特,24,84.52745801094545
2026-01-05,2026-01-05,301190,善水科技,25,84.47178712964711
2026-01-05,2026-01-05,920061,西磁科技,26,84.45065106623892
2026-01-05,2026-01-05,300844,山水比德,27,84.42932628797888
2026-01-05,2026-01-05,000066,中国长城,28,84.42158897905266
2026-01-05,2026-01-05,002929,润建股份,29,84.41743725231177
2026-01-05,2026-01-05,601127,赛力斯,30,84.39082845819966
2026-01-05,2026-01-05,688588,凌志软件,31,84.23702585393471
2026-01-05,2026-01-05,688252,天德钰,32,84.21947537271183
2026-01-05,2026-01-05,600126,杭钢股份,33,84.11889035667109
2026-01-05,2026-01-05,002145,钛能化学,34,83.89715040573694
2026-01-05,2026-01-05,300603,立昂技术,35,83.87827892055105
2026-01-05,2026-01-05,605050,福然德,36,83.86922060766182
2026-01-05,2026-01-05,300950,德固特,37,83.85846386110588
2026-01-05,2026-01-05,600375,汉马科技,38,83.83883751651256
2026-01-05,2026-01-05,600821,金开新能,39,83.7870352896773
2026-01-05,2026-01-05,688581,安杰思,40,83.71862615587847
2026-01-05,2026-01-05,600173,卧龙新能,41,83.65333081713533
2026-01-05,2026-01-05,688152,麒麟信安,42,83.61747499528214
2026-01-05,2026-01-05,600640,国脉文化,43,83.58728061898472
2026-01-05,2026-01-05,301210,金杨精密,44,83.57746744668806
2026-01-05,2026-01-05,300388,节能国祯,45,83.53802604264958
2026-01-05,2026-01-05,920627,力王股份,46,83.53670503868655
2026-01-05,2026-01-05,603111,XD康尼机,47,83.52557086242687
2026-01-05,2026-01-05,002365,永安药业,48,83.49801849405549
2026-01-05,2026-01-05,002550,千红制药,49,83.4608416682393
2026-01-05,2026-01-05,301500,飞南资源,50,83.43291187016419
2026-01-19,2026-01-19,600168,武汉控股,1,91.51750094091081
2026-01-19,2026-01-19,003038,鑫铂股份,2,89.3739179525781
2026-01-19,2026-01-19,002267,陕天然气,3,88.69288671433948
2026-01-19,2026-01-19,600008,首创环保,4,88.50884456153558
2026-01-19,2026-01-19,600123,兰花科创,5,88.50263455024465
2026-01-19,2026-01-19,603689,皖天然气,6,88.44166353029735
2026-01-19,2026-01-19,002482,广田集团,7,88.41343620624765
2026-01-19,2026-01-19,000045,深纺织Ａ,8,88.41211893112535
2026-01-19,2026-01-19,600971,恒源煤电,9,88.38840797892361
2026-01-19,2026-01-19,002481,双塔食品,10,88.36883703424915
2026-01-19,2026-01-19,300675,建科院,11,87.89028980052692
2026-01-19,2026-01-19,920101,志高机械,12,87.81802785095974
2026-01-19,2026-01-19,603053,成都燃气,13,87.75404591644713
2026-01-19,2026-01-19,600928,西安银行,14,87.71396311629658
2026-01-19,2026-01-19,600675,中华企业,15,87.71151674821229
2026-01-19,2026-01-19,600758,辽宁能源,16,87.51919458035377
2026-01-19,2026-01-19,002807,江阴银行,17,87.49397817086941
2026-01-19,2026-01-19,000402,金 融 街,18,87.4855099736545
2026-01-19,2026-01-19,601022,宁波远洋,19,87.45333082423787
2026-01-19,2026-01-19,002948,青岛银行,20,87.38821979676328
2026-01-19,2026-01-19,000552,甘肃能化,21,87.31087692886715
2026-01-19,2026-01-19,600925,苏能股份,22,87.25705683101242
2026-01-19,2026-01-19,000877,天山股份,23,87.10218291305985
2026-01-19,2026-01-19,000011,深物业A,24,87.03519006398194
2026-01-19,2026-01-19,600508,上海能源,25,86.90421528039143
2026-01-19,2026-01-19,000014,沙河股份,26,86.77531050056456
2026-01-19,2026-01-19,600903,贵州燃气,27,86.75103500188182
2026-01-19,2026-01-19,600548,深高速,28,86.75084681972149
2026-01-19,2026-01-19,600173,卧龙新能,29,86.56624012043659
2026-01-19,2026-01-19,002327,富安娜,30,86.47290176891231
2026-01-19,2026-01-19,300388,节能国祯,31,86.42491531802786
2026-01-19,2026-01-19,301632,广东建科,32,86.39612344749719
2026-01-19,2026-01-19,601326,秦港股份,33,86.3793752352277
2026-01-19,2026-01-19,603151,邦基科技,34,86.37542340986076
2026-01-19,2026-01-19,601158,重庆水务,35,86.37335340609711
2026-01-19,2026-01-19,000027,深圳能源,36,86.32611968385399
2026-01-19,2026-01-19,000517,荣安地产,37,86.31012420022583
2026-01-19,2026-01-19,601333,广深铁路,38,86.25291682348514
2026-01-19,2026-01-19,600016,民生银行,39,86.1821603312006
2026-01-19,2026-01-19,600035,楚天高速,40,86.02239367707942
2026-01-19,2026-01-19,600162,香江控股,41,86.01994730899511
2026-01-19,2026-01-19,600425,青松建化,42,85.99811817839668
2026-01-19,2026-01-19,603706,东方环宇,43,85.95069627399323
2026-01-19,2026-01-19,603406,天富龙,44,85.94354535190065
2026-01-19,2026-01-19,002726,ST龙大,45,85.93978170869401
2026-01-19,2026-01-19,000965,天保基建,46,85.92096349266089
2026-01-19,2026-01-19,601880,辽港股份,47,85.91042529168234
2026-01-19,2026-01-19,601860,紫金银行,48,85.90741437711706
2026-01-19,2026-01-19,603609,禾丰股份,49,85.84926608957471
2026-01-19,2026-01-19,600503,华丽家族,50,85.83929243507716
2026-02-02,2026-02-02,000755,山西高速,1,89.51765589782119
2026-02-02,2026-02-02,600548,深高速,2,88.60631104432758
2026-02-02,2026-02-02,002481,双塔食品,3,87.33414725770098
2026-02-02,2026-02-02,600027,华电国际,4,86.60894064613073
2026-02-02,2026-02-02,601658,邮储银行,5,86.55052592036063
2026-02-02,2026-02-02,002668,TCL智家,6,86.48365890308041
2026-02-02,2026-02-02,000014,沙河股份,7,86.4207362885049
2026-02-02,2026-02-02,601136,首创证券,8,86.27535687453044
2026-02-02,2026-02-02,600743,华远控股,9,86.09992486851992
2026-02-02,2026-02-02,605138,盛泰集团,10,86.04244928625096
2026-02-02,2026-02-02,600368,五洲交通,11,85.97933884297521
2026-02-02,2026-02-02,002840,华统股份,12,85.9614951164538
2026-02-02,2026-02-02,600377,宁沪高速,13,85.89237415477086
2026-02-02,2026-02-02,000903,ST云动,14,85.84654395191585
2026-02-02,2026-02-02,000736,中交发展,15,85.82963936889557
2026-02-02,2026-02-02,600012,皖通高速,16,85.82268970698723
2026-02-02,2026-02-02,001205,盛航股份,17,85.8084147257701
2026-02-02,2026-02-02,001282,三联锻造,18,85.78456048084149
2026-02-02,2026-02-02,002424,ST百灵,19,85.76070623591285
2026-02-02,2026-02-02,603376,大明电子,20,85.70154019534185
2026-02-02,2026-02-02,601059,信达证券,21,85.68482344102179
2026-02-02,2026-02-02,603301,振德医疗,22,85.48647633358378
2026-02-02,2026-02-02,920339,恒太照明,23,85.43632607062361
2026-02-02,2026-02-02,920718,合肥高科,24,85.4363260706236
2026-02-02,2026-02-02,603669,灵康药业,25,85.43595041322314
2026-02-02,2026-02-02,300388,节能国祯,26,85.38861758076635
2026-02-02,2026-02-02,600575,淮河能源,27,85.38354620586026
2026-02-02,2026-02-02,002210,飞马国际,28,85.29113448534936
2026-02-02,2026-02-02,000989,九芝堂,29,85.2610818933133
2026-02-02,2026-02-02,002269,美邦服饰,30,85.19609316303531
2026-02-02,2026-02-02,002807,江阴银行,31,85.13410969196093
2026-02-02,2026-02-02,001965,招商公路,32,85.08921863260707
2026-02-02,2026-02-02,603151,邦基科技,33,85.0569120961683
2026-02-02,2026-02-02,000679,大连友谊,34,85.03456048084146
2026-02-02,2026-02-02,000011,深物业A,35,85.01427498121714
2026-02-02,2026-02-02,002726,ST龙大,36,84.85725018782871
2026-02-02,2026-02-02,603508,思维列控,37,84.795830202855
2026-02-02,2026-02-02,600857,宁波中百,38,84.78005259203607
2026-02-02,2026-02-02,300890,翔丰华,39,84.75563486100677
2026-02-02,2026-02-02,600503,华丽家族,40,84.6855747558227
2026-02-02,2026-02-02,000567,海德股份,41,84.65871525169045
2026-02-02,2026-02-02,603030,全筑股份,42,84.61081893313299
2026-02-02,2026-02-02,300173,ST福能,43,84.56217129977462
2026-02-02,2026-02-02,603839,安正时尚,44,84.47952667167544
2026-02-02,2026-02-02,603717,天域生物,45,84.46036814425246
2026-02-02,2026-02-02,000068,华控赛格,46,84.4586776859504
2026-02-02,2026-02-02,603014,威高血净,47,84.42731029301278
2026-02-02,2026-02-02,920837,华原股份,48,84.33489857250188
2026-02-02,2026-02-02,603535,嘉诚国际,49,84.28906836964688
2026-02-02,2026-02-02,600006,东风股份,50,84.2809917355372
2026-02-24,2026-02-24,001390,古麒绒材,1,89.09198423127465
2026-02-24,2026-02-24,600881,亚泰集团,2,88.56016519617046
2026-02-24,2026-02-24,002086,东方海洋,3,88.03435329453727
2026-02-24,2026-02-24,601136,首创证券,4,88.00825980852262
2026-02-24,2026-02-24,000158,常山北明,5,87.81584381452976
2026-02-24,2026-02-24,688198,佰仁医疗,6,87.33114323258872
2026-02-24,2026-02-24,002855,捷荣技术,7,87.14773793880234
2026-02-24,2026-02-24,920436,大地电气,8,87.05368875539705
2026-02-24,2026-02-24,002877,智能自控,9,86.89600150178337
2026-02-24,2026-02-24,688101,三达膜,10,86.88079594518491
2026-02-24,2026-02-24,601162,天风证券,11,86.54702459170267
2026-02-24,2026-02-24,002940,昂利康,12,86.479068894312
2026-02-24,2026-02-24,000567,海德股份,13,86.20499342969778
2026-02-24,2026-02-24,600167,联美控股,14,86.17721043739441
2026-02-24,2026-02-24,002369,卓翼科技,15,86.10474938990052
2026-02-24,2026-02-24,601059,信达证券,16,85.84869532569927
2026-02-24,2026-02-24,002453,华软科技,17,85.78899943683125
2026-02-24,2026-02-24,600155,华创云信,18,85.77980101370377
2026-02-24,2026-02-24,603535,嘉诚国际,19,85.74338276703588
2026-02-24,2026-02-24,601279,英利汽车,20,85.72310869157124
2026-02-24,2026-02-24,300388,节能国祯,21,85.66547775483387
2026-02-24,2026-02-24,002269,美邦服饰,22,85.6054064201239
2026-02-24,2026-02-24,300822,贝仕达克,23,85.50760277829923
2026-02-24,2026-02-24,000403,派林生物,24,85.31424816970153
2026-02-24,2026-02-24,002481,双塔食品,25,85.30354796320631
2026-02-24,2026-02-24,002402,和而泰,26,85.26900694574809
2026-02-24,2026-02-24,300465,高伟达,27,85.15487140979914
2026-02-24,2026-02-24,002889,东方嘉盛,28,85.14623615543458
2026-02-24,2026-02-24,600319,亚星化学,29,85.11939177773607
2026-02-24,2026-02-24,002650,ST加加,30,85.03867092171956
2026-02-24,2026-02-24,603177,德创环保,31,84.96902571804019
2026-02-24,2026-02-24,000679,大连友谊,32,84.88098366810588
2026-02-24,2026-02-24,000955,欣龙控股,33,84.78824854514738
2026-02-24,2026-02-24,920925,锦好医疗,34,84.7713534822602
2026-02-24,2026-02-24,300867,圣元环保,35,84.69945560352919
2026-02-24,2026-02-24,300538,同益股份,36,84.6904449033227
2026-02-24,2026-02-24,002020,京新药业,37,84.65421437957575
2026-02-24,2026-02-24,600756,浪潮软件,38,84.46968274826357
2026-02-24,2026-02-24,920392,佳合科技,39,84.40078843626809
2026-02-24,2026-02-24,920523,德瑞锂电,40,84.39008822977286
2026-02-24,2026-02-24,600006,东风股份,41,84.38783555472125
2026-02-24,2026-02-24,603406,天富龙,42,84.35498404355172
2026-02-24,2026-02-24,300173,ST福能,43,84.34634878918715
2026-02-24,2026-02-24,002298,中电鑫龙,44,84.31387272385959
2026-02-24,2026-02-24,600712,南宁百货,45,84.27501407921909
2026-02-24,2026-02-24,600630,龙头股份,46,84.27238595832553
2026-02-24,2026-02-24,301116,益客食品,47,84.25849446217384
2026-02-24,2026-02-24,300598,诚迈科技,48,84.24629247231088
2026-02-24,2026-02-24,600483,福能股份,49,84.2354045428947
2026-02-24,2026-02-24,601606,长城军工,50,84.2324009761592
2026-03-10,2026-03-10,001390,古麒绒材,1,88.91358256622205
2026-03-10,2026-03-10,603711,香飘飘,2,88.43265076084916
2026-03-10,2026-03-10,000788,北大医药,3,88.37741874882585
2026-03-10,2026-03-10,600272,开开实业,4,88.36163817396205
2026-03-10,2026-03-10,000812,陕西金叶,5,88.13657711816646
2026-03-10,2026-03-10,300867,圣元环保,6,87.72083411609995
2026-03-10,2026-03-10,002889,东方嘉盛,7,87.42964493706558
2026-03-10,2026-03-10,600167,联美控股,8,87.42757843321436
2026-03-10,2026-03-10,600630,龙头股份,9,87.3913206838249
2026-03-10,2026-03-10,002369,卓翼科技,10,87.1606237084351
2026-03-10,2026-03-10,605179,一鸣食品,11,87.06443734736051
2026-03-10,2026-03-10,000756,新华制药,12,86.91978207777571
2026-03-10,2026-03-10,301584,建发致新,13,86.89705053541236
2026-03-10,2026-03-10,002900,哈三联,14,86.77756904001504
2026-03-10,2026-03-10,600679,上海凤凰,15,86.75596468157055
2026-03-10,2026-03-10,920701,豪声电子,16,86.75464963366524
2026-03-10,2026-03-10,603758,秦安股份,17,86.5735487507045
2026-03-10,2026-03-10,603906,龙蟠科技,18,86.55833176780013
2026-03-10,2026-03-10,601238,广汽集团,19,86.40390757091866
2026-03-10,2026-03-10,600857,宁波中百,20,86.28837121923728
2026-03-10,2026-03-10,603636,南威软件,21,86.26545181288748
2026-03-10,2026-03-10,001222,源飞宠物,22,86.23032124741687
2026-03-10,2026-03-10,605108,同庆楼,23,86.22938192748451
2026-03-10,2026-03-10,002402,和而泰,24,86.18560961863611
2026-03-10,2026-03-10,603677,奇精机械,25,86.06838249107648
2026-03-10,2026-03-10,300434,金石亚药,26,86.06199511553636
2026-03-10,2026-03-10,603106,恒银科技,27,85.95472477925983
2026-03-10,2026-03-10,600802,福建水泥,28,85.802930678189
2026-03-10,2026-03-10,002893,京能热力,29,85.75314672177345
2026-03-10,2026-03-10,603815,交建股份,30,85.71087732481683
2026-03-10,2026-03-10,605388,均瑶健康,31,85.70636858914146
2026-03-10,2026-03-10,603767,中马传动,32,85.63197445049785
2026-03-10,2026-03-10,600327,大东方,33,85.5369152733421
2026-03-10,2026-03-10,603535,嘉诚国际,34,85.45218861544244
2026-03-10,2026-03-10,002543,万和电气,35,85.44937065564532
2026-03-10,2026-03-10,002317,众生药业,36,85.32293819274845
2026-03-10,2026-03-10,002681,奋达科技,37,85.26150666917152
2026-03-10,2026-03-10,603508,思维列控,38,85.24328386248358
2026-03-10,2026-03-10,603322,超讯科技,39,85.2151042645125
2026-03-10,2026-03-10,600203,福日电子,40,85.14672177343604
2026-03-10,2026-03-10,002032,苏 泊 尔,41,85.13338343039639
2026-03-10,2026-03-10,601136,首创证券,42,85.03963930114597
2026-03-10,2026-03-10,002940,昂利康,43,84.98046214540673
2026-03-10,2026-03-10,600829,人民同泰,44,84.97538981777194
2026-03-10,2026-03-10,600592,龙溪股份,45,84.92804809318054
2026-03-10,2026-03-10,600729,重百集团,46,84.91658839000564
2026-03-10,2026-03-10,002481,双塔食品,47,84.8947961675747
2026-03-10,2026-03-10,605008,长鸿高科,48,84.82021416494459
2026-03-10,2026-03-10,603392,万泰生物,49,84.80368213413489
2026-03-10,2026-03-10,603327,福蓉科技,50,84.79597971068948
2026-03-24,2026-03-24,000950,重药控股,1,89.08421052631579
2026-03-24,2026-03-24,605339,南侨食品,2,88.9951127819549
2026-03-24,2026-03-24,601366,利群股份,3,88.47293233082708
2026-03-24,2026-03-24,603711,香飘飘,4,88.40225563909773
2026-03-24,2026-03-24,605388,均瑶健康,5,88.34943609022557
2026-03-24,2026-03-24,605179,一鸣食品,6,88.32274436090226
2026-03-24,2026-03-24,001318,阳光乳业,7,88.27124060150376
2026-03-24,2026-03-24,920422,润普食品,8,88.25300751879699
2026-03-24,2026-03-24,000716,黑芝麻,9,88.2328947368421
2026-03-24,2026-03-24,920826,盖世食品,10,88.1796992481203
2026-03-24,2026-03-24,000721,西安饮食,11,88.16748120300754
2026-03-24,2026-03-24,600327,大东方,12,87.87161654135338
2026-03-24,2026-03-24,601933,永辉超市,13,87.69567669172933
2026-03-24,2026-03-24,002251,步步高,14,87.64718045112781
2026-03-24,2026-03-24,002697,红旗连锁,15,87.63815789473685
2026-03-24,2026-03-24,603101,汇嘉时代,16,87.59642857142859
2026-03-24,2026-03-24,601566,九牧王,17,87.57406015037596
2026-03-24,2026-03-24,920436,大地电气,18,87.34699248120302
2026-03-24,2026-03-24,002889,东方嘉盛,19,87.2169172932331
2026-03-24,2026-03-24,000802,北京文化,20,87.18834586466166
2026-03-24,2026-03-24,002561,徐家汇,21,86.99774436090226
2026-03-24,2026-03-24,000797,中国武夷,22,86.98721804511278
2026-03-24,2026-03-24,920221,易实精密,23,86.95206766917293
2026-03-24,2026-03-24,300791,仙乐健康,24,86.89906015037594
2026-03-24,2026-03-24,605108,同庆楼,25,86.8575187969925
2026-03-24,2026-03-24,920834,三维装备,26,86.78214285714286
2026-03-24,2026-03-24,603767,中马传动,27,86.68045112781955
2026-03-24,2026-03-24,605008,长鸿高科,28,86.54943609022556
2026-03-24,2026-03-24,600993,马应龙,29,86.54285714285714
2026-03-24,2026-03-24,002186,全 聚 德,30,86.52142857142857
2026-03-24,2026-03-24,002164,宁波东力,31,86.51560150375941
2026-03-24,2026-03-24,300898,熊猫乳品,32,86.50507518796992
2026-03-24,2026-03-24,920262,太湖雪,33,86.41635338345866
2026-03-24,2026-03-24,920278,鹿得医疗,34,86.39924812030075
2026-03-24,2026-03-24,601066,中信建投,35,86.39774436090227
2026-03-24,2026-03-24,603099,长白山,36,86.3483082706767
2026-03-24,2026-03-24,920407,驰诚股份,37,86.33627819548873
2026-03-24,2026-03-24,600280,中央商场,38,86.26221804511277
2026-03-24,2026-03-24,920124,南特科技,39,86.23477443609023
2026-03-24,2026-03-24,000759,中百集团,40,86.1436090225564
2026-03-24,2026-03-24,920665,科强股份,41,85.978007518797
2026-03-24,2026-03-24,600272,开开实业,42,85.91484962406015
2026-03-24,2026-03-24,000017,深中华A,43,85.88627819548873
2026-03-24,2026-03-24,920392,佳合科技,44,85.86259398496242
2026-03-24,2026-03-24,601198,东兴证券,45,85.85263157894738
2026-03-24,2026-03-24,600882,妙可蓝多,46,85.69943609022557
2026-03-24,2026-03-24,603535,嘉诚国际,47,85.66353383458647
2026-03-24,2026-03-24,600009,上海机场,48,85.65639097744362
2026-03-24,2026-03-24,920906,舜宇精工,49,85.60338345864662
2026-03-24,2026-03-24,603758,秦安股份,50,85.59022556390977
2026-04-08,2026-04-08,603686,福龙马,1,87.75578551269992
2026-04-08,2026-04-08,603069,海汽集团,2,87.68090310442146
2026-04-08,2026-04-08,300652,雷迪克,3,87.6549388523048
2026-04-08,2026-04-08,920392,佳合科技,4,87.46904985888993
2026-04-08,2026-04-08,600865,百大集团,5,87.30667920978364
2026-04-08,2026-04-08,300007,汉威科技,6,87.05380997177798
2026-04-08,2026-04-08,002347,泰尔股份,7,87.03593603010349
2026-04-08,2026-04-08,603809,豪能股份,8,86.83894637817498
2026-04-08,2026-04-08,603344,星德胜,9,86.75578551269993
2026-04-08,2026-04-08,920826,盖世食品,10,86.66152398871121
2026-04-08,2026-04-08,600592,龙溪股份,11,86.56406396989654
2026-04-08,2026-04-08,000759,中百集团,12,86.40507996237065
2026-04-08,2026-04-08,688306,均普智能,13,86.27074317968015
2026-04-08,2026-04-08,002163,海南发展,14,86.26904985888994
2026-04-08,2026-04-08,603662,柯力传感,15,86.15804327375353
2026-04-08,2026-04-08,603278,大业股份,16,85.96876763875824
2026-04-08,2026-04-08,600515,海南机场,17,85.79510818438382
2026-04-08,2026-04-08,920510,丰光精密,18,85.79115710254
2026-04-08,2026-04-08,002765,蓝黛科技,19,85.67920978363124
2026-04-08,2026-04-08,920642,通易航天,20,85.61448730009408
2026-04-08,2026-04-08,600859,王府井,21,85.5475070555033
2026-04-08,2026-04-08,600843,上工申贝,22,85.48052681091252
2026-04-08,2026-04-08,300525,博思软件,23,85.474694261524
2026-04-08,2026-04-08,601888,中国中免,24,85.2961429915334
2026-04-08,2026-04-08,600990,四创电子,25,85.28880526810913
2026-04-08,2026-04-08,300354,东华测试,26,85.28071495766699
2026-04-08,2026-04-08,603767,中马传动,27,85.26603951081846
2026-04-08,2026-04-08,002527,新时达,28,85.26133584195675
2026-04-08,2026-04-08,300276,三丰智能,29,85.18118532455316
2026-04-08,2026-04-08,002965,祥鑫科技,30,85.12022577610537
2026-04-08,2026-04-08,605333,沪光股份,31,85.1002822201317
2026-04-08,2026-04-08,002050,三花智控,32,85.05475070555035
2026-04-08,2026-04-08,300660,江苏雷利,33,84.94449670743181
2026-04-08,2026-04-08,002698,博实股份,34,84.92530573847601
2026-04-08,2026-04-08,600271,航天信息,35,84.88259642521166
2026-04-08,2026-04-08,603486,科沃斯,36,84.85813734713076
2026-04-08,2026-04-08,002164,宁波东力,37,84.81166509877706
2026-04-08,2026-04-08,605179,一鸣食品,38,84.76500470366888
2026-04-08,2026-04-08,300793,佳禾智能,39,84.74769520225777
2026-04-08,2026-04-08,603197,保隆科技,40,84.48936970837254
2026-04-08,2026-04-08,601566,九牧王,41,84.4214487300094
2026-04-08,2026-04-08,688126,沪硅产业,42,84.40677328316087
2026-04-08,2026-04-08,300024,机器人,43,84.23894637817499
2026-04-08,2026-04-08,603131,上海沪工,44,84.2131702728128
2026-04-08,2026-04-08,600693,东百集团,45,84.19303857008467
2026-04-08,2026-04-08,301000,肇民科技,46,84.16218250235184
2026-04-08,2026-04-08,002596,海南瑞泽,47,84.14976481655692
2026-04-08,2026-04-08,920533,骏创科技,48,84.10761994355599
2026-04-08,2026-04-08,300884,狄耐克,49,84.0483537158984
2026-04-08,2026-04-08,002045,国光电器,50,83.90178739416744
2026-04-22,2026-04-22,002187,广百股份,1,88.2828625235405
2026-04-22,2026-04-22,601366,利群股份,2,87.60357815442562
2026-04-22,2026-04-22,603686,福龙马,3,87.22354048964219
2026-04-22,2026-04-22,600198,大唐电信,4,86.7337099811676
2026-04-22,2026-04-22,300525,博思软件,5,86.72128060263655
2026-04-22,2026-04-22,300783,三只松鼠,6,86.69981167608286
2026-04-22,2026-04-22,600859,王府井,7,86.62655367231639
2026-04-22,2026-04-22,600858,银座股份,8,86.59209039548024
2026-04-22,2026-04-22,601888,中国中免,9,86.39792843691149
2026-04-22,2026-04-22,000716,黑芝麻,10,86.345197740113
2026-04-22,2026-04-22,000501,武商集团,11,86.19190207156309
2026-04-22,2026-04-22,603352,至信股份,12,86.17551789077214
2026-04-22,2026-04-22,603712,七一二,13,86.05291902071563
2026-04-22,2026-04-22,002276,万马股份,14,85.98531073446328
2026-04-22,2026-04-22,002153,石基信息,15,85.69114877589455
2026-04-22,2026-04-22,002163,海南发展,16,85.61694915254239
2026-04-22,2026-04-22,001255,博菲电气,17,85.29453860640301
2026-04-22,2026-04-22,002570,贝因美,18,85.25084745762712
2026-04-22,2026-04-22,603636,南威软件,19,85.08549905838042
2026-04-22,2026-04-22,603767,中马传动,20,84.92749529190209
2026-04-22,2026-04-22,301078,孩子王,21,84.82071563088512
2026-04-22,2026-04-22,600718,东软集团,22,84.69303201506591
2026-04-22,2026-04-22,603015,弘讯科技,23,84.49491525423728
2026-04-22,2026-04-22,688232,新点软件,24,84.45197740112995
2026-04-22,2026-04-22,600650,锦江在线,25,84.30376647834275
2026-04-22,2026-04-22,002094,青岛金王,26,84.24538606403014
2026-04-22,2026-04-22,600280,中央商场,27,84.2316384180791
2026-04-22,2026-04-22,000759,中百集团,28,84.13050847457629
2026-04-22,2026-04-22,301261,恒工精密,29,84.0421845574388
2026-04-22,2026-04-22,300993,玉马科技,30,83.95009416195859
2026-04-22,2026-04-22,300622,博士眼镜,31,83.91789077212806
2026-04-22,2026-04-22,002735,王子新材,32,83.87269303201508
2026-04-22,2026-04-22,002017,东信和平,33,83.80640301318269
2026-04-22,2026-04-22,688119,中钢洛耐,34,83.70320150659134
2026-04-22,2026-04-22,002230,科大讯飞,35,83.62598870056499
2026-04-22,2026-04-22,002697,红旗连锁,36,83.54858757062146
2026-04-22,2026-04-22,002605,姚记科技,37,83.54500941619587
2026-04-22,2026-04-22,600515,海南机场,38,83.53389830508475
2026-04-22,2026-04-22,301000,肇民科技,39,83.35687382297552
2026-04-22,2026-04-22,603069,海汽集团,40,83.35160075329568
2026-04-22,2026-04-22,920826,盖世食品,41,83.31393596986818
2026-04-22,2026-04-22,603848,好太太,42,83.1457627118644
2026-04-22,2026-04-22,002474,榕基软件,43,83.1271186440678
2026-04-22,2026-04-22,300007,汉威科技,44,83.07853107344633
2026-04-22,2026-04-22,300098,高新兴,45,82.96949152542375
2026-04-22,2026-04-22,301678,新恒汇,46,82.95386064030133
2026-04-22,2026-04-22,600865,百大集团,47,82.9442561205273
2026-04-22,2026-04-22,600635,大众公用,48,82.93596986817326
2026-04-22,2026-04-22,920075,柏星龙,49,82.90037664783429
2026-04-22,2026-04-22,301586,佳力奇,50,82.88022598870056
2026-05-11,2026-05-11,600199,金种子酒,1,89.43691325572662
2026-05-11,2026-05-11,600779,水井坊,2,89.14175741644763
2026-05-11,2026-05-11,605337,李子园,3,88.83270747277507
2026-05-11,2026-05-11,600916,中国黄金,4,87.52572286894478
2026-05-11,2026-05-11,002094,青岛金王,5,87.10889973713857
2026-05-11,2026-05-11,001386,马可波罗,6,86.97690574539992
2026-05-11,2026-05-11,603759,海天股份,7,86.74934284641382
2026-05-11,2026-05-11,600828,茂业商业,8,86.44029290274128
2026-05-11,2026-05-11,000799,酒鬼酒,9,85.58730754787835
2026-05-11,2026-05-11,002570,贝因美,10,85.36988358993618
2026-05-11,2026-05-11,300805,电声股份,11,85.23263236950808
2026-05-11,2026-05-11,603919,金徽酒,12,85.13218174990614
2026-05-11,2026-05-11,002320,海峡股份,13,85.04374765302292
2026-05-11,2026-05-11,002462,嘉事堂,14,84.83101764926775
2026-05-11,2026-05-11,002264,新 华 都,15,84.81768681937666
2026-05-11,2026-05-11,920007,酉立智能,16,84.7761922643635
2026-05-11,2026-05-11,920371,欧福蛋业,17,84.77037176117163
2026-05-11,2026-05-11,000501,武商集团,18,84.6637251220428
2026-05-11,2026-05-11,601888,中国中免,19,84.57641757416448
2026-05-11,2026-05-11,600702,舍得酒业,20,84.481224183252
2026-05-11,2026-05-11,002809,红墙股份,21,84.45662786331208
2026-05-11,2026-05-11,603396,金辰股份,22,84.44179496808113
2026-05-11,2026-05-11,002187,广百股份,23,84.26793090499437
2026-05-11,2026-05-11,002163,海南发展,24,84.2181749906121
2026-05-11,2026-05-11,601366,利群股份,25,84.08017273751409
2026-05-11,2026-05-11,601319,中国人保,26,84.04806609087497
2026-05-11,2026-05-11,603896,寿仙谷,27,84.04168231318063
2026-05-11,2026-05-11,600618,氯碱化工,28,83.90499436725499
2026-05-11,2026-05-11,002707,众信旅游,29,83.82125422455876
2026-05-11,2026-05-11,600273,嘉化能源,30,83.77506571535864
2026-05-11,2026-05-11,603697,有友食品,31,83.733383402178
2026-05-11,2026-05-11,002367,康力电梯,32,83.62561021404433
2026-05-11,2026-05-11,000676,智度股份,33,83.47465264739017
2026-05-11,2026-05-11,603352,至信股份,34,83.42320690950056
2026-05-11,2026-05-11,603500,祥和实业,35,83.40705970709728
2026-05-11,2026-05-11,603686,福龙马,36,83.31787457754413
2026-05-11,2026-05-11,300413,芒果超媒,37,83.30660908749532
2026-05-11,2026-05-11,603589,口子窖,38,83.29102515959444
2026-05-11,2026-05-11,000061,农 产 品,39,83.27938415321069
2026-05-11,2026-05-11,300525,博思软件,40,83.2752534735261
2026-05-11,2026-05-11,000607,华媒控股,41,83.20277882087872
2026-05-11,2026-05-11,603069,海汽集团,42,83.18550506947054
2026-05-11,2026-05-11,001225,和泰机电,43,83.06177243710103
2026-05-11,2026-05-11,601608,中信重工,44,83.03905369883591
2026-05-11,2026-05-11,920019,铜冠矿建,45,83.01257979722119
2026-05-11,2026-05-11,600650,锦江在线,46,82.9838527975967
2026-05-11,2026-05-11,920087,秋乐种业,47,82.91006383777695
2026-05-11,2026-05-11,000572,海马汽车,48,82.8477281261735
2026-05-11,2026-05-11,600059,古越龙山,49,82.8210664663913
2026-05-11,2026-05-11,603172,万丰股份,50,82.78351483289525
2026-05-25,2026-05-25,600916,中国黄金,1,88.07287373548147
2026-05-25,2026-05-25,600782,新钢股份,2,87.16185837392283
2026-05-25,2026-05-25,600477,杭萧钢构,3,86.86568002997377
2026-05-25,2026-05-25,300251,光线传媒,4,86.82821281378793
2026-05-25,2026-05-25,300719,安达维尔,5,86.81303859123268
2026-05-25,2026-05-25,600765,中航重机,6,86.74690895466468
2026-05-25,2026-05-25,601390,中国中铁,7,86.22030723117274
2026-05-25,2026-05-25,000798,中水渔业,8,86.16935181715999
2026-05-25,2026-05-25,601599,浙文影业,9,86.13431997002624
2026-05-25,2026-05-25,600352,浙江龙盛,10,86.08167853128514
2026-05-25,2026-05-25,605033,美邦股份,11,86.02154364930686
2026-05-25,2026-05-25,601595,上海电影,12,86.00749344323717
2026-05-25,2026-05-25,300261,雅本化学,13,85.62851255151743
2026-05-25,2026-05-25,002728,特一药业,14,85.58317721993257
2026-05-25,2026-05-25,603980,吉华集团,15,85.4421131509929
2026-05-25,2026-05-25,001217,华尔泰,16,85.43461970775572
2026-05-25,2026-05-25,603896,寿仙谷,17,85.33064818284002
2026-05-25,2026-05-25,002367,康力电梯,18,85.22911202697641
2026-05-25,2026-05-25,001206,依依股份,19,85.2000749344324
2026-05-25,2026-05-25,000655,金岭矿业,20,85.11146496815287
2026-05-25,2026-05-25,300180,华峰超纤,21,85.06313225927316
2026-05-25,2026-05-25,002670,国盛证券,22,84.9299363057325
2026-05-25,2026-05-25,603968,醋化股份,23,84.90914200074936
2026-05-25,2026-05-25,000761,本钢板材,24,84.74203821656052
2026-05-25,2026-05-25,002101,广东鸿图,25,84.68752341701014
2026-05-25,2026-05-25,000959,首钢股份,26,84.67440989134506
2026-05-25,2026-05-25,000635,英 力 特,27,84.59329336830274
2026-05-25,2026-05-25,002094,青岛金王,28,84.59067066316975
2026-05-25,2026-05-25,920985,海泰新能,29,84.58373922817538
2026-05-25,2026-05-25,000572,海马汽车,30,84.42656425627575
2026-05-25,2026-05-25,000566,海南海药,31,84.3997751967029
2026-05-25,2026-05-25,603103,横店影视,32,84.2907455976021
2026-05-25,2026-05-25,002110,三钢闽光,33,84.2386661671038
2026-05-25,2026-05-25,600828,茂业商业,34,84.15136755339078
2026-05-25,2026-05-25,920819,颖泰生物,35,83.98107905582616
2026-05-25,2026-05-25,000401,金隅冀东,36,83.97751967028852
2026-05-25,2026-05-25,601366,利群股份,37,83.92993630573248
2026-05-25,2026-05-25,002540,亚太科技,38,83.91569876358189
2026-05-25,2026-05-25,600273,嘉化能源,39,83.86849007118771
2026-05-25,2026-05-25,002162,悦心健康,40,83.85331584863246
2026-05-25,2026-05-25,002073,软控股份,41,83.8164106406894
2026-05-25,2026-05-25,600028,中国石化,42,83.77013862869988
2026-05-25,2026-05-25,000721,西安饮食,43,83.71281378793556
2026-05-25,2026-05-25,002312,川发龙蟒,44,83.52098164106407
2026-05-25,2026-05-25,600649,城投控股,45,83.51723491944549
2026-05-25,2026-05-25,601890,亚星锚链,46,83.49250655676282
2026-05-25,2026-05-25,920392,佳合科技,47,83.45803671787188
2026-05-25,2026-05-25,603529,爱玛科技,48,83.4569127013863
2026-05-25,2026-05-25,603568,伟明环保,49,83.42768827276134
2026-05-25,2026-05-25,600764,中国海防,50,83.39996253278382
2026-06-08,2026-06-08,002312,川发龙蟒,1,87.3812289246909
2026-06-08,2026-06-08,601808,中海油服,2,87.34301236418133
2026-06-08,2026-06-08,600782,新钢股份,3,86.45841139003373
2026-06-08,2026-06-08,300471,厚普股份,4,86.44379917572125
2026-06-08,2026-06-08,600318,新力金融,5,86.38535031847134
2026-06-08,2026-06-08,600983,惠而浦,6,85.98538778568754
2026-06-08,2026-06-08,000959,首钢股份,7,85.97639565380292
2026-06-08,2026-06-08,000930,中粮科技,8,85.87448482577746
2026-06-08,2026-06-08,688176,亚虹医药-U,9,85.86137130011242
2026-06-08,2026-06-08,603402,陕西旅游,10,85.74784563506932
2026-06-08,2026-06-08,605268,王力安防,11,85.72761333832895
2026-06-08,2026-06-08,600866,星湖科技,12,85.6386286998876
2026-06-08,2026-06-08,300011,鼎汉技术,13,85.53091045335333
2026-06-08,2026-06-08,600860,京城股份,14,85.49625327838142
2026-06-08,2026-06-08,601226,华电科工,15,85.4677781940802
2026-06-08,2026-06-08,000096,广聚能源,16,85.46159610340952
2026-06-08,2026-06-08,601567,三星电气,17,85.45129261895843
2026-06-08,2026-06-08,600645,中源协和,18,85.43349569127015
2026-06-08,2026-06-08,600862,中航高科,19,85.33083551892095
2026-06-08,2026-06-08,600108,亚盛集团,20,85.15754964406146
2026-06-08,2026-06-08,000777,中核科技,21,85.15099288122893
2026-06-08,2026-06-08,300505,川金诺,22,85.04008992131887
2026-06-08,2026-06-08,300945,曼卡龙,23,85.01386286998877
2026-06-08,2026-06-08,300261,雅本化学,24,84.90127388535032
2026-06-08,2026-06-08,300446,航天智造,25,84.80442113150993
2026-06-08,2026-06-08,301668,昊创瑞通,26,84.76863994005245
2026-06-08,2026-06-08,600352,浙江龙盛,27,84.75234170101163
2026-06-08,2026-06-08,002728,特一药业,28,84.68565005620083
2026-06-08,2026-06-08,301535,浙江华远,29,84.66204571000377
2026-06-08,2026-06-08,600354,敦煌种业,30,84.61071562382915
2026-06-08,2026-06-08,300719,安达维尔,31,84.58767328587487
2026-06-08,2026-06-08,300157,新锦动力,32,84.58261521168977
2026-06-08,2026-06-08,300435,中泰股份,33,84.57924316223304
2026-06-08,2026-06-08,603202,天有为,34,84.50374672161858
2026-06-08,2026-06-08,600399,抚顺特钢,35,84.492131884601
2026-06-08,2026-06-08,600963,岳阳林纸,36,84.49138254027726
2026-06-08,2026-06-08,000525,红太阳,37,84.4793930310978
2026-06-08,2026-06-08,000524,岭南控股,38,84.40146122143125
2026-06-08,2026-06-08,600668,尖峰集团,39,84.29018358935932
2026-06-08,2026-06-08,600871,石化油服,40,84.23885350318473
2026-06-08,2026-06-08,000566,海南海药,41,84.20044960659425
2026-06-08,2026-06-08,300189,神农种业,42,84.17665792431622
2026-06-08,2026-06-08,002537,海联金汇,43,84.13881603596853
2026-06-08,2026-06-08,000735,罗 牛 山,44,84.13394529786437
2026-06-08,2026-06-08,002367,康力电梯,45,84.07455976020984
2026-06-08,2026-06-08,600517,国网英大,46,84.04571000374673
2026-06-08,2026-06-08,002162,悦心健康,47,83.98201573623082
2026-06-08,2026-06-08,605599,菜百股份,48,83.8317721993256
2026-06-08,2026-06-08,002140,东华科技,49,83.80029973772949
2026-06-08,2026-06-08,301257,普蕊斯,50,83.7984263769202
2026-06-23,2026-06-23,605050,福然德,1,88.49362101313322
2026-06-23,2026-06-23,603628,清源股份,2,88.08893058161352
2026-06-23,2026-06-23,002911,佛燃能源,3,88.07335834896811
2026-06-23,2026-06-23,603817,海峡环保,4,87.84052532833022
2026-06-23,2026-06-23,000930,中粮科技,5,87.66454033771109
2026-06-23,2026-06-23,000020,深华发Ａ,6,87.65196998123828
2026-06-23,2026-06-23,300332,天壕能源,7,87.46772983114447
2026-06-23,2026-06-23,600681,百川能源,8,87.33189493433396
2026-06-23,2026-06-23,603787,新日股份,9,87.33076923076923
2026-06-23,2026-06-23,601226,华电科工,10,87.012382739212
2026-06-23,2026-06-23,000617,中油资本,11,86.79737335834896
2026-06-23,2026-06-23,002959,小熊电器,12,86.7767354596623
2026-06-23,2026-06-23,600307,酒钢宏兴,13,86.71613508442778
2026-06-23,2026-06-23,300389,艾比森,14,86.57392120075048
2026-06-23,2026-06-23,603105,芯能科技,15,86.56941838649158
2026-06-23,2026-06-23,300471,厚普股份,16,86.5532833020638
2026-06-23,2026-06-23,300072,海新能科,17,86.51951219512198
2026-06-23,2026-06-23,300569,天能重工,18,86.44953095684804
2026-06-23,2026-06-23,601218,吉鑫科技,19,86.39437148217637
2026-06-23,2026-06-23,600645,中源协和,20,86.36247654784242
2026-06-23,2026-06-23,300875,捷强装备,21,86.27973733583491
2026-06-23,2026-06-23,600668,尖峰集团,22,86.26866791744843
2026-06-23,2026-06-23,000572,海马汽车,23,86.20544090056286
2026-06-23,2026-06-23,301668,昊创瑞通,24,86.16829268292683
2026-06-23,2026-06-23,603366,日出东方,25,86.09587242026267
2026-06-23,2026-06-23,603381,永臻股份,26,86.09061913696061
2026-06-23,2026-06-23,603218,日月股份,27,86.05196998123827
2026-06-23,2026-06-23,000014,沙河股份,28,86.03414634146343
2026-06-23,2026-06-23,600468,百利电气,29,85.91707317073171
2026-06-23,2026-06-23,603113,金能科技,30,85.8532833020638
2026-06-23,2026-06-23,603421,鼎信通讯,31,85.79305816135086
2026-06-23,2026-06-23,002427,尤夫股份,32,85.74784240150095
2026-06-23,2026-06-23,002543,万和电气,33,85.74315196998124
2026-06-23,2026-06-23,301327,华宝新能,34,85.71050656660414
2026-06-23,2026-06-23,688196,卓越新能,35,85.66772983114446
2026-06-23,2026-06-23,603529,爱玛科技,36,85.65703564727957
2026-06-23,2026-06-23,603759,海天股份,37,85.58330206378987
2026-06-23,2026-06-23,002163,海南发展,38,85.55609756097562
2026-06-23,2026-06-23,300080,易成新能,39,85.54971857410882
2026-06-23,2026-06-23,000789,万年青,40,85.52851782363979
2026-06-23,2026-06-23,600866,星湖科技,41,85.51125703564729
2026-06-23,2026-06-23,300690,双一科技,42,85.38442776735461
2026-06-23,2026-06-23,002109,ST兴化,43,85.35759849906192
2026-06-23,2026-06-23,002339,积成电子,44,85.33827392120075
2026-06-23,2026-06-23,002224,三 力 士,45,85.11538461538461
2026-06-23,2026-06-23,688429,时创能源,46,85.10525328330206
2026-06-23,2026-06-23,000035,中国天楹,47,85.04540337711072
2026-06-23,2026-06-23,300143,盈康生命,48,85.03733583489682
2026-06-23,2026-06-23,301636,泽润新能,49,85.01219512195122
2026-06-23,2026-06-23,000912,泸天化,50,84.96941838649155
2026-07-07,2026-07-07,600250,南京商旅,1,88.86478873239437
2026-07-07,2026-07-07,603227,雪峰科技,2,87.33295774647888
2026-07-07,2026-07-07,000912,泸天化,3,87.16075117370893
2026-07-07,2026-07-07,603585,苏利股份,4,86.88694835680751
2026-07-07,2026-07-07,600313,农发种业,5,86.54704225352113
2026-07-07,2026-07-07,000617,中油资本,6,86.42910798122067
2026-07-07,2026-07-07,600127,金健米业,7,86.42441314553992
2026-07-07,2026-07-07,002478,常宝股份,8,86.41276995305164
2026-07-07,2026-07-07,600844,金煤科技,9,86.35624413145541
2026-07-07,2026-07-07,603113,金能科技,10,86.08075117370892
2026-07-07,2026-07-07,600257,大湖股份,11,86.01239436619719
2026-07-07,2026-07-07,600746,江苏索普,12,85.94704225352113
2026-07-07,2026-07-07,603381,永臻股份,13,85.93333333333334
2026-07-07,2026-07-07,002035,华帝股份,14,85.91267605633803
2026-07-07,2026-07-07,000930,中粮科技,15,85.8899530516432
2026-07-07,2026-07-07,000822,山东海化,16,85.8805633802817
2026-07-07,2026-07-07,603300,海南华铁,17,85.77840375586857
2026-07-07,2026-07-07,002163,海南发展,18,85.75380281690141
2026-07-07,2026-07-07,000978,桂林旅游,19,85.72995305164318
2026-07-07,2026-07-07,603787,新日股份,20,85.63906103286385
2026-07-07,2026-07-07,000401,金隅冀东,21,85.52112676056338
2026-07-07,2026-07-07,000905,厦门港务,22,85.49840375586855
2026-07-07,2026-07-07,001338,永顺泰,23,85.45164319248826
2026-07-07,2026-07-07,603402,陕西旅游,24,85.35061032863851
2026-07-07,2026-07-07,600429,三元股份,25,85.3004694835681
2026-07-07,2026-07-07,301636,泽润新能,26,85.24281690140846
2026-07-07,2026-07-07,002218,拓日新能,27,85.18835680751174
2026-07-07,2026-07-07,000753,漳州发展,28,85.11586854460094
2026-07-07,2026-07-07,001325,元创股份,29,85.09333333333335
2026-07-07,2026-07-07,301658,首航新能,30,85.03812206572772
2026-07-07,2026-07-07,000919,金陵药业,31,85.0174647887324
2026-07-07,2026-07-07,603230,内蒙新华,32,84.99849765258216
2026-07-07,2026-07-07,600866,星湖科技,33,84.98948356807512
2026-07-07,2026-07-07,002382,蓝帆医疗,34,84.94253521126761
2026-07-07,2026-07-07,002911,佛燃能源,35,84.80309859154931
2026-07-07,2026-07-07,603105,芯能科技,36,84.74873239436621
2026-07-07,2026-07-07,301668,昊创瑞通,37,84.74197183098592
2026-07-07,2026-07-07,002873,新天药业,38,84.73821596244132
2026-07-07,2026-07-07,300272,开能健康,39,84.72732394366199
2026-07-07,2026-07-07,300664,鹏鹞环保,40,84.6706103286385
2026-07-07,2026-07-07,920976,视声智能,41,84.63417840375588
2026-07-07,2026-07-07,603529,爱玛科技,42,84.58798122065728
2026-07-07,2026-07-07,002109,ST兴化,43,84.58441314553991
2026-07-07,2026-07-07,003042,中农联合,44,84.5718309859155
2026-07-07,2026-07-07,002131,利欧股份,45,84.53539906103288
2026-07-07,2026-07-07,000968,蓝焰控股,46,84.48901408450705
2026-07-07,2026-07-07,300658,延江股份,47,84.43981220657278
2026-07-07,2026-07-07,603639,海利尔,48,84.4386854460094
2026-07-07,2026-07-07,600959,江苏有线,49,84.31136150234742
2026-07-07,2026-07-07,603628,清源股份,50,84.26732394366198
2026-07-21,2026-07-21,001312,福恩股份,1,88.07344950346638
2026-07-21,2026-07-21,605365,立达信,2,87.74779838860785
2026-07-21,2026-07-21,002705,新宝股份,3,87.72868652801199
2026-07-21,2026-07-21,603585,苏利股份,4,87.52651302229717
2026-07-21,2026-07-21,001220,世盟股份,5,87.47479857597902
2026-07-21,2026-07-21,002846,英联股份,6,87.2081693835488
2026-07-21,2026-07-21,603381,永臻股份,7,87.17050777590407
2026-07-21,2026-07-21,000936,华西股份,8,87.1553307101368
2026-07-21,2026-07-21,301658,首航新能,9,87.05133970395354
2026-07-21,2026-07-21,001325,元创股份,10,87.00037474236463
2026-07-21,2026-07-21,603105,芯能科技,11,86.81581412778716
2026-07-21,2026-07-21,600478,科力远,12,86.66722878021362
2026-07-21,2026-07-21,688330,宏力达,13,86.60577103241522
2026-07-21,2026-07-21,301278,快可电子,14,86.20217350571482
2026-07-21,2026-07-21,002478,常宝股份,15,86.00599587783398
2026-07-21,2026-07-21,688348,昱能科技,16,85.96739741427768
2026-07-21,2026-07-21,920191,瑞尔竞达,17,85.95821622634439
2026-07-21,2026-07-21,301327,华宝新能,18,85.91324714258947
2026-07-21,2026-07-21,603218,日月股份,19,85.89338579726439
2026-07-21,2026-07-21,002692,远程股份,20,85.84541877459249
2026-07-21,2026-07-21,002300,太阳电缆,21,85.80288551620761
2026-07-21,2026-07-21,688819,天能股份,22,85.78077571669478
2026-07-21,2026-07-21,301636,泽润新能,23,85.73711823121603
2026-07-21,2026-07-21,603628,清源股份,24,85.69908188120667
2026-07-21,2026-07-21,600103,青山纸业,25,85.1540191118606
2026-07-21,2026-07-21,300207,欣旺达,26,85.14689900693273
2026-07-21,2026-07-21,605056,咸亨国际,27,85.14371369683343
2026-07-21,2026-07-21,920159,农大科技,28,84.98369870713884
2026-07-21,2026-07-21,300051,琏升科技,29,84.91343451377179
2026-07-21,2026-07-21,605077,华康股份,30,84.82049840734494
2026-07-21,2026-07-21,000533,顺钠股份,31,84.77890200487167
2026-07-21,2026-07-21,300035,中科电气,32,84.7363687464868
2026-07-21,2026-07-21,605388,均瑶健康,33,84.66685403784899
2026-07-21,2026-07-21,601218,吉鑫科技,34,84.64942851789395
2026-07-21,2026-07-21,920106,林泰新材,35,84.61101742551996
2026-07-21,2026-07-21,920018,宏远股份,36,84.59434139029419
2026-07-21,2026-07-21,603352,至信股份,37,84.40003747423648
2026-07-21,2026-07-21,600328,中盐化工,38,84.36181375304479
2026-07-21,2026-07-21,301668,昊创瑞通,39,84.25707326213228
2026-07-21,2026-07-21,300788,中信出版,40,84.1753794266442
2026-07-21,2026-07-21,688032,禾迈股份,41,84.15027168821435
2026-07-21,2026-07-21,300798,锦鸡股份,42,84.13790519018175
2026-07-21,2026-07-21,603829,洛凯股份,43,84.10961214165262
2026-07-21,2026-07-21,000035,中国天楹,44,84.08993816750984
2026-07-21,2026-07-21,300389,艾比森,45,84.0753232152895
2026-07-21,2026-07-21,002339,积成电子,46,84.06483042908002
2026-07-21,2026-07-21,300490,华自科技,47,84.01854974704891
2026-07-21,2026-07-21,600590,泰豪科技,48,83.89432265317593
2026-07-21,2026-07-21,605162,新中港,49,83.88795203297732
2026-07-21,2026-07-21,603200,上海洗霸,50,83.74686153269627
2026-08-04,2026-08-04,605077,华康股份,1,87.06057764441111
2026-08-04,2026-08-04,603095,越剑智能,2,85.62115528882221
2026-08-04,2026-08-04,920191,瑞尔竞达,3,85.4349212303076
2026-08-04,2026-08-04,605365,立达信,4,85.28432108027006
2026-08-04,2026-08-04,301658,首航新能,5,85.09808702175545
2026-08-04,2026-08-04,600135,乐凯胶片,6,84.99343585896474
2026-08-04,2026-08-04,603409,汇通控股,7,84.61102775693925
2026-08-04,2026-08-04,000546,金圆股份,8,84.59471117779445
2026-08-04,2026-08-04,300905,宝丽迪,9,84.23818454613654
2026-08-04,2026-08-04,001234,泰慕士,10,84.16222805701426
2026-08-04,2026-08-04,301479,弘景光电,11,83.89834958739685
2026-08-04,2026-08-04,003027,同兴科技,12,83.89103525881471
2026-08-04,2026-08-04,301077,星华新材,13,83.88503375843962
2026-08-04,2026-08-04,600158,中体产业,14,83.82989497374345
2026-08-04,2026-08-04,603239,浙江仙通,15,83.81357839459864
2026-08-04,2026-08-04,601778,晶科科技,16,83.63634658664665
2026-08-04,2026-08-04,600208,衢州发展,17,83.62434358589648
2026-08-04,2026-08-04,300051,琏升科技,18,83.57464366091523
2026-08-04,2026-08-04,002395,双象股份,19,83.56170292573145
2026-08-04,2026-08-04,603381,永臻股份,20,83.52363090772694
2026-08-04,2026-08-04,603275,众辰科技,21,83.47149287321831
2026-08-04,2026-08-04,688063,派能科技,22,83.4394223555889
2026-08-04,2026-08-04,002217,ST合力泰,23,83.35221305326333
2026-08-04,2026-08-04,688707,振华新材,24,83.27981995498875
2026-08-04,2026-08-04,002685,华东重机,25,83.20630157539387
2026-08-04,2026-08-04,300393,中来股份,26,83.20348837209302
2026-08-04,2026-08-04,603076,乐惠国际,27,83.18173293323332
2026-08-04,2026-08-04,688051,佳华科技,28,83.14178544636161
2026-08-04,2026-08-04,688348,昱能科技,29,83.13709677419355
2026-08-04,2026-08-04,300982,苏文电能,30,83.06939234808704
2026-08-04,2026-08-04,301560,众捷股份,31,83.0682670667667
2026-08-04,2026-08-04,603248,锡华科技,32,83.04426106526634
2026-08-04,2026-08-04,001396,誉帆科技,33,83.00562640660165
2026-08-04,2026-08-04,002930,宏川智慧,34,82.91579144786198
2026-08-04,2026-08-04,603016,新宏泰,35,82.82370592648162
2026-08-04,2026-08-04,605222,起帆电缆,36,82.76669167291824
2026-08-04,2026-08-04,300916,朗特智能,37,82.64741185296324
2026-08-04,2026-08-04,002865,钧达股份,38,82.43735933983497
2026-08-04,2026-08-04,002565,顺灏股份,39,82.30813953488372
2026-08-04,2026-08-04,002418,康盛股份,40,82.23987246811703
2026-08-04,2026-08-04,301148,嘉戎技术,41,82.10071267816956
2026-08-04,2026-08-04,605099,共创草坪,42,82.08364591147789
2026-08-04,2026-08-04,920706,铁拓机械,43,82.08252063015755
2026-08-04,2026-08-04,920119,美德乐,44,81.97524381095273
2026-08-04,2026-08-04,603293,埃泰克,45,81.86721680420106
2026-08-04,2026-08-04,920505,九菱科技,46,81.86646661665417
2026-08-04,2026-08-04,600152,维科技术,47,81.86440360090025
2026-08-04,2026-08-04,603289,泰瑞机器,48,81.8632783195799
2026-08-04,2026-08-04,300087,ST荃银,49,81.82633158289573
2026-08-04,2026-08-04,002878,元隆雅图,50,81.79126031507879
2026-08-18,2026-08-18,605500,森林包装,1,86.3681647940075
2026-08-18,2026-08-18,605077,华康股份,2,86.13295880149813
2026-08-18,2026-08-18,001237,惠康科技,3,85.37640449438203
2026-08-18,2026-08-18,002442,龙星科技,4,85.01142322097378
2026-08-18,2026-08-18,301255,通力科技,5,84.99063670411986
2026-08-18,2026-08-18,002217,ST合力泰,6,84.91928838951313
2026-08-18,2026-08-18,001332,锡装股份,7,84.57134831460675
2026-08-18,2026-08-18,002334,英威腾,8,84.28951310861424
2026-08-18,2026-08-18,002183,怡 亚 通,9,84.2438202247191
2026-08-18,2026-08-18,002465,海格通信,10,84.18838951310863
2026-08-18,2026-08-18,600481,双良节能,11,84.06348314606743
2026-08-18,2026-08-18,000697,炼石航空,12,83.80168539325842
2026-08-18,2026-08-18,002034,旺能环境,13,83.78988764044945
2026-08-18,2026-08-18,002952,亚世光电,14,83.5932584269663
2026-08-18,2026-08-18,688737,中自科技,15,83.49700374531837
2026-08-18,2026-08-18,002449,国星光电,16,83.48277153558054
2026-08-18,2026-08-18,688707,振华新材,17,83.45187265917605
2026-08-18,2026-08-18,688360,德马科技,18,83.43033707865169
2026-08-18,2026-08-18,300881,盛德鑫泰,19,83.28913857677904
2026-08-18,2026-08-18,000591,太阳能,20,83.23614232209738
2026-08-18,2026-08-18,600416,湘电股份,21,83.17565543071161
2026-08-18,2026-08-18,300777,中简科技,22,83.04550561797754
2026-08-18,2026-08-18,001393,维通利,23,82.95262172284646
2026-08-18,2026-08-18,001316,润贝航科,24,82.92715355805244
2026-08-18,2026-08-18,600135,乐凯胶片,25,82.89569288389514
2026-08-18,2026-08-18,688047,龙芯中科,26,82.79644194756554
2026-08-18,2026-08-18,300473,德尔股份,27,82.74644194756556
2026-08-18,2026-08-18,603360,百傲化学,28,82.59475655430712
2026-08-18,2026-08-18,300128,锦富技术,29,82.53333333333335
2026-08-18,2026-08-18,603767,中马传动,30,82.51123595505618
2026-08-18,2026-08-18,600336,澳柯玛,31,82.40917602996255
2026-08-18,2026-08-18,688518,联赢激光,32,82.38951310861424
2026-08-18,2026-08-18,001335,信凯科技,33,82.3681647940075
2026-08-18,2026-08-18,688063,派能科技,34,82.33239700374531
2026-08-18,2026-08-18,603016,新宏泰,35,82.31460674157303
2026-08-18,2026-08-18,300286,安科瑞,36,82.30767790262172
2026-08-18,2026-08-18,688680,海优新材,37,82.30411985018728
2026-08-18,2026-08-18,300393,中来股份,38,82.27584269662923
2026-08-18,2026-08-18,600903,贵州燃气,39,82.23970037453185
2026-08-18,2026-08-18,002782,可立克,40,82.19157303370788
2026-08-18,2026-08-18,920028,新恒泰,41,82.17359550561798
2026-08-18,2026-08-18,002917,金奥博,42,82.16479400749066
2026-08-18,2026-08-18,002930,宏川智慧,43,82.16029962546818
2026-08-18,2026-08-18,002121,科陆电子,44,82.14288389513109
2026-08-18,2026-08-18,002865,钧达股份,45,82.09026217228465
2026-08-18,2026-08-18,600699,均胜电子,46,81.97940074906367
2026-08-18,2026-08-18,301325,曼恩斯特,47,81.92378277153558
2026-08-18,2026-08-18,688398,赛特新材,48,81.8114232209738
2026-08-18,2026-08-18,301513,尚水智能,49,81.80468164794009
2026-08-18,2026-08-18,603248,锡华科技,50,81.78501872659179
2026-09-01,2026-09-01,002608,江苏国信,1,87.76523364485983
2026-09-01,2026-09-01,600505,西昌电力,2,86.8414953271028
2026-09-01,2026-09-01,920128,胜业电气,3,86.59252336448598
2026-09-01,2026-09-01,002217,ST合力泰,4,86.31233644859813
2026-09-01,2026-09-01,002334,英威腾,5,86.1970093457944
2026-09-01,2026-09-01,001335,信凯科技,6,86.0951401869159
2026-09-01,2026-09-01,000966,长源电力,7,86.06411214953272
2026-09-01,2026-09-01,002613,北玻股份,8,86.00467289719627
2026-09-01,2026-09-01,300286,安科瑞,9,86.0018691588785
2026-09-01,2026-09-01,300296,利亚德,10,85.80224299065422
2026-09-01,2026-09-01,600207,安彩高科,11,85.79495327102804
2026-09-01,2026-09-01,603060,国检集团,12,85.70878504672898
2026-09-01,2026-09-01,920062,科润智控,13,85.4629906542056
2026-09-01,2026-09-01,603135,中重科技,14,85.35775700934582
2026-09-01,2026-09-01,920175,东方碳素,15,85.2403738317757
2026-09-01,2026-09-01,920152,昆工科技,16,85.04411214953271
2026-09-01,2026-09-01,600158,中体产业,17,84.9973831775701
2026-09-01,2026-09-01,002733,雄韬股份,18,84.99570093457946
2026-09-01,2026-09-01,688707,振华新材,19,84.97177570093459
2026-09-01,2026-09-01,920427,华维设计,20,84.96186915887851
2026-09-01,2026-09-01,600279,重庆港,21,84.82803738317757
2026-09-01,2026-09-01,603070,万控智造,22,84.80971962616822
2026-09-01,2026-09-01,920719,宁新新材,23,84.57196261682243
2026-09-01,2026-09-01,002527,新时达,24,84.53345794392526
2026-09-01,2026-09-01,002183,怡 亚 通,25,84.40803738317759
2026-09-01,2026-09-01,000151,中成股份,26,84.38598130841122
2026-09-01,2026-09-01,300651,金陵体育,27,84.34448598130841
2026-09-01,2026-09-01,603212,赛伍技术,28,84.29327102803738
2026-09-01,2026-09-01,600255,鑫科材料,29,84.17999999999999
2026-09-01,2026-09-01,002735,王子新材,30,84.15850467289722
2026-09-01,2026-09-01,603861,白云电器,31,84.10766355140188
2026-09-01,2026-09-01,001393,维通利,32,83.92056074766356
2026-09-01,2026-09-01,920158,长江能科,33,83.80934579439253
2026-09-01,2026-09-01,605088,冠盛股份,34,83.80859813084113
2026-09-01,2026-09-01,002531,天顺风能,35,83.80766355140187
2026-09-01,2026-09-01,920086,科马材料,36,83.80373831775701
2026-09-01,2026-09-01,300930,屹通新材,37,83.7917757009346
2026-09-01,2026-09-01,002962,五方光电,38,83.72205607476636
2026-09-01,2026-09-01,600382,广东明珠,39,83.62710280373832
2026-09-01,2026-09-01,920839,万通液压,40,83.55271028037383
2026-09-01,2026-09-01,300955,嘉亨家化,41,83.42878504672898
2026-09-01,2026-09-01,301302,华如科技,42,83.42710280373834
2026-09-01,2026-09-01,605580,恒盛能源,43,83.42205607476635
2026-09-01,2026-09-01,603586,金麒麟,44,83.4181308411215
2026-09-01,2026-09-01,301683,慧谷新材,45,83.41775700934579
2026-09-01,2026-09-01,300376,易事特,46,83.37607476635516
2026-09-01,2026-09-01,920028,新恒泰,47,83.36841121495327
2026-09-01,2026-09-01,001259,利仁科技,48,83.34299065420562
2026-09-01,2026-09-01,688737,中自科技,49,83.3381308411215
2026-09-01,2026-09-01,002465,海格通信,50,83.31383177570095
2026-09-15,2026-09-15,000050,深天马Ａ,1,86.76412455715085
2026-09-15,2026-09-15,600171,上海贝岭,2,86.1038597799739
2026-09-15,2026-09-15,600063,皖维高新,3,85.94816334141339
2026-09-15,2026-09-15,003022,联泓新科,4,85.756666045124
2026-09-15,2026-09-15,301683,慧谷新材,5,85.66884206600783
2026-09-15,2026-09-15,002079,苏州固锝,6,85.3278016035801
2026-09-15,2026-09-15,300286,安科瑞,7,85.24333395487601
2026-09-15,2026-09-15,920175,东方碳素,8,85.11616632481818
2026-09-15,2026-09-15,002733,雄韬股份,9,84.9518925974268
2026-09-15,2026-09-15,300861,美畅股份,10,84.55155696438561
2026-09-15,2026-09-15,603181,皇马科技,11,84.52768972589969
2026-09-15,2026-09-15,000682,东方电子,12,84.37255267574119
2026-09-15,2026-09-15,688190,云路股份,13,84.2739138541861
2026-09-15,2026-09-15,002709,天赐材料,14,84.26123438374044
2026-09-15,2026-09-15,688055,龙腾光电,15,84.13928771210145
2026-09-15,2026-09-15,603260,合盛硅业,16,84.1331344396793
2026-09-15,2026-09-15,688411,海博思创,17,84.06917769904905
2026-09-15,2026-09-15,301238,瑞泰新材,18,84.02386723848593
2026-09-15,2026-09-15,002426,胜利精密,19,83.96270743986575
2026-09-15,2026-09-15,000969,安泰科技,20,83.89185157561067
2026-09-15,2026-09-15,002051,中工国际,21,83.89017341040463
2026-09-15,2026-09-15,002806,华锋股份,22,83.81819876934551
2026-09-15,2026-09-15,301581,黄山谷捷,23,83.60041021816147
2026-09-15,2026-09-15,603026,石大胜华,24,83.55398098079435
2026-09-15,2026-09-15,002805,丰元股份,25,83.47659891851575
2026-09-15,2026-09-15,688027,国盾量子,26,83.43557710236809
2026-09-15,2026-09-15,301428,世纪恒通,27,83.39194480701101
2026-09-15,2026-09-15,603072,天和磁材,28,83.37758717135931
2026-09-15,2026-09-15,601179,中国西电,29,83.34010814842439
2026-09-15,2026-09-15,688187,时代电气,30,83.33581950400897
2026-09-15,2026-09-15,003025,思进智能,31,83.29554353906396
2026-09-15,2026-09-15,000600,建投能源,32,83.25321648331158
2026-09-15,2026-09-15,002049,紫光国微,33,83.24053701286596
2026-09-15,2026-09-15,002326,永太科技,34,83.11560693641619
2026-09-15,2026-09-15,603070,万控智造,35,83.07756852507924
2026-09-15,2026-09-15,920402,硅烷科技,36,83.05612530300206
2026-09-15,2026-09-15,300769,德方纳米,37,83.01156069364163
2026-09-15,2026-09-15,300166,东方国信,38,83.00596680962148
2026-09-15,2026-09-15,600111,北方稀土,39,82.98955808316242
2026-09-15,2026-09-15,300014,亿纬锂能,40,82.96848778668657
2026-09-15,2026-09-15,002217,ST合力泰,41,82.87357822114488
2026-09-15,2026-09-15,002057,中钢天源,42,82.84915159425695
2026-09-15,2026-09-15,603135,中重科技,43,82.72888308782397
2026-09-15,2026-09-15,300435,中泰股份,44,82.60861458139101
2026-09-15,2026-09-15,300066,三川智慧,45,82.6041394741749
2026-09-15,2026-09-15,300882,万胜智能,46,82.59630803654672
2026-09-15,2026-09-15,300222,科大智能,47,82.57915345888496
2026-09-15,2026-09-15,001335,信凯科技,48,82.56796569084469
2026-09-15,2026-09-15,000733,振华科技,49,82.51221331344398
2026-09-15,2026-09-15,688709,成都华微,50,82.4264404251352
