code,entry_date,exit_date,selection_periods,entry_rank,exit_rank
000002,2025-01-07,2025-01-20,2025-01-07,5,5
000009,2025-04-10,2025-04-23,2025-04-10,50,50
000011,2025-01-21,2025-02-11,2025-01-21,26,26
000011,2026-01-19,2026-02-13,"2026-01-19,2026-02-02",24,35
000014,2026-01-19,2026-02-13,"2026-01-19,2026-02-02",26,7
000014,2026-06-23,2026-07-06,2026-06-23,28,28
000017,2026-03-24,2026-04-07,2026-03-24,43,43
000020,2026-06-23,2026-07-06,2026-06-23,6,6
000025,2025-01-21,2025-02-11,2025-01-21,13,13
000026,2025-11-20,2025-12-03,2025-11-20,22,22
000027,2026-01-19,2026-01-30,2026-01-19,36,36
000028,2025-03-26,2025-04-09,2025-03-26,31,31
000035,2026-06-23,2026-07-06,2026-06-23,47,47
000035,2026-07-21,2026-08-03,2026-07-21,44,44
000037,2024-09-05,2024-09-20,2024-09-05,1,1
000037,2025-10-09,2025-10-22,2025-10-09,2,2
000039,2025-06-25,2025-07-08,2025-06-25,23,23
000045,2026-01-19,2026-01-30,2026-01-19,8,8
000049,2025-05-27,2025-06-10,2025-05-27,17,17
000050,2026-09-15,2026-09-18,2026-09-15,1,1
000056,2025-06-25,2025-07-08,2025-06-25,33,33
000059,2025-01-21,2025-02-11,2025-01-21,46,46
000061,2025-07-09,2025-07-22,2025-07-09,25,25
000061,2026-05-11,2026-05-22,2026-05-11,39,39
000062,2025-01-21,2025-02-11,2025-01-21,15,15
000063,2025-04-24,2025-06-10,"2025-04-24,2025-05-13,2025-05-27",12,2
000065,2024-07-25,2024-08-07,2024-07-25,46,46
000066,2025-07-09,2025-07-22,2025-07-09,44,44
000066,2026-01-05,2026-01-16,2026-01-05,28,28
000068,2026-02-02,2026-02-13,2026-02-02,46,46
000096,2025-07-23,2025-09-30,"2025-07-23,2025-08-06,2025-08-20,2025-09-03,2025-09-17",27,28
000096,2026-06-08,2026-06-22,2026-06-08,16,16
000100,2025-03-26,2025-05-12,"2025-03-26,2025-04-10,2025-04-24",36,44
000151,2025-08-20,2025-09-02,2025-08-20,17,17
000151,2026-09-01,2026-09-14,2026-09-01,26,26
000155,2025-06-25,2025-07-08,2025-06-25,11,11
000156,2025-05-13,2025-05-26,2025-05-13,23,23
000156,2025-06-11,2025-06-24,2025-06-11,23,23
000158,2026-02-24,2026-03-09,2026-02-24,5,5
000159,2025-02-12,2025-03-25,"2025-02-12,2025-02-26,2025-03-12",17,17
000400,2024-10-14,2024-10-25,2024-10-14,27,27
000400,2025-06-25,2025-07-08,2025-06-25,36,36
000401,2026-05-25,2026-06-05,2026-05-25,36,36
000401,2026-07-07,2026-07-20,2026-07-07,21,21
000402,2025-03-12,2025-04-23,"2025-03-12,2025-03-26,2025-04-10",49,31
000402,2026-01-19,2026-01-30,2026-01-19,18,18
000403,2024-12-09,2024-12-20,2024-12-09,3,3
000403,2025-11-06,2025-11-19,2025-11-06,17,17
000403,2026-02-24,2026-03-09,2026-02-24,24,24
000409,2025-11-06,2025-11-19,2025-11-06,5,5
000410,2025-06-25,2025-07-08,2025-06-25,27,27
000417,2025-07-23,2025-08-05,2025-07-23,26,26
000422,2025-02-26,2025-03-11,2025-02-26,20,20
000429,2024-11-25,2024-12-06,2024-11-25,11,11
000429,2025-08-20,2025-09-16,"2025-08-20,2025-09-03",3,5
000488,2025-04-24,2025-05-12,2025-04-24,47,47
000501,2025-07-09,2025-07-22,2025-07-09,1,1
000501,2026-04-22,2026-05-22,"2026-04-22,2026-05-11",11,18
000503,2025-01-21,2025-02-11,2025-01-21,30,30
000507,2025-03-12,2025-03-25,2025-03-12,22,22
000513,2025-10-23,2025-11-05,2025-10-23,28,28
000516,2025-05-27,2025-06-10,2025-05-27,38,38
000516,2025-11-06,2025-11-19,2025-11-06,45,45
000517,2025-03-26,2025-04-09,2025-03-26,25,25
000517,2026-01-19,2026-01-30,2026-01-19,37,37
000520,2025-09-17,2025-09-30,2025-09-17,15,15
000523,2025-07-23,2025-08-05,2025-07-23,44,44
000524,2026-06-08,2026-06-22,2026-06-08,38,38
000525,2025-02-26,2025-03-11,2025-02-26,49,49
000525,2025-09-03,2025-09-16,2025-09-03,48,48
000525,2026-06-08,2026-06-22,2026-06-08,37,37
000528,2025-06-11,2025-06-24,2025-06-11,40,40
000529,2024-08-08,2024-08-21,2024-08-08,48,48
000533,2026-07-21,2026-08-03,2026-07-21,31,31
000537,2024-09-05,2024-09-20,2024-09-05,5,5
000538,2024-12-09,2024-12-20,2024-12-09,44,44
000539,2024-08-22,2024-09-20,"2024-08-22,2024-09-05",2,30
000541,2025-06-25,2025-07-08,2025-06-25,1,1
000543,2024-11-11,2024-12-20,"2024-11-11,2024-11-25,2024-12-09",37,19
000546,2025-02-26,2025-03-11,2025-02-26,32,32
000546,2026-08-04,2026-08-17,2026-08-04,8,8
000547,2025-02-12,2025-02-25,2025-02-12,24,24
000548,2025-02-26,2025-03-11,2025-02-26,2,2
000550,2025-01-07,2025-01-20,2025-01-07,8,8
000552,2024-09-05,2024-09-20,2024-09-05,48,48
000552,2025-03-12,2025-03-25,2025-03-12,31,31
000552,2026-01-19,2026-01-30,2026-01-19,21,21
000553,2024-08-08,2024-09-04,"2024-08-08,2024-08-22",5,27
000555,2024-08-08,2024-09-04,"2024-08-08,2024-08-22",29,50
000557,2025-02-12,2025-02-25,2025-02-12,2,2
000559,2025-08-06,2025-08-19,2025-08-06,29,29
000565,2025-08-20,2025-09-16,"2025-08-20,2025-09-03",48,40
000566,2026-05-25,2026-06-22,"2026-05-25,2026-06-08",31,41
000567,2025-04-10,2025-04-23,2025-04-10,35,35
000567,2026-02-02,2026-03-09,"2026-02-02,2026-02-24",41,13
000572,2024-10-28,2024-11-08,2024-10-28,37,37
000572,2026-05-11,2026-06-05,"2026-05-11,2026-05-25",48,30
000572,2026-06-23,2026-07-06,2026-06-23,23,23
000573,2025-08-20,2025-09-02,2025-08-20,14,14
000581,2025-06-11,2025-06-24,2025-06-11,31,31
000582,2025-07-23,2025-09-02,"2025-07-23,2025-08-06,2025-08-20",8,10
000589,2024-08-08,2024-08-21,2024-08-08,15,15
000591,2026-08-18,2026-08-31,2026-08-18,20,20
000593,2025-02-26,2025-03-11,2025-02-26,15,15
000597,2025-03-12,2025-03-25,2025-03-12,34,34
000597,2025-10-23,2025-11-05,2025-10-23,26,26
000598,2024-11-25,2024-12-20,"2024-11-25,2024-12-09",16,34
000600,2024-08-08,2024-10-11,"2024-08-08,2024-08-22,2024-09-05,2024-09-23",26,46
000600,2026-09-15,2026-09-18,2026-09-15,32,32
000601,2025-10-09,2025-10-22,2025-10-09,3,3
000605,2025-02-26,2025-03-11,2025-02-26,5,5
000607,2025-05-13,2025-05-26,2025-05-13,24,24
000607,2025-10-23,2025-11-05,2025-10-23,18,18
000607,2026-05-11,2026-05-22,2026-05-11,41,41
000617,2025-01-07,2025-02-11,"2025-01-07,2025-01-21",1,17
000617,2026-06-23,2026-07-20,"2026-06-23,2026-07-07",11,6
000620,2025-04-10,2025-04-23,2025-04-10,27,27
000626,2025-03-12,2025-03-25,2025-03-12,16,16
000628,2025-04-10,2025-04-23,2025-04-10,28,28
000635,2026-05-25,2026-06-05,2026-05-25,27,27
000655,2026-05-25,2026-06-05,2026-05-25,20,20
000656,2025-08-20,2025-09-02,2025-08-20,43,43
000657,2024-08-08,2024-09-04,"2024-08-08,2024-08-22",11,8
000669,2025-04-10,2025-04-23,2025-04-10,1,1
000670,2025-04-10,2025-04-23,2025-04-10,39,39
000676,2026-05-11,2026-05-22,2026-05-11,33,33
000678,2025-10-23,2025-11-05,2025-10-23,44,44
000679,2026-02-02,2026-03-09,"2026-02-02,2026-02-24",34,32
000682,2024-12-23,2025-01-20,"2024-12-23,2025-01-07",4,7
000682,2026-09-15,2026-09-18,2026-09-15,12,12
000697,2026-08-18,2026-08-31,2026-08-18,12,12
000703,2024-10-14,2024-10-25,2024-10-14,41,41
000703,2025-04-10,2025-04-23,2025-04-10,44,44
000711,2025-08-06,2025-08-19,2025-08-06,19,19
000712,2025-04-24,2025-05-12,2025-04-24,22,22
000713,2025-07-09,2025-08-05,"2025-07-09,2025-07-23",23,46
000716,2025-07-09,2025-08-05,"2025-07-09,2025-07-23",30,7
000716,2026-03-24,2026-04-07,2026-03-24,9,9
000716,2026-04-22,2026-05-08,2026-04-22,10,10
000717,2024-07-25,2024-08-07,2024-07-25,17,17
000720,2025-10-09,2025-10-22,2025-10-09,31,31
000721,2025-07-23,2025-08-05,2025-07-23,32,32
000721,2026-03-24,2026-04-07,2026-03-24,11,11
000721,2026-05-25,2026-06-05,2026-05-25,43,43
000726,2024-09-05,2024-10-11,"2024-09-05,2024-09-23",14,25
000729,2024-12-09,2024-12-20,2024-12-09,20,20
000733,2026-09-15,2026-09-18,2026-09-15,49,49
000735,2026-06-08,2026-06-22,2026-06-08,44,44
000736,2025-01-07,2025-01-20,2025-01-07,9,9
000736,2026-02-02,2026-02-13,2026-02-02,15,15
000737,2024-12-23,2025-01-06,2024-12-23,32,32
000752,2025-03-26,2025-04-09,2025-03-26,33,33
000753,2026-07-07,2026-07-20,2026-07-07,28,28
000755,2026-02-02,2026-02-13,2026-02-02,1,1
000756,2025-04-10,2025-04-23,2025-04-10,22,22
000756,2026-03-10,2026-03-23,2026-03-10,12,12
000759,2025-08-06,2025-08-19,2025-08-06,34,34
000759,2026-03-24,2026-05-08,"2026-03-24,2026-04-08,2026-04-22",40,28
000761,2026-05-25,2026-06-05,2026-05-25,24,24
000777,2026-06-08,2026-06-22,2026-06-08,21,21
000782,2025-02-12,2025-02-25,2025-02-12,15,15
000785,2025-06-11,2025-07-08,"2025-06-11,2025-06-25",8,21
000788,2025-03-26,2025-04-09,2025-03-26,17,17
000788,2026-03-10,2026-03-23,2026-03-10,3,3
000789,2026-06-23,2026-07-06,2026-06-23,40,40
000790,2025-01-21,2025-02-11,2025-01-21,29,29
000791,2024-08-22,2024-09-20,"2024-08-22,2024-09-05",37,32
000791,2024-12-23,2025-01-06,2024-12-23,9,9
000797,2026-03-24,2026-04-07,2026-03-24,22,22
000798,2026-05-25,2026-06-05,2026-05-25,8,8
000799,2025-02-12,2025-02-25,2025-02-12,32,32
000799,2026-05-11,2026-05-22,2026-05-11,9,9
000800,2024-12-23,2025-01-20,"2024-12-23,2025-01-07",27,49
000801,2024-07-25,2024-08-07,2024-07-25,10,10
000802,2025-03-26,2025-04-23,"2025-03-26,2025-04-10",32,8
000802,2025-11-06,2025-11-19,2025-11-06,31,31
000802,2026-03-24,2026-04-07,2026-03-24,20,20
000810,2025-05-13,2025-05-26,2025-05-13,37,37
000812,2026-03-10,2026-03-23,2026-03-10,5,5
000816,2025-05-27,2025-06-10,2025-05-27,24,24
000821,2025-06-11,2025-06-24,2025-06-11,30,30
000822,2025-02-26,2025-03-11,2025-02-26,10,10
000822,2025-10-23,2025-11-05,2025-10-23,47,47
000822,2026-07-07,2026-07-20,2026-07-07,16,16
000831,2024-08-22,2024-09-04,2024-08-22,34,34
000837,2025-12-18,2025-12-31,2025-12-18,16,16
000862,2024-08-22,2024-09-04,2024-08-22,44,44
000869,2025-08-20,2025-09-02,2025-08-20,20,20
000875,2024-08-22,2024-09-20,"2024-08-22,2024-09-05",3,38
000876,2025-07-09,2025-07-22,2025-07-09,14,14
000877,2025-06-25,2025-07-08,2025-06-25,45,45
000877,2026-01-05,2026-01-30,"2026-01-05,2026-01-19",1,23
000880,2024-11-11,2024-11-22,2024-11-11,21,21
000881,2025-09-17,2025-09-30,2025-09-17,21,21
000882,2025-06-11,2025-06-24,2025-06-11,32,32
000883,2024-10-14,2024-11-22,"2024-10-14,2024-10-28,2024-11-11",46,44
000883,2025-07-23,2025-08-05,2025-07-23,12,12
000888,2025-11-06,2025-11-19,2025-11-06,14,14
000895,2025-07-09,2025-08-05,"2025-07-09,2025-07-23",22,6
000899,2024-08-08,2024-10-11,"2024-08-08,2024-08-22,2024-09-05,2024-09-23",13,2
000900,2025-02-26,2025-03-11,2025-02-26,27,27
000902,2024-12-09,2024-12-20,2024-12-09,29,29
000903,2025-09-17,2025-09-30,2025-09-17,14,14
000903,2026-02-02,2026-02-13,2026-02-02,14,14
000905,2026-07-07,2026-07-20,2026-07-07,22,22
000906,2024-11-11,2024-11-22,2024-11-11,43,43
000909,2025-09-17,2025-09-30,2025-09-17,11,11
000912,2025-09-03,2025-10-22,"2025-09-03,2025-09-17,2025-10-09",22,6
000912,2026-06-23,2026-07-20,"2026-06-23,2026-07-07",50,3
000919,2026-07-07,2026-07-20,2026-07-07,31,31
000923,2025-06-25,2025-07-08,2025-06-25,6,6
000925,2025-06-11,2025-06-24,2025-06-11,7,7
000930,2026-06-08,2026-07-20,"2026-06-08,2026-06-23,2026-07-07",8,15
000936,2026-07-21,2026-08-03,2026-07-21,8,8
000937,2025-03-12,2025-03-25,2025-03-12,2,2
000937,2025-09-03,2025-09-16,2025-09-03,11,11
000938,2025-05-27,2025-06-10,2025-05-27,13,13
000949,2025-06-25,2025-07-08,2025-06-25,5,5
000950,2026-03-24,2026-04-07,2026-03-24,1,1
000955,2026-02-24,2026-03-09,2026-02-24,33,33
000958,2025-08-20,2025-09-02,2025-08-20,28,28
000959,2026-05-25,2026-06-22,"2026-05-25,2026-06-08",26,7
000960,2024-12-23,2025-01-20,"2024-12-23,2025-01-07",44,30
000965,2026-01-19,2026-01-30,2026-01-19,46,46
000966,2025-08-20,2025-09-02,2025-08-20,1,1
000966,2026-09-01,2026-09-14,2026-09-01,7,7
000968,2026-07-07,2026-07-20,2026-07-07,46,46
000969,2026-09-15,2026-09-18,2026-09-15,20,20
000975,2024-11-25,2024-12-06,2024-11-25,36,36
000975,2024-12-23,2025-01-06,2024-12-23,29,29
000978,2025-07-09,2025-07-22,2025-07-09,41,41
000978,2026-07-07,2026-07-20,2026-07-07,19,19
000989,2026-02-02,2026-02-13,2026-02-02,29,29
000993,2024-08-22,2024-09-20,"2024-08-22,2024-09-05",20,4
000995,2025-04-10,2025-04-23,2025-04-10,12,12
000998,2025-07-09,2025-07-22,2025-07-09,11,11
001201,2024-09-05,2024-10-11,"2024-09-05,2024-09-23",39,10
001205,2026-02-02,2026-02-13,2026-02-02,17,17
001206,2026-05-25,2026-06-05,2026-05-25,19,19
001213,2025-10-23,2025-11-05,2025-10-23,6,6
001216,2024-12-09,2024-12-20,2024-12-09,13,13
001217,2026-05-25,2026-06-05,2026-05-25,16,16
001220,2026-07-21,2026-08-03,2026-07-21,5,5
001222,2026-03-10,2026-03-23,2026-03-10,22,22
001225,2026-05-11,2026-05-22,2026-05-11,43,43
001226,2024-09-23,2024-10-11,2024-09-23,17,17
001226,2024-10-28,2024-11-08,2024-10-28,15,15
001228,2024-08-22,2024-09-04,2024-08-22,7,7
001229,2025-04-24,2025-05-26,"2025-04-24,2025-05-13",39,29
001234,2026-08-04,2026-08-17,2026-08-04,10,10
001236,2025-01-07,2025-01-20,2025-01-07,29,29
001237,2026-08-18,2026-08-31,2026-08-18,3,3
001255,2025-04-10,2025-04-23,2025-04-10,42,42
001255,2026-04-22,2026-05-08,2026-04-22,17,17
001258,2024-09-23,2024-10-11,2024-09-23,13,13
001258,2025-09-03,2025-09-30,"2025-09-03,2025-09-17",27,10
001259,2026-09-01,2026-09-14,2026-09-01,48,48
001277,2024-12-09,2024-12-20,2024-12-09,21,21
001277,2025-10-23,2025-11-19,"2025-10-23,2025-11-06",29,8
001279,2025-01-07,2025-02-25,"2025-01-07,2025-01-21,2025-02-12",23,48
001279,2025-08-20,2025-09-02,2025-08-20,4,4
001282,2026-02-02,2026-02-13,2026-02-02,18,18
001286,2024-10-14,2024-11-08,"2024-10-14,2024-10-28",22,48
001286,2024-12-23,2025-01-06,2024-12-23,24,24
001298,2025-01-07,2025-01-20,2025-01-07,40,40
001308,2024-07-25,2024-08-07,2024-07-25,33,33
001308,2025-04-24,2025-05-12,2025-04-24,36,36
001312,2026-07-21,2026-08-03,2026-07-21,1,1
001313,2024-08-08,2024-08-21,2024-08-08,7,7
001316,2026-08-18,2026-08-31,2026-08-18,24,24
001318,2026-03-24,2026-04-07,2026-03-24,7,7
001325,2026-07-07,2026-08-03,"2026-07-07,2026-07-21",29,10
001330,2024-09-23,2024-10-11,2024-09-23,44,44
001330,2025-03-26,2025-04-09,2025-03-26,46,46
001332,2026-08-18,2026-08-31,2026-08-18,7,7
001335,2026-08-18,2026-09-18,"2026-08-18,2026-09-01,2026-09-15",33,48
001337,2024-12-23,2025-01-06,2024-12-23,5,5
001338,2026-07-07,2026-07-20,2026-07-07,23,23
001358,2026-01-05,2026-01-16,2026-01-05,19,19
001376,2024-08-22,2024-09-20,"2024-08-22,2024-09-05",43,10
001378,2024-10-28,2024-11-08,2024-10-28,20,20
001380,2026-01-05,2026-01-16,2026-01-05,5,5
001386,2026-05-11,2026-05-22,2026-05-11,6,6
001390,2026-02-24,2026-03-23,"2026-02-24,2026-03-10",1,1
001391,2025-08-20,2025-09-02,2025-08-20,32,32
001393,2026-08-18,2026-09-14,"2026-08-18,2026-09-01",23,32
001395,2025-08-06,2025-08-19,2025-08-06,25,25
001396,2026-08-04,2026-08-17,2026-08-04,33,33
001400,2025-07-23,2025-08-05,2025-07-23,28,28
001965,2024-11-11,2024-12-20,"2024-11-11,2024-11-25,2024-12-09",38,2
001965,2025-08-06,2025-08-19,2025-08-06,6,6
001965,2026-02-02,2026-02-13,2026-02-02,32,32
002004,2025-03-12,2025-04-09,"2025-03-12,2025-03-26",43,50
002008,2025-06-11,2025-07-08,"2025-06-11,2025-06-25",43,25
002017,2026-04-22,2026-05-08,2026-04-22,33,33
002020,2026-02-24,2026-03-09,2026-02-24,37,37
002024,2025-06-25,2025-07-08,2025-06-25,3,3
002030,2024-07-25,2024-08-07,2024-07-25,11,11
002032,2024-12-09,2024-12-20,2024-12-09,43,43
002032,2026-03-10,2026-03-23,2026-03-10,41,41
002033,2025-07-09,2025-07-22,2025-07-09,28,28
002034,2026-08-18,2026-08-31,2026-08-18,13,13
002035,2026-07-07,2026-07-20,2026-07-07,14,14
002038,2025-03-26,2025-04-23,"2025-03-26,2025-04-10",7,4
002039,2024-11-11,2025-01-06,"2024-11-11,2024-11-25,2024-12-09,2024-12-23",10,8
002039,2025-08-20,2025-09-02,2025-08-20,45,45
002040,2025-02-26,2025-03-11,2025-02-26,16,16
002041,2025-07-09,2025-07-22,2025-07-09,3,3
002042,2025-12-18,2025-12-31,2025-12-18,4,4
002045,2026-01-05,2026-01-16,2026-01-05,17,17
002045,2026-04-08,2026-04-21,2026-04-08,50,50
002049,2026-09-15,2026-09-18,2026-09-15,33,33
002050,2026-04-08,2026-04-21,2026-04-08,32,32
002051,2026-09-15,2026-09-18,2026-09-15,21,21
002055,2025-04-24,2025-05-12,2025-04-24,48,48
002057,2026-09-15,2026-09-18,2026-09-15,42,42
002059,2024-11-11,2024-11-22,2024-11-11,7,7
002059,2025-06-25,2025-07-08,2025-06-25,38,38
002063,2025-05-27,2025-06-24,"2025-05-27,2025-06-11",19,41
002064,2025-01-07,2025-01-20,2025-01-07,45,45
002065,2025-06-11,2025-06-24,2025-06-11,15,15
002068,2026-01-05,2026-01-16,2026-01-05,14,14
002073,2025-06-11,2025-06-24,2025-06-11,25,25
002073,2026-05-25,2026-06-05,2026-05-25,41,41
002079,2026-09-15,2026-09-18,2026-09-15,6,6
002086,2026-02-24,2026-03-09,2026-02-24,3,3
002092,2024-08-08,2024-08-21,2024-08-08,24,24
002093,2025-10-09,2025-10-22,2025-10-09,37,37
002094,2025-10-09,2025-10-22,2025-10-09,42,42
002094,2026-04-22,2026-06-05,"2026-04-22,2026-05-11,2026-05-25",26,28
002096,2025-10-23,2025-11-05,2025-10-23,8,8
002097,2024-07-25,2024-08-07,2024-07-25,4,4
002097,2025-05-27,2025-06-10,2025-05-27,48,48
002098,2025-10-09,2025-10-22,2025-10-09,48,48
002101,2026-05-25,2026-06-05,2026-05-25,25,25
002105,2025-09-03,2025-09-16,2025-09-03,46,46
002109,2026-06-23,2026-07-20,"2026-06-23,2026-07-07",43,43
002110,2026-05-25,2026-06-05,2026-05-25,33,33
002112,2025-06-11,2025-06-24,2025-06-11,48,48
002116,2024-07-25,2024-08-07,2024-07-25,1,1
002119,2025-04-24,2025-06-10,"2025-04-24,2025-05-13,2025-05-27",3,40
002120,2024-12-23,2025-01-06,2024-12-23,45,45
002120,2025-11-20,2025-12-03,2025-11-20,16,16
002121,2026-08-18,2026-08-31,2026-08-18,44,44
002122,2025-12-18,2025-12-31,2025-12-18,24,24
002123,2025-11-06,2025-12-03,"2025-11-06,2025-11-20",10,3
002125,2024-08-08,2024-09-04,"2024-08-08,2024-08-22",3,1
002127,2025-07-23,2025-08-19,"2025-07-23,2025-08-06",38,24
002129,2025-06-25,2025-07-08,2025-06-25,44,44
002130,2025-04-24,2025-05-12,2025-04-24,29,29
002131,2026-07-07,2026-07-20,2026-07-07,45,45
002136,2025-08-20,2025-09-02,2025-08-20,40,40
002139,2025-06-11,2025-06-24,2025-06-11,24,24
002140,2025-06-25,2025-07-08,2025-06-25,13,13
002140,2026-06-08,2026-06-22,2026-06-08,49,49
002145,2026-01-05,2026-01-16,2026-01-05,34,34
002148,2025-11-20,2025-12-03,2025-11-20,10,10
002148,2025-12-18,2025-12-31,2025-12-18,6,6
002150,2024-12-23,2025-01-06,2024-12-23,25,25
002152,2025-05-27,2025-06-10,2025-05-27,1,1
002153,2026-04-22,2026-05-08,2026-04-22,15,15
002155,2024-10-14,2024-10-25,2024-10-14,14,14
002157,2024-09-05,2024-09-20,2024-09-05,15,15
002162,2026-05-25,2026-06-22,"2026-05-25,2026-06-08",40,47
002163,2026-04-08,2026-05-22,"2026-04-08,2026-04-22,2026-05-11",14,24
002163,2026-06-23,2026-07-20,"2026-06-23,2026-07-07",38,18
002164,2026-03-24,2026-04-21,"2026-03-24,2026-04-08",31,37
002166,2024-08-08,2024-08-21,2024-08-08,33,33
002167,2024-07-25,2024-08-07,2024-07-25,32,32
002168,2024-10-28,2024-11-08,2024-10-28,45,45
002168,2024-11-25,2024-12-06,2024-11-25,43,43
002168,2025-03-12,2025-03-25,2025-03-12,46,46
002176,2025-05-27,2025-06-10,2025-05-27,14,14
002182,2024-08-22,2024-09-04,2024-08-22,5,5
002183,2026-08-18,2026-09-14,"2026-08-18,2026-09-01",9,25
002184,2025-04-24,2025-05-12,2025-04-24,31,31
002186,2025-03-12,2025-03-25,2025-03-12,50,50
002186,2026-03-24,2026-04-07,2026-03-24,30,30
002187,2025-07-09,2025-08-05,"2025-07-09,2025-07-23",33,36
002187,2026-04-22,2026-05-22,"2026-04-22,2026-05-11",1,23
002192,2025-04-24,2025-05-12,2025-04-24,43,43
002200,2025-08-06,2025-08-19,2025-08-06,38,38
002203,2025-04-10,2025-05-12,"2025-04-10,2025-04-24",34,40
002204,2025-06-25,2025-07-08,2025-06-25,35,35
002210,2026-02-02,2026-02-13,2026-02-02,28,28
002212,2025-05-13,2025-06-10,"2025-05-13,2025-05-27",14,3
002214,2025-04-10,2025-04-23,2025-04-10,30,30
002216,2025-07-09,2025-07-22,2025-07-09,34,34
002217,2026-08-04,2026-09-18,"2026-08-04,2026-08-18,2026-09-01,2026-09-15",23,41
002218,2024-08-22,2024-09-04,2024-08-22,38,38
002218,2025-04-10,2025-04-23,2025-04-10,48,48
002218,2026-07-07,2026-07-20,2026-07-07,27,27
002221,2025-09-17,2025-09-30,2025-09-17,46,46
002221,2025-11-06,2025-11-19,2025-11-06,3,3
002224,2026-06-23,2026-07-06,2026-06-23,45,45
002225,2024-08-22,2024-09-04,2024-08-22,21,21
002230,2024-09-23,2024-10-11,2024-09-23,47,47
002230,2026-04-22,2026-05-08,2026-04-22,35,35
002234,2025-06-25,2025-07-22,"2025-06-25,2025-07-09",24,13
002235,2025-10-09,2025-11-05,"2025-10-09,2025-10-23",9,40
002236,2025-06-11,2025-06-24,2025-06-11,13,13
002237,2024-10-14,2024-10-25,2024-10-14,49,49
002237,2024-12-23,2025-01-06,2024-12-23,38,38
002245,2025-06-11,2025-06-24,2025-06-11,29,29
002251,2025-07-23,2025-08-05,2025-07-23,37,37
002251,2026-03-24,2026-04-07,2026-03-24,14,14
002252,2024-11-25,2024-12-06,2024-11-25,46,46
002253,2025-04-24,2025-05-12,2025-04-24,50,50
002255,2025-08-06,2025-09-02,"2025-08-06,2025-08-20",45,19
002264,2024-08-22,2024-09-04,2024-08-22,24,24
002264,2026-05-11,2026-05-22,2026-05-11,15,15
002265,2025-04-24,2025-05-12,2025-04-24,26,26
002267,2025-08-06,2025-08-19,2025-08-06,42,42
002267,2026-01-19,2026-01-30,2026-01-19,3,3
002269,2025-04-10,2025-04-23,2025-04-10,49,49
002269,2026-02-02,2026-03-09,"2026-02-02,2026-02-24",30,22
002270,2024-12-09,2024-12-20,2024-12-09,50,50
002273,2024-10-14,2024-10-25,2024-10-14,13,13
002274,2025-09-03,2025-09-16,2025-09-03,34,34
002276,2026-04-22,2026-05-08,2026-04-22,14,14
002294,2025-01-07,2025-01-20,2025-01-07,10,10
002298,2026-02-24,2026-03-09,2026-02-24,44,44
002299,2024-09-05,2024-09-20,2024-09-05,29,29
002300,2025-09-03,2025-09-16,2025-09-03,16,16
002300,2026-07-21,2026-08-03,2026-07-21,21,21
002302,2025-02-12,2025-02-25,2025-02-12,38,38
002302,2025-03-26,2025-04-09,2025-03-26,21,21
002303,2025-02-26,2025-03-11,2025-02-26,37,37
002307,2024-08-08,2024-08-21,2024-08-08,35,35
002310,2024-10-14,2024-11-08,"2024-10-14,2024-10-28",18,19
002310,2025-02-26,2025-03-11,2025-02-26,43,43
002312,2025-04-24,2025-05-26,"2025-04-24,2025-05-13",19,7
002312,2026-05-25,2026-06-22,"2026-05-25,2026-06-08",44,1
002316,2024-10-28,2024-11-08,2024-10-28,21,21
002317,2026-03-10,2026-03-23,2026-03-10,36,36
002320,2026-05-11,2026-05-22,2026-05-11,13,13
002322,2024-12-09,2025-01-20,"2024-12-09,2024-12-23,2025-01-07",12,2
002326,2026-09-15,2026-09-18,2026-09-15,34,34
002327,2026-01-19,2026-01-30,2026-01-19,30,30
002332,2025-03-12,2025-03-25,2025-03-12,25,25
002334,2025-05-27,2025-06-10,2025-05-27,12,12
002334,2026-08-18,2026-09-14,"2026-08-18,2026-09-01",8,5
002339,2026-06-23,2026-07-06,2026-06-23,44,44
002339,2026-07-21,2026-08-03,2026-07-21,46,46
002343,2024-07-25,2024-08-07,2024-07-25,30,30
002344,2025-02-26,2025-03-11,2025-02-26,28,28
002347,2026-04-08,2026-04-21,2026-04-08,7,7
002351,2025-04-24,2025-05-26,"2025-04-24,2025-05-13",18,17
002355,2025-09-03,2025-09-30,"2025-09-03,2025-09-17",42,42
002365,2026-01-05,2026-01-16,2026-01-05,48,48
002366,2024-07-25,2024-08-07,2024-07-25,21,21
002367,2026-05-11,2026-06-22,"2026-05-11,2026-05-25,2026-06-08",32,45
002368,2025-05-27,2025-06-10,2025-05-27,21,21
002369,2026-02-24,2026-03-23,"2026-02-24,2026-03-10",15,10
002374,2025-02-12,2025-02-25,2025-02-12,18,18
002381,2024-07-25,2024-08-07,2024-07-25,38,38
002382,2025-10-23,2025-11-19,"2025-10-23,2025-11-06",19,47
002382,2026-07-07,2026-07-20,2026-07-07,34,34
002385,2025-07-09,2025-07-22,2025-07-09,6,6
002387,2025-05-13,2025-05-26,2025-05-13,46,46
002388,2025-02-12,2025-02-25,2025-02-12,45,45
002389,2025-02-12,2025-02-25,2025-02-12,27,27
002389,2025-11-06,2025-11-19,2025-11-06,38,38
002390,2025-04-10,2025-05-26,"2025-04-10,2025-04-24,2025-05-13",13,20
002393,2025-12-04,2025-12-17,2025-12-04,26,26
002395,2026-08-04,2026-08-17,2026-08-04,19,19
002398,2025-05-27,2025-06-10,2025-05-27,22,22
002398,2025-10-23,2025-11-05,2025-10-23,4,4
002399,2025-10-23,2025-11-05,2025-10-23,13,13
002400,2025-04-24,2025-05-12,2025-04-24,41,41
002401,2025-10-23,2025-11-19,"2025-10-23,2025-11-06",2,18
002402,2026-02-24,2026-03-23,"2026-02-24,2026-03-10",26,24
002405,2025-05-13,2025-06-10,"2025-05-13,2025-05-27",8,36
002416,2025-04-10,2025-04-23,2025-04-10,11,11
002416,2025-05-13,2025-05-26,2025-05-13,15,15
002418,2026-08-04,2026-08-17,2026-08-04,40,40
002423,2025-01-07,2025-01-20,2025-01-07,14,14
002423,2025-12-18,2025-12-31,2025-12-18,1,1
002424,2026-02-02,2026-02-13,2026-02-02,19,19
002425,2024-10-14,2024-10-25,2024-10-14,30,30
002426,2026-09-15,2026-09-18,2026-09-15,19,19
002427,2025-09-17,2025-09-30,2025-09-17,43,43
002427,2026-06-23,2026-07-06,2026-06-23,32,32
002429,2025-04-24,2025-07-08,"2025-04-24,2025-05-13,2025-05-27,2025-06-11,2025-06-25",24,47
002431,2025-08-20,2025-09-02,2025-08-20,26,26
002432,2024-12-23,2025-01-06,2024-12-23,49,49
002439,2025-06-11,2025-06-24,2025-06-11,37,37
002442,2026-08-18,2026-08-31,2026-08-18,4,4
002443,2025-01-07,2025-01-20,2025-01-07,44,44
002449,2025-04-10,2025-05-26,"2025-04-10,2025-04-24,2025-05-13",24,25
002449,2026-08-18,2026-08-31,2026-08-18,16,16
002453,2026-02-24,2026-03-09,2026-02-24,17,17
002455,2024-08-22,2024-10-11,"2024-08-22,2024-09-05,2024-09-23",16,36
002455,2025-02-26,2025-03-11,2025-02-26,42,42
002456,2025-12-18,2026-01-16,"2025-12-18,2026-01-05",23,20
002457,2025-01-21,2025-02-11,2025-01-21,44,44
002457,2025-09-17,2025-09-30,2025-09-17,17,17
002457,2025-10-23,2025-11-05,2025-10-23,34,34
002458,2025-06-25,2025-07-22,"2025-06-25,2025-07-09",4,4
002461,2024-12-09,2024-12-20,2024-12-09,7,7
002461,2025-09-03,2025-09-30,"2025-09-03,2025-09-17",18,29
002462,2026-05-11,2026-05-22,2026-05-11,14,14
002465,2026-08-18,2026-09-14,"2026-08-18,2026-09-01",10,50
002466,2025-04-10,2025-04-23,2025-04-10,14,14
002467,2025-05-13,2025-05-26,2025-05-13,30,30
002469,2025-02-26,2025-03-11,2025-02-26,9,9
002469,2025-07-23,2025-08-05,2025-07-23,10,10
002474,2025-05-27,2025-06-10,2025-05-27,26,26
002474,2026-04-22,2026-05-08,2026-04-22,43,43
002478,2026-07-07,2026-08-03,"2026-07-07,2026-07-21",8,15
002481,2026-01-19,2026-03-23,"2026-01-19,2026-02-02,2026-02-24,2026-03-10",10,47
002482,2025-03-26,2025-04-23,"2025-03-26,2025-04-10",38,9
002482,2026-01-19,2026-01-30,2026-01-19,7,7
002488,2025-08-06,2025-08-19,2025-08-06,18,18
002491,2024-07-25,2024-08-07,2024-07-25,12,12
002493,2024-12-23,2025-01-06,2024-12-23,19,19
002497,2025-04-24,2025-05-12,2025-04-24,46,46
002508,2025-07-23,2025-08-05,2025-07-23,23,23
002513,2025-02-12,2025-02-25,2025-02-12,16,16
002514,2025-04-10,2025-05-12,"2025-04-10,2025-04-24",43,7
002514,2025-08-06,2025-08-19,2025-08-06,39,39
002518,2025-06-11,2025-06-24,2025-06-11,10,10
002519,2025-11-06,2025-11-19,2025-11-06,1,1
002526,2024-08-08,2024-08-21,2024-08-08,8,8
002527,2025-12-18,2025-12-31,2025-12-18,47,47
002527,2026-04-08,2026-04-21,2026-04-08,28,28
002527,2026-09-01,2026-09-14,2026-09-01,24,24
002528,2025-04-10,2025-04-23,2025-04-10,32,32
002529,2025-08-20,2025-09-02,2025-08-20,49,49
002530,2024-09-23,2024-10-11,2024-09-23,32,32
002530,2025-12-18,2025-12-31,2025-12-18,11,11
002531,2026-09-01,2026-09-14,2026-09-01,35,35
002534,2025-06-25,2025-07-08,2025-06-25,17,17
002537,2026-06-08,2026-06-22,2026-06-08,43,43
002538,2025-02-26,2025-03-11,2025-02-26,39,39
002538,2025-06-25,2025-07-08,2025-06-25,34,34
002539,2024-08-22,2024-09-04,2024-08-22,33,33
002540,2026-05-25,2026-06-05,2026-05-25,38,38
002541,2024-08-22,2024-09-04,2024-08-22,17,17
002543,2026-03-10,2026-03-23,2026-03-10,35,35
002543,2026-06-23,2026-07-06,2026-06-23,33,33
002544,2024-07-25,2024-08-07,2024-07-25,2,2
002548,2025-07-09,2025-07-22,2025-07-09,10,10
002550,2025-12-18,2026-01-16,"2025-12-18,2026-01-05",13,49
002552,2024-10-14,2024-10-25,2024-10-14,8,8
002554,2025-02-26,2025-03-25,"2025-02-26,2025-03-12",45,33
002556,2025-02-26,2025-03-11,2025-02-26,19,19
002556,2025-09-03,2025-09-30,"2025-09-03,2025-09-17",8,1
002557,2025-07-23,2025-08-05,2025-07-23,22,22
002561,2026-03-24,2026-04-07,2026-03-24,21,21
002565,2026-08-04,2026-08-17,2026-08-04,39,39
002567,2025-07-09,2025-07-22,2025-07-09,18,18
002570,2026-04-22,2026-05-22,"2026-04-22,2026-05-11",18,10
002572,2025-07-23,2025-08-05,2025-07-23,31,31
002573,2024-08-08,2024-08-21,2024-08-08,42,42
002574,2025-08-20,2025-09-02,2025-08-20,41,41
002577,2025-11-06,2025-12-03,"2025-11-06,2025-11-20",28,6
002582,2025-07-23,2025-08-19,"2025-07-23,2025-08-06",16,23
002583,2025-04-10,2025-04-23,2025-04-10,45,45
002584,2025-08-20,2025-09-30,"2025-08-20,2025-09-03,2025-09-17",31,9
002586,2025-08-06,2025-08-19,2025-08-06,50,50
002596,2026-04-08,2026-04-21,2026-04-08,47,47
002597,2024-12-23,2025-01-06,2024-12-23,1,1
002598,2025-08-06,2025-08-19,2025-08-06,36,36
002601,2024-08-22,2024-09-04,2024-08-22,13,13
002603,2025-03-12,2025-03-25,2025-03-12,36,36
002605,2025-12-04,2025-12-17,2025-12-04,31,31
002605,2026-04-22,2026-05-08,2026-04-22,37,37
002606,2025-01-07,2025-01-20,2025-01-07,25,25
002608,2026-09-01,2026-09-14,2026-09-01,1,1
002613,2026-09-01,2026-09-14,2026-09-01,8,8
002614,2024-07-25,2024-08-07,2024-07-25,44,44
002616,2025-12-18,2026-01-16,"2025-12-18,2026-01-05",44,6
002623,2025-01-21,2025-02-11,2025-01-21,6,6
002623,2025-12-18,2025-12-31,2025-12-18,35,35
002636,2025-04-24,2025-05-12,2025-04-24,13,13
002640,2025-12-18,2025-12-31,2025-12-18,33,33
002644,2025-02-26,2025-03-25,"2025-02-26,2025-03-12",13,1
002650,2026-02-24,2026-03-09,2026-02-24,30,30
002657,2025-12-04,2025-12-17,2025-12-04,12,12
002658,2024-07-25,2024-08-07,2024-07-25,49,49
002668,2026-02-02,2026-02-13,2026-02-02,6,6
002670,2025-05-13,2025-05-26,2025-05-13,16,16
002670,2026-01-05,2026-01-16,2026-01-05,15,15
002670,2026-05-25,2026-06-05,2026-05-25,22,22
002673,2025-02-12,2025-02-25,2025-02-12,4,4
002674,2024-09-23,2024-10-11,2024-09-23,9,9
002681,2026-03-10,2026-03-23,2026-03-10,37,37
002685,2026-08-04,2026-08-17,2026-08-04,25,25
002692,2026-07-21,2026-08-03,2026-07-21,20,20
002697,2025-07-23,2025-08-05,2025-07-23,5,5
002697,2026-03-24,2026-04-07,2026-03-24,15,15
002697,2026-04-22,2026-05-08,2026-04-22,36,36
002698,2025-05-27,2025-06-24,"2025-05-27,2025-06-11",7,5
002698,2026-04-08,2026-04-21,2026-04-08,34,34
002705,2026-07-21,2026-08-03,2026-07-21,3,3
002707,2026-05-11,2026-05-22,2026-05-11,29,29
002709,2026-09-15,2026-09-18,2026-09-15,14,14
002713,2025-08-06,2025-08-19,2025-08-06,13,13
002714,2024-12-09,2024-12-20,2024-12-09,37,37
002717,2025-08-20,2025-09-16,"2025-08-20,2025-09-03",21,44
002721,2025-10-09,2025-10-22,2025-10-09,8,8
002726,2024-10-28,2024-11-08,2024-10-28,8,8
002726,2026-01-19,2026-02-13,"2026-01-19,2026-02-02",45,36
002728,2025-03-26,2025-04-09,2025-03-26,12,12
002728,2026-05-25,2026-06-22,"2026-05-25,2026-06-08",14,28
002729,2025-04-24,2025-05-26,"2025-04-24,2025-05-13",5,32
002733,2026-09-01,2026-09-18,"2026-09-01,2026-09-15",18,9
002735,2026-04-22,2026-05-08,2026-04-22,32,32
002735,2026-09-01,2026-09-14,2026-09-01,30,30
002737,2025-02-26,2025-04-09,"2025-02-26,2025-03-12,2025-03-26",48,14
002738,2025-04-10,2025-05-12,"2025-04-10,2025-04-24",15,17
002743,2025-03-26,2025-04-09,2025-03-26,30,30
002743,2025-08-20,2025-09-16,"2025-08-20,2025-09-03",37,7
002745,2025-06-11,2025-07-08,"2025-06-11,2025-06-25",6,40
002746,2025-07-09,2025-07-22,2025-07-09,29,29
002756,2025-04-10,2025-05-12,"2025-04-10,2025-04-24",23,2
002757,2025-11-06,2025-11-19,2025-11-06,2,2
002759,2025-04-24,2025-05-12,2025-04-24,23,23
002765,2026-04-08,2026-04-21,2026-04-08,19,19
002782,2026-08-18,2026-08-31,2026-08-18,40,40
002791,2025-07-09,2025-07-22,2025-07-09,32,32
002797,2025-04-24,2025-05-12,2025-04-24,37,37
002799,2025-04-24,2025-05-12,2025-04-24,4,4
002802,2024-08-22,2024-09-04,2024-08-22,23,23
002803,2024-07-25,2024-08-07,2024-07-25,41,41
002805,2025-02-12,2025-02-25,2025-02-12,21,21
002805,2026-09-15,2026-09-18,2026-09-15,25,25
002806,2026-09-15,2026-09-18,2026-09-15,22,22
002807,2026-01-19,2026-02-13,"2026-01-19,2026-02-02",17,31
002809,2026-05-11,2026-05-22,2026-05-11,21,21
002811,2025-04-24,2025-05-12,2025-04-24,28,28
002818,2025-07-23,2025-08-05,2025-07-23,49,49
002824,2025-05-27,2025-06-24,"2025-05-27,2025-06-11",33,35
002825,2025-10-09,2025-10-22,2025-10-09,34,34
002827,2025-11-06,2025-11-19,2025-11-06,29,29
002832,2025-07-23,2025-08-05,2025-07-23,40,40
002835,2025-05-13,2025-05-26,2025-05-13,4,4
002840,2025-07-09,2025-07-22,2025-07-09,20,20
002840,2026-02-02,2026-02-13,2026-02-02,12,12
002845,2025-06-11,2025-06-24,2025-06-11,45,45
002846,2024-10-14,2024-10-25,2024-10-14,45,45
002846,2026-07-21,2026-08-03,2026-07-21,6,6
002855,2026-02-24,2026-03-09,2026-02-24,7,7
002865,2026-08-04,2026-08-31,"2026-08-04,2026-08-18",38,45
002873,2025-01-21,2025-02-11,2025-01-21,21,21
002873,2026-07-07,2026-07-20,2026-07-07,38,38
002877,2026-02-24,2026-03-09,2026-02-24,9,9
002878,2026-08-04,2026-08-17,2026-08-04,50,50
002880,2025-07-09,2025-07-22,2025-07-09,19,19
002880,2025-10-09,2025-10-22,2025-10-09,12,12
002883,2025-10-23,2025-11-05,2025-10-23,24,24
002889,2026-02-24,2026-04-07,"2026-02-24,2026-03-10,2026-03-24",28,19
002892,2025-12-18,2025-12-31,2025-12-18,38,38
002893,2024-08-22,2024-09-04,2024-08-22,18,18
002893,2026-03-10,2026-03-23,2026-03-10,29,29
002900,2025-10-09,2025-10-22,2025-10-09,41,41
002900,2026-03-10,2026-03-23,2026-03-10,14,14
002902,2025-04-10,2025-05-12,"2025-04-10,2025-04-24",40,38
002905,2024-10-28,2024-11-22,"2024-10-28,2024-11-11",33,32
002907,2024-11-11,2024-11-22,2024-11-11,27,27
002911,2026-06-23,2026-07-20,"2026-06-23,2026-07-07",3,35
002917,2025-04-24,2025-05-12,2025-04-24,15,15
002917,2025-10-23,2025-11-05,2025-10-23,5,5
002917,2026-08-18,2026-08-31,2026-08-18,42,42
002918,2024-08-22,2024-09-04,2024-08-22,40,40
002922,2024-12-23,2025-01-06,2024-12-23,21,21
002929,2026-01-05,2026-01-16,2026-01-05,29,29
002930,2024-08-08,2024-08-21,2024-08-08,45,45
002930,2026-08-04,2026-08-31,"2026-08-04,2026-08-18",34,43
002932,2025-10-23,2025-11-05,2025-10-23,30,30
002936,2025-03-26,2025-04-09,2025-03-26,23,23
002937,2024-09-23,2024-10-11,2024-09-23,40,40
002939,2025-12-04,2025-12-17,2025-12-04,17,17
002940,2026-02-24,2026-03-23,"2026-02-24,2026-03-10",12,43
002945,2025-05-13,2025-05-26,2025-05-13,5,5
002948,2026-01-19,2026-01-30,2026-01-19,20,20
002952,2026-08-18,2026-08-31,2026-08-18,14,14
002958,2025-09-17,2025-09-30,2025-09-17,23,23
002959,2026-06-23,2026-07-06,2026-06-23,12,12
002962,2026-09-01,2026-09-14,2026-09-01,38,38
002965,2026-04-08,2026-04-21,2026-04-08,30,30
002976,2025-09-17,2025-09-30,2025-09-17,4,4
002977,2025-11-06,2025-11-19,2025-11-06,9,9
002981,2024-10-14,2024-10-25,2024-10-14,40,40
002981,2025-11-20,2025-12-03,2025-11-20,20,20
002982,2025-10-23,2025-11-05,2025-10-23,25,25
002985,2024-09-05,2024-09-20,2024-09-05,27,27
002987,2025-12-04,2025-12-17,2025-12-04,48,48
002991,2025-07-09,2025-07-22,2025-07-09,47,47
002995,2025-05-13,2025-05-26,2025-05-13,11,11
003000,2025-10-09,2025-10-22,2025-10-09,25,25
003003,2025-04-10,2025-04-23,2025-04-10,41,41
003004,2025-07-23,2025-08-05,2025-07-23,19,19
003016,2025-03-26,2025-04-23,"2025-03-26,2025-04-10",11,46
003022,2026-09-15,2026-09-18,2026-09-15,4,4
003025,2026-09-15,2026-09-18,2026-09-15,31,31
003027,2026-08-04,2026-08-17,2026-08-04,12,12
003032,2025-04-10,2025-05-12,"2025-04-10,2025-04-24",29,34
003032,2025-06-11,2025-06-24,2025-06-11,47,47
003035,2025-09-03,2025-09-16,2025-09-03,12,12
003038,2026-01-19,2026-01-30,2026-01-19,2,2
003039,2025-06-25,2025-07-08,2025-06-25,32,32
003040,2025-11-20,2025-12-17,"2025-11-20,2025-12-04",32,42
003042,2026-07-07,2026-07-20,2026-07-07,44,44
003043,2025-01-07,2025-01-20,2025-01-07,50,50
003816,2024-10-28,2025-01-06,"2024-10-28,2024-11-11,2024-11-25,2024-12-09,2024-12-23",14,42
300005,2025-01-21,2025-02-11,2025-01-21,41,41
300007,2026-04-08,2026-05-08,"2026-04-08,2026-04-22",6,44
300008,2025-01-21,2025-02-11,2025-01-21,23,23
300011,2026-06-08,2026-06-22,2026-06-08,13,13
300014,2026-09-15,2026-09-18,2026-09-15,40,40
300016,2025-01-21,2025-02-11,2025-01-21,31,31
300021,2025-10-23,2025-11-05,2025-10-23,12,12
300024,2026-04-08,2026-04-21,2026-04-08,43,43
300031,2025-11-20,2025-12-03,2025-11-20,36,36
300035,2026-07-21,2026-08-03,2026-07-21,32,32
300040,2025-10-09,2025-10-22,2025-10-09,23,23
300045,2025-01-21,2025-02-11,2025-01-21,47,47
300046,2025-11-20,2025-12-03,2025-11-20,47,47
300051,2026-07-21,2026-08-17,"2026-07-21,2026-08-04",29,18
300054,2024-09-23,2024-10-11,2024-09-23,43,43
300057,2025-05-13,2025-05-26,2025-05-13,41,41
300066,2026-09-15,2026-09-18,2026-09-15,45,45
300070,2025-02-12,2025-02-25,2025-02-12,3,3
300072,2026-06-23,2026-07-06,2026-06-23,17,17
300073,2024-07-25,2024-08-07,2024-07-25,45,45
300080,2026-06-23,2026-07-06,2026-06-23,39,39
300083,2025-06-11,2025-06-24,2025-06-11,49,49
300087,2025-07-09,2025-07-22,2025-07-09,39,39
300087,2026-08-04,2026-08-17,2026-08-04,49,49
300097,2025-02-12,2025-03-25,"2025-02-12,2025-02-26,2025-03-12",14,28
300098,2026-04-22,2026-05-08,2026-04-22,45,45
300105,2025-10-09,2025-10-22,2025-10-09,4,4
300121,2025-02-12,2025-02-25,2025-02-12,26,26
300122,2025-01-07,2025-01-20,2025-01-07,12,12
300128,2026-08-18,2026-08-31,2026-08-18,29,29
300130,2025-11-20,2025-12-03,2025-11-20,13,13
300143,2026-06-23,2026-07-06,2026-06-23,48,48
300144,2025-07-09,2025-08-05,"2025-07-09,2025-07-23",24,33
300149,2025-12-18,2025-12-31,2025-12-18,19,19
300157,2026-06-08,2026-06-22,2026-06-08,32,32
300160,2025-10-09,2025-10-22,2025-10-09,24,24
300161,2025-05-27,2025-06-10,2025-05-27,34,34
300165,2025-02-12,2025-03-25,"2025-02-12,2025-02-26,2025-03-12",5,5
300166,2026-09-15,2026-09-18,2026-09-15,38,38
300169,2025-11-06,2025-11-19,2025-11-06,50,50
300173,2026-02-02,2026-03-09,"2026-02-02,2026-02-24",43,43
300175,2025-02-12,2025-02-25,2025-02-12,33,33
300180,2025-10-09,2025-10-22,2025-10-09,45,45
300180,2025-11-06,2025-12-03,"2025-11-06,2025-11-20",39,38
300180,2026-05-25,2026-06-05,2026-05-25,21,21
300183,2025-06-11,2025-06-24,2025-06-11,39,39
300184,2026-01-05,2026-01-16,2026-01-05,12,12
300187,2024-07-25,2024-08-21,"2024-07-25,2024-08-08",39,1
300189,2026-06-08,2026-06-22,2026-06-08,42,42
300191,2025-01-07,2025-01-20,2025-01-07,21,21
300203,2025-12-04,2025-12-17,2025-12-04,18,18
300207,2026-07-21,2026-08-03,2026-07-21,26,26
300209,2025-08-06,2025-09-02,"2025-08-06,2025-08-20",21,27
300210,2025-01-21,2025-02-11,2025-01-21,50,50
300215,2024-09-05,2024-09-20,2024-09-05,44,44
300222,2026-09-15,2026-09-18,2026-09-15,47,47
300223,2025-05-27,2025-06-10,2025-05-27,15,15
300243,2025-02-12,2025-02-25,2025-02-12,28,28
300245,2025-11-06,2025-11-19,2025-11-06,15,15
300246,2025-10-09,2025-10-22,2025-10-09,17,17
300248,2025-11-06,2025-11-19,2025-11-06,26,26
300251,2025-05-27,2025-06-24,"2025-05-27,2025-06-11",5,20
300251,2026-05-25,2026-06-05,2026-05-25,4,4
300256,2025-08-06,2025-08-19,2025-08-06,41,41
300261,2025-01-21,2025-02-11,2025-01-21,9,9
300261,2026-05-25,2026-06-22,"2026-05-25,2026-06-08",13,24
300272,2026-07-07,2026-07-20,2026-07-07,39,39
300276,2026-04-08,2026-04-21,2026-04-08,29,29
300286,2024-08-22,2024-09-04,2024-08-22,39,39
300286,2026-08-18,2026-09-18,"2026-08-18,2026-09-01,2026-09-15",36,7
300294,2024-12-23,2025-01-20,"2024-12-23,2025-01-07",14,4
300296,2026-09-01,2026-09-14,2026-09-01,10,10
300298,2025-10-23,2025-11-05,2025-10-23,38,38
300307,2025-11-06,2025-11-19,2025-11-06,43,43
300314,2025-01-21,2025-02-11,2025-01-21,12,12
300315,2025-05-13,2025-05-26,2025-05-13,42,42
300316,2025-06-11,2025-07-08,"2025-06-11,2025-06-25",44,46
300318,2025-10-09,2025-10-22,2025-10-09,49,49
300320,2025-01-21,2025-02-25,"2025-01-21,2025-02-12",2,50
300332,2025-02-12,2025-03-11,"2025-02-12,2025-02-26",6,22
300332,2026-06-23,2026-07-06,2026-06-23,7,7
300333,2025-11-06,2025-11-19,2025-11-06,48,48
300337,2025-06-11,2025-06-24,2025-06-11,33,33
300348,2025-10-23,2025-11-05,2025-10-23,37,37
300354,2026-04-08,2026-04-21,2026-04-08,26,26
300376,2026-09-01,2026-09-14,2026-09-01,46,46
300377,2025-11-06,2025-11-19,2025-11-06,37,37
300384,2025-11-06,2025-11-19,2025-11-06,12,12
300386,2025-10-09,2025-10-22,2025-10-09,35,35
300388,2026-01-05,2026-03-09,"2026-01-05,2026-01-19,2026-02-02,2026-02-24",45,21
300389,2026-06-23,2026-07-06,2026-06-23,14,14
300389,2026-07-21,2026-08-03,2026-07-21,45,45
300393,2025-01-07,2025-01-20,2025-01-07,28,28
300393,2026-08-04,2026-08-31,"2026-08-04,2026-08-18",26,38
300401,2025-10-23,2025-11-19,"2025-10-23,2025-11-06",22,32
300413,2026-05-11,2026-05-22,2026-05-11,37,37
300418,2025-05-13,2025-05-26,2025-05-13,50,50
300425,2025-03-26,2025-04-09,2025-03-26,47,47
300428,2025-01-21,2025-02-11,2025-01-21,10,10
300434,2026-03-10,2026-03-23,2026-03-10,26,26
300435,2026-06-08,2026-06-22,2026-06-08,33,33
300435,2026-09-15,2026-09-18,2026-09-15,44,44
300437,2025-02-26,2025-03-11,2025-02-26,47,47
300441,2025-06-11,2025-07-08,"2025-06-11,2025-06-25",34,20
300445,2025-06-25,2025-07-08,2025-06-25,49,49
300446,2026-06-08,2026-06-22,2026-06-08,25,25
300459,2025-11-06,2025-11-19,2025-11-06,35,35
300462,2025-09-17,2025-09-30,2025-09-17,34,34
300465,2026-02-24,2026-03-09,2026-02-24,27,27
300471,2026-06-08,2026-07-06,"2026-06-08,2026-06-23",4,16
300473,2026-08-18,2026-08-31,2026-08-18,27,27
300481,2024-08-22,2024-09-04,2024-08-22,22,22
300483,2025-02-26,2025-03-11,2025-02-26,26,26
300487,2025-01-07,2025-01-20,2025-01-07,39,39
300489,2025-01-21,2025-02-11,2025-01-21,28,28
300490,2026-07-21,2026-08-03,2026-07-21,47,47
300497,2024-08-08,2024-08-21,2024-08-08,28,28
300497,2025-01-21,2025-02-11,2025-01-21,48,48
300505,2026-06-08,2026-06-22,2026-06-08,22,22
300508,2025-05-27,2025-06-10,2025-05-27,44,44
300525,2026-04-08,2026-05-22,"2026-04-08,2026-04-22,2026-05-11",23,40
300527,2025-10-23,2025-11-05,2025-10-23,31,31
300529,2025-12-04,2025-12-17,2025-12-04,10,10
300538,2026-02-24,2026-03-09,2026-02-24,36,36
300552,2025-05-13,2025-05-26,2025-05-13,19,19
300556,2025-05-13,2025-05-26,2025-05-13,34,34
300558,2025-12-04,2025-12-17,2025-12-04,24,24
300562,2025-10-23,2025-11-05,2025-10-23,27,27
300566,2025-05-27,2025-06-10,2025-05-27,46,46
300569,2026-06-23,2026-07-06,2026-06-23,18,18
300578,2025-05-13,2025-05-26,2025-05-13,48,48
300580,2025-12-18,2025-12-31,2025-12-18,15,15
300581,2025-02-12,2025-02-25,2025-02-12,47,47
300588,2025-05-13,2025-05-26,2025-05-13,35,35
300598,2026-02-24,2026-03-09,2026-02-24,48,48
300603,2026-01-05,2026-01-16,2026-01-05,35,35
300613,2025-11-20,2025-12-03,2025-11-20,14,14
300617,2025-05-27,2025-06-10,2025-05-27,41,41
300621,2025-02-12,2025-02-25,2025-02-12,10,10
300622,2026-04-22,2026-05-08,2026-04-22,31,31
300629,2025-11-06,2025-11-19,2025-11-06,13,13
300632,2025-05-13,2025-05-26,2025-05-13,22,22
300633,2025-12-18,2025-12-31,2025-12-18,50,50
300641,2025-06-25,2025-07-08,2025-06-25,9,9
300641,2026-01-05,2026-01-16,2026-01-05,11,11
300643,2024-09-23,2024-10-11,2024-09-23,22,22
300651,2026-09-01,2026-09-14,2026-09-01,27,27
300652,2026-04-08,2026-04-21,2026-04-08,3,3
300654,2025-10-23,2025-11-05,2025-10-23,32,32
300656,2025-11-20,2025-12-03,2025-11-20,29,29
300658,2026-07-07,2026-07-20,2026-07-07,47,47
300660,2026-04-08,2026-04-21,2026-04-08,33,33
300664,2026-07-07,2026-07-20,2026-07-07,40,40
300675,2026-01-19,2026-01-30,2026-01-19,11,11
300690,2026-06-23,2026-07-06,2026-06-23,42,42
300696,2024-09-23,2024-10-11,2024-09-23,11,11
300719,2025-10-23,2025-11-19,"2025-10-23,2025-11-06",45,41
300719,2026-05-25,2026-06-22,"2026-05-25,2026-06-08",5,31
300722,2025-01-07,2025-01-20,2025-01-07,31,31
300729,2024-07-25,2024-08-07,2024-07-25,7,7
300729,2025-08-06,2025-08-19,2025-08-06,11,11
300732,2025-01-07,2025-01-20,2025-01-07,38,38
300761,2025-07-09,2025-07-22,2025-07-09,42,42
300769,2026-09-15,2026-09-18,2026-09-15,37,37
300773,2025-11-20,2025-12-03,2025-11-20,50,50
300777,2026-08-18,2026-08-31,2026-08-18,22,22
300782,2024-09-05,2024-09-20,2024-09-05,46,46
300783,2026-04-22,2026-05-08,2026-04-22,6,6
300788,2025-05-13,2025-05-26,2025-05-13,38,38
300788,2026-07-21,2026-08-03,2026-07-21,40,40
300791,2026-03-24,2026-04-07,2026-03-24,24,24
300793,2026-04-08,2026-04-21,2026-04-08,39,39
300798,2026-07-21,2026-08-03,2026-07-21,42,42
300804,2025-09-17,2025-10-22,"2025-09-17,2025-10-09",38,32
300805,2026-05-11,2026-05-22,2026-05-11,11,11
300814,2025-05-27,2025-06-10,2025-05-27,29,29
300817,2025-11-06,2025-12-03,"2025-11-06,2025-11-20",24,19
300819,2024-08-22,2024-09-04,2024-08-22,45,45
300822,2026-02-24,2026-03-09,2026-02-24,23,23
300829,2024-08-08,2024-08-21,2024-08-08,16,16
300840,2025-11-06,2025-11-19,2025-11-06,27,27
300844,2026-01-05,2026-01-16,2026-01-05,27,27
300847,2025-10-09,2025-10-22,2025-10-09,19,19
300848,2025-10-23,2025-11-05,2025-10-23,35,35
300852,2024-09-23,2024-10-11,2024-09-23,8,8
300861,2026-09-15,2026-09-18,2026-09-15,10,10
300867,2025-08-20,2025-09-02,2025-08-20,23,23
300867,2025-09-17,2025-09-30,2025-09-17,6,6
300867,2026-02-24,2026-03-23,"2026-02-24,2026-03-10",35,6
300871,2024-08-08,2024-08-21,2024-08-08,41,41
300872,2025-11-20,2025-12-03,2025-11-20,42,42
300875,2026-06-23,2026-07-06,2026-06-23,21,21
300879,2025-12-04,2025-12-17,2025-12-04,8,8
300881,2026-08-18,2026-08-31,2026-08-18,19,19
300882,2026-09-15,2026-09-18,2026-09-15,46,46
300884,2026-04-08,2026-04-21,2026-04-08,49,49
300890,2026-02-02,2026-02-13,2026-02-02,39,39
300891,2024-08-08,2024-08-21,2024-08-08,39,39
300896,2025-02-12,2025-02-25,2025-02-12,43,43
300898,2026-03-24,2026-04-07,2026-03-24,32,32
300904,2026-01-05,2026-01-16,2026-01-05,23,23
300905,2024-08-22,2024-09-04,2024-08-22,41,41
300905,2026-08-04,2026-08-17,2026-08-04,9,9
300916,2026-08-04,2026-08-17,2026-08-04,37,37
300930,2024-09-23,2024-10-11,2024-09-23,41,41
300930,2026-09-01,2026-09-14,2026-09-01,37,37
300945,2026-06-08,2026-06-22,2026-06-08,23,23
300950,2026-01-05,2026-01-16,2026-01-05,37,37
300955,2026-09-01,2026-09-14,2026-09-01,41,41
300982,2025-10-09,2025-10-22,2025-10-09,40,40
300982,2026-08-04,2026-08-17,2026-08-04,30,30
300988,2024-09-23,2024-10-11,2024-09-23,15,15
300993,2024-08-08,2024-08-21,2024-08-08,36,36
300993,2026-04-22,2026-05-08,2026-04-22,30,30
301000,2026-04-08,2026-05-08,"2026-04-08,2026-04-22",46,39
301017,2025-09-17,2025-09-30,2025-09-17,19,19
301022,2025-11-20,2025-12-03,2025-11-20,26,26
301022,2025-12-18,2025-12-31,2025-12-18,37,37
301024,2025-10-09,2025-11-05,"2025-10-09,2025-10-23",26,33
301047,2025-01-07,2025-01-20,2025-01-07,36,36
301050,2025-11-06,2025-12-03,"2025-11-06,2025-11-20",30,46
301052,2026-01-05,2026-01-16,2026-01-05,9,9
301077,2026-08-04,2026-08-17,2026-08-04,13,13
301078,2026-04-22,2026-05-08,2026-04-22,21,21
301101,2025-08-06,2025-08-19,2025-08-06,44,44
301116,2025-07-09,2025-07-22,2025-07-09,37,37
301116,2026-02-24,2026-03-09,2026-02-24,47,47
301132,2024-09-23,2024-10-11,2024-09-23,38,38
301136,2025-01-21,2025-02-25,"2025-01-21,2025-02-12",22,35
301136,2025-10-09,2025-10-22,2025-10-09,27,27
301148,2026-08-04,2026-08-17,2026-08-04,41,41
301149,2025-10-23,2025-11-05,2025-10-23,50,50
301153,2025-11-06,2025-12-03,"2025-11-06,2025-11-20",25,8
301162,2024-09-05,2024-09-20,2024-09-05,13,13
301170,2024-09-23,2024-10-11,2024-09-23,30,30
301176,2024-09-23,2024-10-11,2024-09-23,37,37
301177,2025-12-04,2025-12-17,2025-12-04,2,2
301188,2025-11-06,2025-12-03,"2025-11-06,2025-11-20",23,1
301190,2025-12-18,2026-01-16,"2025-12-18,2026-01-05",28,25
301195,2025-11-06,2025-11-19,2025-11-06,22,22
301208,2025-11-20,2025-12-03,2025-11-20,4,4
301210,2026-01-05,2026-01-16,2026-01-05,44,44
301227,2024-07-25,2024-08-07,2024-07-25,23,23
301229,2024-09-05,2024-10-11,"2024-09-05,2024-09-23",11,6
301238,2026-09-15,2026-09-18,2026-09-15,18,18
301255,2025-11-20,2025-12-03,2025-11-20,33,33
301255,2025-12-18,2025-12-31,2025-12-18,31,31
301255,2026-08-18,2026-08-31,2026-08-18,5,5
301257,2026-06-08,2026-06-22,2026-06-08,50,50
301260,2025-12-18,2025-12-31,2025-12-18,34,34
301261,2026-04-22,2026-05-08,2026-04-22,29,29
301272,2024-08-22,2024-09-04,2024-08-22,36,36
301276,2025-11-06,2025-11-19,2025-11-06,4,4
301277,2025-09-03,2025-09-16,2025-09-03,23,23
301278,2026-07-21,2026-08-03,2026-07-21,14,14
301279,2024-09-23,2024-10-11,2024-09-23,7,7
301281,2025-01-21,2025-02-25,"2025-01-21,2025-02-12",11,44
301281,2025-11-06,2025-11-19,2025-11-06,42,42
301292,2025-01-21,2025-02-11,2025-01-21,8,8
301297,2025-11-20,2025-12-03,2025-11-20,45,45
301299,2025-10-23,2025-11-05,2025-10-23,42,42
301302,2026-09-01,2026-09-14,2026-09-01,42,42
301308,2024-09-23,2024-10-11,2024-09-23,21,21
301318,2025-11-06,2025-12-03,"2025-11-06,2025-11-20",7,41
301325,2026-01-05,2026-01-16,2026-01-05,24,24
301325,2026-08-18,2026-08-31,2026-08-18,47,47
301327,2026-06-23,2026-07-06,2026-06-23,34,34
301327,2026-07-21,2026-08-03,2026-07-21,18,18
301339,2025-10-23,2025-11-19,"2025-10-23,2025-11-06",48,21
301345,2024-08-08,2024-09-04,"2024-08-08,2024-08-22",40,42
301357,2025-02-12,2025-02-25,2025-02-12,37,37
301358,2024-08-08,2024-09-04,"2024-08-08,2024-08-22",50,15
301360,2025-05-13,2025-05-26,2025-05-13,31,31
301367,2025-01-07,2025-01-20,2025-01-07,11,11
301371,2024-08-08,2024-08-21,2024-08-08,38,38
301372,2024-09-23,2024-10-11,2024-09-23,14,14
301376,2024-08-08,2024-08-21,2024-08-08,18,18
301376,2025-08-06,2025-08-19,2025-08-06,17,17
301383,2025-11-20,2025-12-03,2025-11-20,17,17
301408,2025-10-23,2025-11-05,2025-10-23,36,36
301428,2026-09-15,2026-09-18,2026-09-15,27,27
301479,2026-08-04,2026-08-17,2026-08-04,11,11
301491,2026-01-05,2026-01-16,2026-01-05,4,4
301500,2026-01-05,2026-01-16,2026-01-05,50,50
301501,2025-11-20,2025-12-03,2025-11-20,44,44
301513,2026-08-18,2026-08-31,2026-08-18,49,49
301519,2024-09-23,2024-10-11,2024-09-23,1,1
301520,2025-10-23,2025-11-05,2025-10-23,23,23
301526,2024-09-05,2024-09-20,2024-09-05,50,50
301526,2025-03-12,2025-03-25,2025-03-12,40,40
301535,2026-06-08,2026-06-22,2026-06-08,29,29
301538,2024-09-23,2024-10-11,2024-09-23,33,33
301539,2024-09-05,2024-10-11,"2024-09-05,2024-09-23",21,19
301548,2024-09-23,2024-10-11,2024-09-23,23,23
301559,2025-01-07,2025-01-20,2025-01-07,42,42
301560,2025-08-06,2025-08-19,2025-08-06,22,22
301560,2026-08-04,2026-08-17,2026-08-04,31,31
301565,2024-09-23,2024-10-11,2024-09-23,49,49
301577,2024-09-23,2024-10-11,2024-09-23,29,29
301580,2024-09-23,2024-10-11,2024-09-23,3,3
301581,2025-11-20,2025-12-03,2025-11-20,5,5
301581,2026-09-15,2026-09-18,2026-09-15,23,23
301584,2026-03-10,2026-03-23,2026-03-10,13,13
301586,2025-11-06,2025-12-03,"2025-11-06,2025-11-20",44,25
301586,2026-04-22,2026-05-08,2026-04-22,50,50
301588,2024-09-05,2024-09-20,2024-09-05,40,40
301589,2025-05-27,2025-06-10,2025-05-27,50,50
301591,2024-09-23,2024-10-11,2024-09-23,26,26
301591,2025-11-06,2025-11-19,2025-11-06,16,16
301592,2025-11-06,2025-11-19,2025-11-06,33,33
301596,2025-11-20,2025-12-03,2025-11-20,21,21
301596,2025-12-18,2025-12-31,2025-12-18,21,21
301601,2025-10-09,2025-11-05,"2025-10-09,2025-10-23",50,39
301609,2026-01-05,2026-01-16,2026-01-05,13,13
301613,2025-01-21,2025-02-11,2025-01-21,16,16
301618,2025-01-07,2025-01-20,2025-01-07,34,34
301622,2025-11-20,2025-12-17,"2025-11-20,2025-12-04",12,41
301629,2025-08-06,2025-08-19,2025-08-06,40,40
301632,2025-11-20,2025-12-03,2025-11-20,28,28
301632,2026-01-19,2026-01-30,2026-01-19,32,32
301636,2026-06-23,2026-08-03,"2026-06-23,2026-07-07,2026-07-21",49,23
301658,2026-07-07,2026-08-17,"2026-07-07,2026-07-21,2026-08-04",30,5
301665,2025-08-20,2025-09-02,2025-08-20,30,30
301668,2026-06-08,2026-08-03,"2026-06-08,2026-06-23,2026-07-07,2026-07-21",26,39
301678,2026-04-22,2026-05-08,2026-04-22,46,46
301683,2026-09-01,2026-09-18,"2026-09-01,2026-09-15",45,5
600006,2024-10-28,2024-11-08,2024-10-28,43,43
600006,2026-02-02,2026-03-09,"2026-02-02,2026-02-24",50,41
600008,2026-01-19,2026-01-30,2026-01-19,4,4
600009,2026-03-24,2026-04-07,2026-03-24,48,48
600011,2024-10-14,2025-01-06,"2024-10-14,2024-10-28,2024-11-11,2024-11-25,2024-12-09,2024-12-23",11,34
600012,2024-11-11,2024-11-22,2024-11-11,28,28
600012,2026-02-02,2026-02-13,2026-02-02,16,16
600016,2026-01-19,2026-01-30,2026-01-19,39,39
600018,2024-10-28,2024-11-22,"2024-10-28,2024-11-11",25,35
600023,2024-10-14,2024-11-22,"2024-10-14,2024-10-28,2024-11-11",33,17
600025,2024-10-28,2024-12-20,"2024-10-28,2024-11-11,2024-11-25,2024-12-09",5,47
600025,2025-08-20,2025-09-02,2025-08-20,2,2
600026,2024-12-09,2024-12-20,2024-12-09,38,38
600026,2025-04-24,2025-05-12,2025-04-24,11,11
600027,2024-10-14,2024-11-08,"2024-10-14,2024-10-28",19,3
600027,2024-11-25,2024-12-20,"2024-11-25,2024-12-09",48,16
600027,2026-02-02,2026-02-13,2026-02-02,4,4
600028,2024-10-28,2024-12-06,"2024-10-28,2024-11-11,2024-11-25",50,21
600028,2025-03-26,2025-04-09,2025-03-26,24,24
600028,2026-05-25,2026-06-05,2026-05-25,42,42
600031,2024-12-09,2025-01-06,"2024-12-09,2024-12-23",40,33
600032,2025-07-09,2025-07-22,2025-07-09,46,46
600032,2025-08-20,2025-09-02,2025-08-20,35,35
600033,2024-10-28,2024-11-22,"2024-10-28,2024-11-11",18,47
600035,2024-10-28,2024-12-06,"2024-10-28,2024-11-11,2024-11-25",16,14
600035,2026-01-19,2026-01-30,2026-01-19,40,40
600038,2024-12-23,2025-01-06,2024-12-23,41,41
600050,2025-05-27,2025-06-10,2025-05-27,8,8
600057,2024-09-05,2024-09-20,2024-09-05,34,34
600058,2024-07-25,2024-08-07,2024-07-25,37,37
600059,2025-08-20,2025-09-02,2025-08-20,13,13
600059,2026-05-11,2026-05-22,2026-05-11,49,49
600063,2026-09-15,2026-09-18,2026-09-15,3,3
600071,2025-04-24,2025-05-12,2025-04-24,33,33
600088,2025-03-26,2025-04-09,2025-03-26,6,6
600094,2025-07-09,2025-07-22,2025-07-09,38,38
600100,2025-05-27,2025-06-10,2025-05-27,10,10
600101,2024-10-14,2024-10-25,2024-10-14,37,37
600101,2025-08-20,2025-09-02,2025-08-20,39,39
600101,2025-10-09,2025-10-22,2025-10-09,1,1
600103,2026-07-21,2026-08-03,2026-07-21,25,25
600104,2025-04-10,2025-04-23,2025-04-10,17,17
600104,2025-11-20,2025-12-03,2025-11-20,35,35
600108,2025-07-09,2025-07-22,2025-07-09,26,26
600108,2026-06-08,2026-06-22,2026-06-08,20,20
600110,2025-02-12,2025-02-25,2025-02-12,30,30
600111,2026-09-15,2026-09-18,2026-09-15,39,39
600115,2024-11-11,2024-11-22,2024-11-11,18,18
600116,2025-08-20,2025-09-30,"2025-08-20,2025-09-03,2025-09-17",47,45
600117,2025-11-06,2025-11-19,2025-11-06,6,6
600120,2025-05-13,2025-05-26,2025-05-13,3,3
600121,2025-02-12,2025-03-11,"2025-02-12,2025-02-26",7,24
600123,2025-02-26,2025-03-25,"2025-02-26,2025-03-12",31,13
600123,2026-01-19,2026-01-30,2026-01-19,5,5
600125,2024-10-28,2024-11-08,2024-10-28,44,44
600126,2024-09-23,2024-10-11,2024-09-23,28,28
600126,2026-01-05,2026-01-16,2026-01-05,33,33
600127,2026-07-07,2026-07-20,2026-07-07,7,7
600133,2025-01-21,2025-02-11,2025-01-21,34,34
600135,2025-02-26,2025-03-11,2025-02-26,50,50
600135,2026-08-04,2026-08-31,"2026-08-04,2026-08-18",6,25
600138,2025-06-25,2025-07-08,2025-06-25,31,31
600148,2025-10-09,2025-10-22,2025-10-09,5,5
600152,2026-08-04,2026-08-17,2026-08-04,47,47
600153,2024-08-08,2024-08-21,2024-08-08,22,22
600155,2025-05-13,2025-05-26,2025-05-13,10,10
600155,2026-02-24,2026-03-09,2026-02-24,18,18
600157,2025-03-12,2025-04-09,"2025-03-12,2025-03-26",3,15
600157,2025-05-13,2025-05-26,2025-05-13,28,28
600158,2026-08-04,2026-08-17,2026-08-04,14,14
600158,2026-09-01,2026-09-14,2026-09-01,17,17
600161,2024-11-25,2025-01-06,"2024-11-25,2024-12-09,2024-12-23",41,15
600161,2025-07-09,2025-07-22,2025-07-09,21,21
600162,2026-01-19,2026-01-30,2026-01-19,41,41
600166,2024-10-28,2024-11-08,2024-10-28,27,27
600167,2026-02-24,2026-03-23,"2026-02-24,2026-03-10",14,8
600168,2025-02-12,2025-02-25,2025-02-12,11,11
600168,2026-01-19,2026-01-30,2026-01-19,1,1
600170,2026-01-05,2026-01-16,2026-01-05,21,21
600171,2026-09-15,2026-09-18,2026-09-15,2,2
600173,2026-01-05,2026-01-30,"2026-01-05,2026-01-19",41,29
600178,2025-11-20,2025-12-03,2025-11-20,39,39
600185,2025-02-26,2025-03-11,2025-02-26,33,33
600185,2025-07-09,2025-07-22,2025-07-09,16,16
600186,2025-07-09,2025-07-22,2025-07-09,15,15
600188,2024-12-09,2024-12-20,2024-12-09,39,39
600189,2025-08-20,2025-09-02,2025-08-20,8,8
600198,2026-04-22,2026-05-08,2026-04-22,4,4
600199,2025-02-12,2025-02-25,2025-02-12,19,19
600199,2026-05-11,2026-05-22,2026-05-11,1,1
600201,2024-08-08,2024-09-04,"2024-08-08,2024-08-22",14,29
600203,2026-03-10,2026-03-23,2026-03-10,40,40
600207,2026-09-01,2026-09-14,2026-09-01,11,11
600208,2026-08-04,2026-08-17,2026-08-04,17,17
600210,2025-02-12,2025-02-25,2025-02-12,1,1
600211,2025-12-18,2025-12-31,2025-12-18,22,22
600215,2025-07-23,2025-08-05,2025-07-23,20,20
600217,2025-01-21,2025-02-11,2025-01-21,35,35
600221,2025-03-12,2025-04-23,"2025-03-12,2025-03-26,2025-04-10",18,5
600223,2025-09-03,2025-09-16,2025-09-03,17,17
600229,2025-10-09,2025-10-22,2025-10-09,39,39
600230,2025-10-23,2025-11-05,2025-10-23,7,7
600233,2025-01-07,2025-01-20,2025-01-07,22,22
600248,2025-06-25,2025-07-08,2025-06-25,19,19
600249,2025-08-20,2025-09-16,"2025-08-20,2025-09-03",24,50
600250,2026-07-07,2026-07-20,2026-07-07,1,1
600255,2025-04-24,2025-05-12,2025-04-24,16,16
600255,2026-09-01,2026-09-14,2026-09-01,29,29
600257,2024-07-25,2024-08-07,2024-07-25,28,28
600257,2026-07-07,2026-07-20,2026-07-07,11,11
600262,2024-10-28,2024-11-22,"2024-10-28,2024-11-11",46,26
600269,2024-10-28,2024-11-08,2024-10-28,29,29
600271,2026-04-08,2026-04-21,2026-04-08,35,35
600272,2026-03-10,2026-04-07,"2026-03-10,2026-03-24",4,42
600273,2026-05-11,2026-06-05,"2026-05-11,2026-05-25",30,39
600279,2025-08-20,2025-09-30,"2025-08-20,2025-09-03,2025-09-17",16,5
600279,2026-09-01,2026-09-14,2026-09-01,21,21
600280,2026-03-24,2026-04-07,2026-03-24,38,38
600280,2026-04-22,2026-05-08,2026-04-22,27,27
600282,2024-09-23,2024-10-11,2024-09-23,48,48
600283,2025-09-03,2025-09-16,2025-09-03,47,47
600292,2025-07-09,2025-08-19,"2025-07-09,2025-07-23,2025-08-06",49,15
600293,2025-03-12,2025-03-25,2025-03-12,4,4
600300,2025-07-23,2025-08-05,2025-07-23,15,15
600300,2025-08-20,2025-09-16,"2025-08-20,2025-09-03",46,14
600301,2024-10-14,2024-10-25,2024-10-14,15,15
600303,2024-10-28,2024-11-08,2024-10-28,39,39
600307,2026-06-23,2026-07-06,2026-06-23,13,13
600308,2025-07-23,2025-08-05,2025-07-23,2,2
600309,2024-12-23,2025-01-06,2024-12-23,46,46
600309,2025-06-25,2025-07-08,2025-06-25,16,16
600310,2025-01-21,2025-02-11,2025-01-21,43,43
600310,2025-09-03,2025-09-16,2025-09-03,29,29
600310,2025-10-09,2025-10-22,2025-10-09,38,38
600313,2025-07-09,2025-07-22,2025-07-09,9,9
600313,2026-07-07,2026-07-20,2026-07-07,5,5
600316,2025-11-20,2025-12-03,2025-11-20,37,37
600318,2026-06-08,2026-06-22,2026-06-08,5,5
600319,2026-02-24,2026-03-09,2026-02-24,29,29
600320,2025-06-25,2025-07-08,2025-06-25,10,10
600323,2024-11-25,2024-12-06,2024-11-25,34,34
600327,2026-03-10,2026-04-07,"2026-03-10,2026-03-24",33,12
600328,2026-07-21,2026-08-03,2026-07-21,38,38
600332,2024-11-11,2024-12-06,"2024-11-11,2024-11-25",9,23
600333,2025-02-26,2025-04-09,"2025-02-26,2025-03-12,2025-03-26",11,22
600336,2026-08-18,2026-08-31,2026-08-18,31,31
600339,2025-03-12,2025-03-25,2025-03-12,48,48
600348,2024-09-05,2024-10-11,"2024-09-05,2024-09-23",24,50
600350,2024-11-25,2024-12-20,"2024-11-25,2024-12-09",10,11
600350,2025-08-20,2025-09-30,"2025-08-20,2025-09-03,2025-09-17",12,24
600351,2025-11-06,2025-11-19,2025-11-06,49,49
600352,2026-05-25,2026-06-22,"2026-05-25,2026-06-08",10,27
600354,2026-06-08,2026-06-22,2026-06-08,30,30
600362,2024-12-23,2025-01-06,2024-12-23,17,17
600367,2024-08-22,2024-09-04,2024-08-22,25,25
600368,2024-11-11,2024-11-22,2024-11-11,30,30
600368,2025-07-09,2025-07-22,2025-07-09,17,17
600368,2026-02-02,2026-02-13,2026-02-02,11,11
600373,2025-03-12,2025-04-09,"2025-03-12,2025-03-26",19,1
600375,2026-01-05,2026-01-16,2026-01-05,38,38
600377,2024-11-11,2024-12-06,"2024-11-11,2024-11-25",34,22
600377,2025-08-20,2025-09-30,"2025-08-20,2025-09-03,2025-09-17",25,44
600377,2026-02-02,2026-02-13,2026-02-02,13,13
600382,2026-09-01,2026-09-14,2026-09-01,39,39
600389,2024-08-08,2024-08-21,2024-08-08,20,20
600390,2025-03-26,2025-04-09,2025-03-26,49,49
600395,2025-02-26,2025-03-11,2025-02-26,18,18
600396,2024-09-05,2024-09-20,2024-09-05,42,42
600396,2025-10-09,2025-10-22,2025-10-09,7,7
600399,2025-01-21,2025-02-11,2025-01-21,45,45
600399,2025-06-11,2025-07-08,"2025-06-11,2025-06-25",2,18
600399,2025-10-23,2025-11-05,2025-10-23,11,11
600399,2026-06-08,2026-06-22,2026-06-08,35,35
600400,2025-02-26,2025-03-11,2025-02-26,17,17
600405,2025-04-10,2025-04-23,2025-04-10,33,33
600406,2024-12-09,2025-01-06,"2024-12-09,2024-12-23",18,12
600409,2025-06-25,2025-07-08,2025-06-25,29,29
600416,2026-08-18,2026-08-31,2026-08-18,21,21
600425,2025-02-26,2025-03-11,2025-02-26,30,30
600425,2026-01-19,2026-01-30,2026-01-19,42,42
600426,2024-12-09,2024-12-20,2024-12-09,45,45
600429,2026-07-07,2026-07-20,2026-07-07,25,25
600446,2025-11-20,2025-12-17,"2025-11-20,2025-12-04",24,43
600448,2025-08-06,2025-08-19,2025-08-06,49,49
600461,2024-11-11,2024-12-20,"2024-11-11,2024-11-25,2024-12-09",22,6
600463,2025-01-21,2025-02-11,2025-01-21,36,36
600468,2025-09-03,2025-09-30,"2025-09-03,2025-09-17",19,40
600468,2026-06-23,2026-07-06,2026-06-23,29,29
600470,2025-02-26,2025-03-11,2025-02-26,6,6
600470,2025-08-20,2025-09-16,"2025-08-20,2025-09-03",36,21
600477,2025-05-13,2025-05-26,2025-05-13,18,18
600477,2026-05-25,2026-06-05,2026-05-25,3,3
600478,2026-07-21,2026-08-03,2026-07-21,12,12
600479,2025-02-26,2025-03-25,"2025-02-26,2025-03-12",1,44
600481,2025-04-24,2025-05-12,2025-04-24,27,27
600481,2026-08-18,2026-08-31,2026-08-18,11,11
600483,2026-02-24,2026-03-09,2026-02-24,49,49
600489,2024-12-23,2025-01-06,2024-12-23,20,20
600490,2024-07-25,2024-09-04,"2024-07-25,2024-08-08,2024-08-22",22,28
600497,2024-10-14,2024-10-25,2024-10-14,20,20
600503,2025-12-18,2026-02-13,"2025-12-18,2026-01-05,2026-01-19,2026-02-02",14,40
600505,2024-09-05,2024-10-11,"2024-09-05,2024-09-23",37,34
600505,2025-08-20,2025-09-02,2025-08-20,42,42
600505,2026-09-01,2026-09-14,2026-09-01,2,2
600508,2026-01-19,2026-01-30,2026-01-19,25,25
600509,2025-01-21,2025-02-11,2025-01-21,14,14
600511,2024-11-11,2024-11-22,2024-11-11,20,20
600515,2026-04-08,2026-05-08,"2026-04-08,2026-04-22",17,38
600517,2026-06-08,2026-06-22,2026-06-08,46,46
600518,2025-03-12,2025-04-09,"2025-03-12,2025-03-26",6,42
600519,2024-12-09,2024-12-20,2024-12-09,46,46
600521,2025-12-04,2025-12-31,"2025-12-04,2025-12-18",38,48
600525,2025-06-25,2025-07-08,2025-06-25,14,14
600525,2025-07-23,2025-08-05,2025-07-23,21,21
600529,2024-12-09,2024-12-20,2024-12-09,33,33
600529,2025-03-26,2025-04-09,2025-03-26,5,5
600535,2024-12-09,2025-01-06,"2024-12-09,2024-12-23",23,39
600538,2024-08-22,2024-09-04,2024-08-22,48,48
600545,2025-04-24,2025-05-12,2025-04-24,35,35
600547,2024-11-25,2025-01-06,"2024-11-25,2024-12-09,2024-12-23",40,6
600548,2024-10-28,2024-12-06,"2024-10-28,2024-11-11,2024-11-25",1,12
600548,2025-08-20,2025-09-02,2025-08-20,29,29
600548,2026-01-19,2026-02-13,"2026-01-19,2026-02-02",28,2
600550,2025-01-07,2025-02-11,"2025-01-07,2025-01-21",46,5
600550,2025-08-20,2025-09-02,2025-08-20,22,22
600551,2025-03-12,2025-03-25,2025-03-12,42,42
600556,2025-04-24,2025-05-12,2025-04-24,49,49
600557,2024-10-28,2024-11-08,2024-10-28,40,40
600567,2025-03-12,2025-04-09,"2025-03-12,2025-03-26",47,37
600570,2025-05-13,2025-05-26,2025-05-13,27,27
600571,2025-10-09,2025-10-22,2025-10-09,20,20
600575,2025-03-26,2025-04-09,2025-03-26,28,28
600575,2025-08-06,2025-09-16,"2025-08-06,2025-08-20,2025-09-03",14,6
600575,2026-02-02,2026-02-13,2026-02-02,27,27
600580,2024-07-25,2024-08-07,2024-07-25,16,16
600584,2025-04-24,2025-05-12,2025-04-24,42,42
600586,2025-01-21,2025-02-25,"2025-01-21,2025-02-12",27,46
600586,2025-06-25,2025-07-08,2025-06-25,15,15
600590,2025-11-20,2025-12-03,2025-11-20,11,11
600590,2026-07-21,2026-08-03,2026-07-21,48,48
600592,2026-03-10,2026-03-23,2026-03-10,45,45
600592,2026-04-08,2026-04-21,2026-04-08,11,11
600598,2025-07-09,2025-07-22,2025-07-09,7,7
600600,2025-07-23,2025-08-05,2025-07-23,29,29
600601,2025-04-24,2025-05-26,"2025-04-24,2025-05-13",8,43
600602,2025-06-11,2025-06-24,2025-06-11,22,22
600603,2025-12-18,2025-12-31,2025-12-18,36,36
600610,2025-10-09,2025-10-22,2025-10-09,36,36
600612,2024-08-22,2024-09-04,2024-08-22,6,6
600612,2025-09-03,2025-09-16,2025-09-03,3,3
600612,2025-12-18,2025-12-31,2025-12-18,29,29
600616,2025-08-20,2025-09-02,2025-08-20,33,33
600617,2025-03-12,2025-03-25,2025-03-12,20,20
600618,2025-04-10,2025-04-23,2025-04-10,37,37
600618,2026-05-11,2026-05-22,2026-05-11,28,28
600622,2024-08-08,2024-08-21,2024-08-08,43,43
600630,2026-02-24,2026-03-23,"2026-02-24,2026-03-10",46,9
600635,2026-04-22,2026-05-08,2026-04-22,48,48
600640,2026-01-05,2026-01-16,2026-01-05,43,43
600642,2024-10-14,2024-11-08,"2024-10-14,2024-10-28",34,4
600642,2025-08-20,2025-09-16,"2025-08-20,2025-09-03",15,35
600644,2024-08-22,2024-09-20,"2024-08-22,2024-09-05",47,18
600644,2025-10-09,2025-10-22,2025-10-09,10,10
600645,2026-06-08,2026-07-06,"2026-06-08,2026-06-23",18,20
600649,2026-05-25,2026-06-05,2026-05-25,45,45
600650,2025-10-23,2025-11-05,2025-10-23,43,43
600650,2026-04-22,2026-05-22,"2026-04-22,2026-05-11",25,46
600651,2025-05-27,2025-06-10,2025-05-27,39,39
600655,2025-03-26,2025-04-09,2025-03-26,39,39
600658,2025-01-21,2025-02-11,2025-01-21,4,4
600664,2025-04-10,2025-04-23,2025-04-10,19,19
600667,2025-02-12,2025-02-25,2025-02-12,49,49
600668,2026-06-08,2026-07-06,"2026-06-08,2026-06-23",39,22
600673,2025-04-10,2025-04-23,2025-04-10,7,7
600674,2024-11-11,2024-12-06,"2024-11-11,2024-11-25",39,15
600674,2025-03-26,2025-04-09,2025-03-26,34,34
600675,2026-01-19,2026-01-30,2026-01-19,15,15
600679,2026-03-10,2026-03-23,2026-03-10,15,15
600681,2026-06-23,2026-07-06,2026-06-23,8,8
600682,2024-08-08,2024-08-21,2024-08-08,19,19
600685,2024-12-09,2025-01-06,"2024-12-09,2024-12-23",27,11
600691,2025-03-12,2025-03-25,2025-03-12,7,7
600693,2025-07-09,2025-07-22,2025-07-09,50,50
600693,2025-08-06,2025-08-19,2025-08-06,7,7
600693,2026-04-08,2026-04-21,2026-04-08,45,45
600699,2026-08-18,2026-08-31,2026-08-18,46,46
600702,2025-02-12,2025-02-25,2025-02-12,12,12
600702,2026-05-11,2026-05-22,2026-05-11,20,20
600707,2025-04-24,2025-05-12,2025-04-24,20,20
600711,2024-10-14,2024-11-08,"2024-10-14,2024-10-28",31,13
600712,2026-02-24,2026-03-09,2026-02-24,45,45
600718,2025-06-11,2025-07-08,"2025-06-11,2025-06-25",1,43
600718,2026-04-22,2026-05-08,2026-04-22,22,22
600719,2025-08-20,2025-09-30,"2025-08-20,2025-09-03,2025-09-17",7,33
600720,2025-01-07,2025-02-11,"2025-01-07,2025-01-21",26,37
600724,2025-04-10,2025-05-12,"2025-04-10,2025-04-24",36,21
600727,2024-10-14,2024-10-25,2024-10-14,50,50
600729,2026-03-10,2026-03-23,2026-03-10,46,46
600733,2024-10-14,2024-10-25,2024-10-14,48,48
600738,2025-09-03,2025-09-30,"2025-09-03,2025-09-17",20,16
600738,2025-10-23,2025-11-05,2025-10-23,20,20
600743,2025-03-26,2025-04-23,"2025-03-26,2025-04-10",45,3
600743,2026-02-02,2026-02-13,2026-02-02,9,9
600744,2024-08-22,2024-09-20,"2024-08-22,2024-09-05",32,49
600746,2025-07-23,2025-08-05,2025-07-23,13,13
600746,2025-10-09,2025-10-22,2025-10-09,44,44
600746,2026-07-07,2026-07-20,2026-07-07,12,12
600749,2025-12-04,2025-12-31,"2025-12-04,2025-12-18",7,12
600754,2025-06-25,2025-07-08,2025-06-25,22,22
600756,2025-01-21,2025-02-11,2025-01-21,38,38
600756,2026-02-24,2026-03-09,2026-02-24,38,38
600758,2026-01-19,2026-01-30,2026-01-19,16,16
600761,2025-05-27,2025-06-10,2025-05-27,23,23
600764,2026-05-25,2026-06-05,2026-05-25,50,50
600765,2026-05-25,2026-06-05,2026-05-25,6,6
600773,2025-02-26,2025-03-11,2025-02-26,44,44
600774,2024-09-05,2024-09-20,2024-09-05,17,17
600779,2025-02-12,2025-02-25,2025-02-12,31,31
600779,2026-05-11,2026-05-22,2026-05-11,2,2
600782,2026-05-25,2026-06-22,"2026-05-25,2026-06-08",2,3
600787,2025-03-12,2025-04-09,"2025-03-12,2025-03-26",27,3
600789,2025-09-03,2025-09-16,2025-09-03,2,2
600790,2025-03-12,2025-04-09,"2025-03-12,2025-03-26",29,20
600792,2025-02-12,2025-03-11,"2025-02-12,2025-02-26",13,46
600793,2025-03-26,2025-04-09,2025-03-26,19,19
600793,2025-10-09,2025-10-22,2025-10-09,47,47
600794,2025-09-17,2025-10-22,"2025-09-17,2025-10-09",18,28
600795,2024-10-14,2025-01-06,"2024-10-14,2024-10-28,2024-11-11,2024-11-25,2024-12-09,2024-12-23",4,37
600796,2025-03-12,2025-03-25,2025-03-12,9,9
600798,2025-09-17,2025-09-30,2025-09-17,41,41
600800,2025-02-26,2025-03-25,"2025-02-26,2025-03-12",36,37
600802,2026-03-10,2026-03-23,2026-03-10,28,28
600803,2024-12-09,2024-12-20,2024-12-09,48,48
600814,2025-07-23,2025-08-05,2025-07-23,18,18
600816,2025-12-18,2025-12-31,2025-12-18,45,45
600821,2025-06-25,2025-07-08,2025-06-25,50,50
600821,2026-01-05,2026-01-16,2026-01-05,39,39
600822,2025-02-26,2025-03-11,2025-02-26,35,35
600824,2025-08-06,2025-08-19,2025-08-06,33,33
600827,2025-03-26,2025-04-09,2025-03-26,26,26
600827,2025-07-09,2025-07-22,2025-07-09,2,2
600828,2026-05-11,2026-06-05,"2026-05-11,2026-05-25",8,34
600829,2026-03-10,2026-03-23,2026-03-10,44,44
600831,2024-10-14,2024-10-25,2024-10-14,25,25
600834,2024-10-28,2024-11-08,2024-10-28,22,22
600834,2025-02-12,2025-02-25,2025-02-12,22,22
600839,2025-11-20,2025-12-03,2025-11-20,27,27
600841,2025-11-20,2025-12-03,2025-11-20,48,48
600843,2026-04-08,2026-04-21,2026-04-08,22,22
600844,2025-09-17,2025-09-30,2025-09-17,13,13
600844,2026-07-07,2026-07-20,2026-07-07,9,9
600845,2024-12-23,2025-01-06,2024-12-23,43,43
600845,2025-05-13,2025-06-24,"2025-05-13,2025-05-27,2025-06-11",33,42
600850,2025-05-27,2025-06-10,2025-05-27,43,43
600857,2026-02-02,2026-02-13,2026-02-02,38,38
600857,2026-03-10,2026-03-23,2026-03-10,20,20
600858,2026-04-22,2026-05-08,2026-04-22,8,8
600859,2025-07-09,2025-07-22,2025-07-09,5,5
600859,2026-04-08,2026-05-08,"2026-04-08,2026-04-22",21,7
600860,2026-06-08,2026-06-22,2026-06-08,14,14
600862,2026-06-08,2026-06-22,2026-06-08,19,19
600863,2024-12-09,2024-12-20,2024-12-09,15,15
600864,2025-03-26,2025-04-09,2025-03-26,8,8
600865,2025-07-23,2025-08-05,2025-07-23,3,3
600865,2026-04-08,2026-05-08,"2026-04-08,2026-04-22",5,47
600866,2026-06-08,2026-07-20,"2026-06-08,2026-06-23,2026-07-07",12,33
600871,2025-03-12,2025-03-25,2025-03-12,45,45
600871,2026-06-08,2026-06-22,2026-06-08,40,40
600876,2025-10-09,2025-10-22,2025-10-09,43,43
600880,2025-05-13,2025-05-26,2025-05-13,9,9
600881,2025-04-10,2025-04-23,2025-04-10,20,20
600881,2026-02-24,2026-03-09,2026-02-24,2,2
600882,2026-03-24,2026-04-07,2026-03-24,46,46
600884,2024-08-08,2024-09-04,"2024-08-08,2024-08-22",46,14
600884,2025-02-12,2025-02-25,2025-02-12,36,36
600886,2024-11-11,2025-01-06,"2024-11-11,2024-11-25,2024-12-09,2024-12-23",11,23
600894,2025-06-25,2025-07-08,2025-06-25,26,26
600900,2024-11-11,2024-12-20,"2024-11-11,2024-11-25,2024-12-09",8,24
600903,2025-02-12,2025-04-09,"2025-02-12,2025-02-26,2025-03-12,2025-03-26",29,29
600903,2026-01-19,2026-01-30,2026-01-19,27,27
600903,2026-08-18,2026-08-31,2026-08-18,39,39
600905,2024-10-28,2024-11-08,2024-10-28,31,31
600905,2024-11-25,2024-12-06,2024-11-25,42,42
600916,2024-11-25,2024-12-20,"2024-11-25,2024-12-09",45,49
600916,2026-05-11,2026-06-05,"2026-05-11,2026-05-25",4,1
600917,2025-02-26,2025-03-11,2025-02-26,7,7
600925,2024-12-23,2025-01-06,2024-12-23,40,40
600925,2026-01-19,2026-01-30,2026-01-19,22,22
600926,2024-11-25,2024-12-06,2024-11-25,38,38
600927,2025-10-09,2025-10-22,2025-10-09,16,16
600928,2026-01-19,2026-01-30,2026-01-19,14,14
600930,2025-10-23,2025-11-05,2025-10-23,9,9
600935,2025-02-26,2025-03-11,2025-02-26,41,41
600938,2024-10-14,2024-10-25,2024-10-14,43,43
600938,2024-11-11,2024-11-22,2024-11-11,49,49
600939,2025-01-21,2025-02-25,"2025-01-21,2025-02-12",3,41
600941,2024-11-25,2024-12-06,2024-11-25,50,50
600959,2026-07-07,2026-07-20,2026-07-07,49,49
600961,2024-10-14,2024-10-25,2024-10-14,23,23
600963,2026-06-08,2026-06-22,2026-06-08,36,36
600966,2025-02-12,2025-03-11,"2025-02-12,2025-02-26",34,34
600971,2026-01-19,2026-01-30,2026-01-19,9,9
600973,2024-07-25,2024-08-07,2024-07-25,25,25
600975,2024-09-23,2024-10-11,2024-09-23,20,20
600976,2024-12-09,2024-12-20,2024-12-09,30,30
600976,2025-07-23,2025-08-05,2025-07-23,39,39
600979,2024-08-22,2024-09-04,2024-08-22,12,12
600979,2025-08-06,2025-09-02,"2025-08-06,2025-08-20",4,5
600983,2025-10-09,2025-10-22,2025-10-09,33,33
600983,2026-06-08,2026-06-22,2026-06-08,6,6
600988,2024-12-09,2025-01-20,"2024-12-09,2024-12-23,2025-01-07",42,33
600990,2025-11-20,2025-12-03,2025-11-20,18,18
600990,2026-04-08,2026-04-21,2026-04-08,25,25
600992,2025-01-07,2025-01-20,2025-01-07,37,37
600992,2025-09-17,2025-09-30,2025-09-17,8,8
600993,2026-03-24,2026-04-07,2026-03-24,29,29
601000,2024-11-11,2024-11-22,2024-11-11,19,19
601003,2025-01-21,2025-02-11,2025-01-21,39,39
601003,2025-10-23,2025-11-05,2025-10-23,41,41
601006,2024-10-28,2024-12-06,"2024-10-28,2024-11-11,2024-11-25",17,5
601008,2025-09-17,2025-09-30,2025-09-17,3,3
601011,2025-04-10,2025-04-23,2025-04-10,21,21
601015,2025-03-12,2025-03-25,2025-03-12,39,39
601019,2024-11-25,2024-12-06,2024-11-25,33,33
601019,2025-03-12,2025-04-09,"2025-03-12,2025-03-26",21,48
601022,2024-09-05,2024-09-20,2024-09-05,26,26
601022,2026-01-19,2026-01-30,2026-01-19,19,19
601033,2025-08-20,2025-09-02,2025-08-20,34,34
601059,2026-02-02,2026-03-09,"2026-02-02,2026-02-24",21,16
601066,2025-02-12,2025-02-25,2025-02-12,42,42
601066,2026-03-24,2026-04-07,2026-03-24,35,35
601069,2024-12-23,2025-01-20,"2024-12-23,2025-01-07",16,13
601096,2024-07-25,2024-08-21,"2024-07-25,2024-08-08",20,21
601096,2024-12-23,2025-01-06,2024-12-23,2,2
601098,2024-11-25,2024-12-20,"2024-11-25,2024-12-09",32,28
601099,2025-12-18,2025-12-31,2025-12-18,42,42
601101,2025-03-12,2025-03-25,2025-03-12,38,38
601107,2025-09-03,2025-09-16,2025-09-03,38,38
601113,2024-08-08,2024-09-04,"2024-08-08,2024-08-22",6,31
601126,2024-12-23,2025-01-20,"2024-12-23,2025-01-07",10,35
601127,2026-01-05,2026-01-16,2026-01-05,30,30
601128,2024-10-14,2024-11-08,"2024-10-14,2024-10-28",36,28
601133,2024-09-05,2024-09-20,2024-09-05,28,28
601136,2026-02-02,2026-03-23,"2026-02-02,2026-02-24,2026-03-10",8,42
601137,2024-08-22,2024-09-04,2024-08-22,49,49
601156,2025-03-26,2025-04-09,2025-03-26,10,10
601158,2024-11-25,2024-12-06,2024-11-25,17,17
601158,2026-01-19,2026-01-30,2026-01-19,35,35
601162,2026-02-24,2026-03-09,2026-02-24,11,11
601168,2024-10-14,2024-10-25,2024-10-14,35,35
601177,2025-11-20,2025-12-03,2025-11-20,2,2
601179,2024-12-23,2025-01-06,2024-12-23,47,47
601179,2026-09-15,2026-09-18,2026-09-15,29,29
601186,2025-03-26,2025-04-09,2025-03-26,9,9
601188,2024-10-28,2024-11-08,2024-10-28,36,36
601188,2025-03-12,2025-03-25,2025-03-12,26,26
601188,2025-07-23,2025-08-05,2025-07-23,50,50
601198,2026-03-24,2026-04-07,2026-03-24,45,45
601218,2026-06-23,2026-07-06,2026-06-23,19,19
601218,2026-07-21,2026-08-03,2026-07-21,34,34
601222,2024-12-09,2025-01-06,"2024-12-09,2024-12-23",22,13
601222,2025-06-11,2025-07-08,"2025-06-11,2025-06-25",17,39
601226,2025-06-25,2025-07-08,2025-06-25,8,8
601226,2026-06-08,2026-07-06,"2026-06-08,2026-06-23",15,10
601231,2024-10-14,2024-10-25,2024-10-14,42,42
601231,2025-05-27,2025-06-10,2025-05-27,27,27
601233,2024-11-11,2024-11-22,2024-11-11,36,36
601233,2025-05-13,2025-05-26,2025-05-13,39,39
601238,2026-03-10,2026-03-23,2026-03-10,19,19
601279,2026-02-24,2026-03-09,2026-02-24,20,20
601288,2024-11-25,2024-12-06,2024-11-25,3,3
601298,2024-10-28,2024-12-06,"2024-10-28,2024-11-11,2024-11-25",34,28
601311,2025-12-18,2026-01-16,"2025-12-18,2026-01-05",26,7
601319,2026-05-11,2026-05-22,2026-05-11,26,26
601326,2026-01-19,2026-01-30,2026-01-19,33,33
601328,2024-10-28,2024-12-06,"2024-10-28,2024-11-11,2024-11-25",30,6
601333,2026-01-19,2026-01-30,2026-01-19,38,38
601366,2025-03-12,2025-04-09,"2025-03-12,2025-03-26",32,16
601366,2026-03-24,2026-04-07,2026-03-24,3,3
601366,2026-04-22,2026-06-05,"2026-04-22,2026-05-11,2026-05-25",2,37
601390,2026-05-25,2026-06-05,2026-05-25,7,7
601398,2024-11-25,2024-12-06,2024-11-25,2,2
601456,2025-03-26,2025-04-23,"2025-03-26,2025-04-10",2,6
601528,2025-09-17,2025-09-30,2025-09-17,39,39
601566,2026-03-24,2026-04-21,"2026-03-24,2026-04-08",17,41
601567,2026-06-08,2026-06-22,2026-06-08,17,17
601577,2025-09-17,2025-09-30,2025-09-17,36,36
601595,2026-05-25,2026-06-05,2026-05-25,12,12
601599,2026-05-25,2026-06-05,2026-05-25,9,9
601600,2025-01-07,2025-01-20,2025-01-07,47,47
601606,2026-02-24,2026-03-09,2026-02-24,50,50
601608,2025-06-25,2025-07-08,2025-06-25,2,2
601608,2026-05-11,2026-05-22,2026-05-11,44,44
601616,2025-06-11,2025-06-24,2025-06-11,3,3
601633,2025-01-07,2025-01-20,2025-01-07,27,27
601636,2025-01-21,2025-02-11,2025-01-21,24,24
601658,2024-11-25,2024-12-06,2024-11-25,27,27
601658,2026-02-02,2026-02-13,2026-02-02,5,5
601665,2025-09-03,2025-09-30,"2025-09-03,2025-09-17",31,47
601666,2025-03-12,2025-03-25,2025-03-12,14,14
601677,2025-01-07,2025-01-20,2025-01-07,18,18
601686,2025-03-26,2025-04-09,2025-03-26,40,40
601696,2025-11-20,2025-12-17,"2025-11-20,2025-12-04",40,37
601699,2025-03-12,2025-03-25,2025-03-12,8,8
601766,2024-11-25,2024-12-06,2024-11-25,47,47
601778,2024-07-25,2024-08-07,2024-07-25,50,50
601778,2026-08-04,2026-08-17,2026-08-04,16,16
601808,2026-06-08,2026-06-22,2026-06-08,2,2
601816,2024-10-28,2024-12-06,"2024-10-28,2024-11-11,2024-11-25",11,39
601825,2025-09-03,2025-09-16,2025-09-03,13,13
601827,2024-11-25,2024-12-06,2024-11-25,19,19
601828,2025-02-12,2025-02-25,2025-02-12,25,25
601838,2024-11-25,2024-12-06,2024-11-25,35,35
601857,2024-11-11,2024-12-06,"2024-11-11,2024-11-25",42,37
601860,2026-01-19,2026-01-30,2026-01-19,48,48
601880,2026-01-19,2026-01-30,2026-01-19,47,47
601882,2025-05-27,2025-07-08,"2025-05-27,2025-06-11,2025-06-25",11,12
601888,2025-07-09,2025-07-22,2025-07-09,12,12
601888,2026-04-08,2026-05-22,"2026-04-08,2026-04-22,2026-05-11",24,19
601890,2026-05-25,2026-06-05,2026-05-25,46,46
601899,2024-12-23,2025-01-06,2024-12-23,31,31
601900,2025-09-17,2025-09-30,2025-09-17,49,49
601908,2025-03-26,2025-04-09,2025-03-26,18,18
601916,2025-09-17,2025-10-22,"2025-09-17,2025-10-09",12,46
601933,2025-07-09,2025-08-05,"2025-07-09,2025-07-23",8,42
601933,2026-03-24,2026-04-07,2026-03-24,13,13
601939,2024-11-25,2024-12-06,2024-11-25,4,4
601949,2025-03-12,2025-03-25,2025-03-12,41,41
601952,2024-12-09,2025-01-06,"2024-12-09,2024-12-23",5,22
601952,2025-07-09,2025-07-22,2025-07-09,40,40
601958,2024-12-23,2025-01-06,2024-12-23,36,36
601963,2025-09-03,2025-09-30,"2025-09-03,2025-09-17",28,35
601968,2025-02-26,2025-03-11,2025-02-26,38,38
601985,2024-10-14,2024-12-06,"2024-10-14,2024-10-28,2024-11-11,2024-11-25",38,30
601988,2024-11-25,2024-12-06,2024-11-25,1,1
601991,2024-10-14,2024-11-08,"2024-10-14,2024-10-28",21,23
601992,2025-03-12,2025-04-09,"2025-03-12,2025-03-26",24,35
601997,2025-10-09,2025-10-22,2025-10-09,18,18
601998,2024-11-25,2024-12-06,2024-11-25,29,29
603010,2025-01-21,2025-02-11,2025-01-21,32,32
603014,2026-02-02,2026-02-13,2026-02-02,47,47
603015,2026-04-22,2026-05-08,2026-04-22,23,23
603016,2026-08-04,2026-08-31,"2026-08-04,2026-08-18",35,35
603017,2024-07-25,2024-08-07,2024-07-25,9,9
603017,2025-09-03,2025-09-16,2025-09-03,37,37
603018,2024-10-14,2024-10-25,2024-10-14,9,9
603018,2025-04-24,2025-06-10,"2025-04-24,2025-05-13,2025-05-27",6,30
603018,2025-10-23,2025-11-05,2025-10-23,10,10
603026,2026-09-15,2026-09-18,2026-09-15,24,24
603030,2026-02-02,2026-02-13,2026-02-02,42,42
603032,2025-02-12,2025-02-25,2025-02-12,40,40
603033,2024-07-25,2024-08-07,2024-07-25,47,47
603033,2025-04-10,2025-04-23,2025-04-10,38,38
603036,2025-04-24,2025-05-12,2025-04-24,10,10
603038,2025-01-21,2025-02-11,2025-01-21,42,42
603050,2024-12-23,2025-01-06,2024-12-23,26,26
603051,2025-01-07,2025-02-11,"2025-01-07,2025-01-21",6,19
603053,2026-01-19,2026-01-30,2026-01-19,13,13
603060,2026-09-01,2026-09-14,2026-09-01,12,12
603065,2025-09-03,2025-10-22,"2025-09-03,2025-09-17,2025-10-09",32,13
603067,2024-11-11,2024-11-22,2024-11-11,24,24
603068,2024-09-05,2024-09-20,2024-09-05,36,36
603069,2026-04-08,2026-05-22,"2026-04-08,2026-04-22,2026-05-11",2,42
603070,2024-10-14,2024-10-25,2024-10-14,16,16
603070,2026-09-01,2026-09-18,"2026-09-01,2026-09-15",22,35
603072,2025-12-04,2025-12-17,2025-12-04,45,45
603072,2026-09-15,2026-09-18,2026-09-15,28,28
603076,2024-07-25,2024-08-21,"2024-07-25,2024-08-08",19,34
603076,2025-10-09,2025-10-22,2025-10-09,22,22
603076,2026-08-04,2026-08-17,2026-08-04,27,27
603077,2025-03-12,2025-04-09,"2025-03-12,2025-03-26",10,27
603081,2025-06-11,2025-06-24,2025-06-11,38,38
603083,2025-04-10,2025-05-12,"2025-04-10,2025-04-24",47,30
603086,2025-10-09,2025-10-22,2025-10-09,21,21
603088,2025-06-25,2025-07-08,2025-06-25,37,37
603089,2024-08-08,2024-08-21,2024-08-08,44,44
603089,2025-12-18,2025-12-31,2025-12-18,27,27
603095,2026-08-04,2026-08-17,2026-08-04,2,2
603096,2025-09-17,2025-09-30,2025-09-17,50,50
603097,2024-09-05,2024-09-20,2024-09-05,33,33
603099,2025-03-12,2025-03-25,2025-03-12,35,35
603099,2026-03-24,2026-04-07,2026-03-24,36,36
603100,2025-07-09,2025-07-22,2025-07-09,31,31
603101,2026-03-24,2026-04-07,2026-03-24,16,16
603102,2025-08-20,2025-09-16,"2025-08-20,2025-09-03",50,49
603103,2026-05-25,2026-06-05,2026-05-25,32,32
603105,2024-09-05,2024-09-20,2024-09-05,12,12
603105,2026-06-23,2026-08-03,"2026-06-23,2026-07-07,2026-07-21",15,11
603106,2026-03-10,2026-03-23,2026-03-10,27,27
603108,2025-10-23,2025-11-05,2025-10-23,16,16
603110,2025-08-06,2025-08-19,2025-08-06,27,27
603111,2025-12-18,2026-01-16,"2025-12-18,2026-01-05",41,47
603113,2026-06-23,2026-07-20,"2026-06-23,2026-07-07",30,10
603117,2025-08-06,2025-08-19,2025-08-06,12,12
603128,2025-03-26,2025-04-09,2025-03-26,13,13
603131,2026-04-08,2026-04-21,2026-04-08,44,44
603132,2024-09-23,2024-10-25,"2024-09-23,2024-10-14",39,7
603135,2026-09-01,2026-09-18,"2026-09-01,2026-09-15",14,43
603151,2024-11-11,2024-11-22,2024-11-11,12,12
603151,2026-01-19,2026-02-13,"2026-01-19,2026-02-02",34,33
603156,2024-11-25,2024-12-06,2024-11-25,44,44
603156,2025-08-20,2025-09-02,2025-08-20,38,38
603160,2025-05-27,2025-06-10,2025-05-27,20,20
603171,2024-10-14,2024-10-25,2024-10-14,28,28
603172,2024-12-09,2024-12-20,2024-12-09,25,25
603172,2026-05-11,2026-05-22,2026-05-11,50,50
603177,2026-02-24,2026-03-09,2026-02-24,31,31
603181,2026-01-05,2026-01-16,2026-01-05,3,3
603181,2026-09-15,2026-09-18,2026-09-15,11,11
603191,2024-08-08,2024-09-04,"2024-08-08,2024-08-22",4,26
603191,2025-04-24,2025-05-26,"2025-04-24,2025-05-13",45,1
603193,2025-09-03,2025-09-30,"2025-09-03,2025-09-17",43,27
603194,2025-05-27,2025-06-10,2025-05-27,45,45
603197,2025-12-18,2025-12-31,2025-12-18,18,18
603197,2026-04-08,2026-04-21,2026-04-08,40,40
603199,2024-12-09,2024-12-20,2024-12-09,14,14
603199,2025-07-09,2025-08-05,"2025-07-09,2025-07-23",43,17
603200,2026-07-21,2026-08-03,2026-07-21,50,50
603202,2026-06-08,2026-06-22,2026-06-08,34,34
603205,2025-02-12,2025-02-25,2025-02-12,9,9
603205,2025-07-23,2025-08-05,2025-07-23,1,1
603206,2025-06-11,2025-06-24,2025-06-11,16,16
603207,2025-12-18,2025-12-31,2025-12-18,7,7
603208,2025-09-03,2025-09-16,2025-09-03,33,33
603209,2025-09-17,2025-09-30,2025-09-17,37,37
603210,2025-07-09,2025-07-22,2025-07-09,45,45
603211,2025-11-20,2025-12-03,2025-11-20,43,43
603212,2026-09-01,2026-09-14,2026-09-01,28,28
603215,2024-07-25,2024-08-07,2024-07-25,36,36
603218,2026-06-23,2026-07-06,2026-06-23,27,27
603218,2026-07-21,2026-08-03,2026-07-21,19,19
603219,2024-10-28,2024-11-08,2024-10-28,35,35
603219,2025-06-11,2025-06-24,2025-06-11,11,11
603219,2025-12-18,2025-12-31,2025-12-18,3,3
603220,2025-06-11,2025-06-24,2025-06-11,19,19
603225,2024-11-11,2024-11-22,2024-11-11,14,14
603227,2026-01-05,2026-01-16,2026-01-05,18,18
603227,2026-07-07,2026-07-20,2026-07-07,2,2
603229,2025-04-10,2025-04-23,2025-04-10,10,10
603230,2026-07-07,2026-07-20,2026-07-07,32,32
603231,2024-08-08,2024-08-21,2024-08-08,31,31
603235,2025-01-07,2025-01-20,2025-01-07,41,41
603235,2025-07-23,2025-08-05,2025-07-23,41,41
603237,2025-07-23,2025-09-02,"2025-07-23,2025-08-06,2025-08-20",11,9
603239,2026-08-04,2026-08-17,2026-08-04,15,15
603248,2026-08-04,2026-08-31,"2026-08-04,2026-08-18",32,50
603258,2025-11-06,2025-11-19,2025-11-06,20,20
603260,2026-09-15,2026-09-18,2026-09-15,16,16
603262,2025-10-23,2025-11-05,2025-10-23,3,3
603270,2024-10-28,2024-11-08,2024-10-28,42,42
603271,2025-06-11,2025-06-24,2025-06-11,14,14
603275,2025-12-04,2025-12-17,2025-12-04,28,28
603275,2026-08-04,2026-08-17,2026-08-04,21,21
603277,2024-12-09,2025-01-06,"2024-12-09,2024-12-23",31,18
603278,2026-04-08,2026-04-21,2026-04-08,16,16
603279,2025-09-03,2025-09-16,2025-09-03,39,39
603285,2024-10-14,2024-10-25,2024-10-14,2,2
603289,2026-08-04,2026-08-17,2026-08-04,48,48
603291,2024-09-05,2024-10-25,"2024-09-05,2024-09-23,2024-10-14",7,24
603293,2026-08-04,2026-08-17,2026-08-04,45,45
603297,2025-06-11,2025-06-24,2025-06-11,36,36
603298,2024-12-23,2025-01-06,2024-12-23,50,50
603299,2025-07-23,2025-08-05,2025-07-23,45,45
603300,2026-07-07,2026-07-20,2026-07-07,17,17
603301,2026-02-02,2026-02-13,2026-02-02,22,22
603308,2024-07-25,2024-08-07,2024-07-25,8,8
603310,2025-11-06,2025-11-19,2025-11-06,11,11
603313,2024-08-08,2024-08-21,2024-08-08,30,30
603317,2025-07-09,2025-08-05,"2025-07-09,2025-07-23",36,14
603318,2025-02-26,2025-03-25,"2025-02-26,2025-03-12",4,15
603320,2024-10-14,2024-10-25,2024-10-14,12,12
603321,2024-10-14,2024-10-25,2024-10-14,6,6
603322,2026-03-10,2026-03-23,2026-03-10,39,39
603323,2025-09-17,2025-09-30,2025-09-17,26,26
603325,2025-12-04,2025-12-17,2025-12-04,49,49
603327,2026-03-10,2026-03-23,2026-03-10,50,50
603328,2025-05-27,2025-06-10,2025-05-27,49,49
603331,2025-08-06,2025-08-19,2025-08-06,28,28
603333,2024-07-25,2024-08-07,2024-07-25,31,31
603339,2025-12-04,2025-12-17,2025-12-04,11,11
603344,2024-07-25,2024-08-07,2024-07-25,13,13
603344,2024-09-05,2024-09-20,2024-09-05,19,19
603344,2026-04-08,2026-04-21,2026-04-08,9,9
603352,2026-04-22,2026-05-22,"2026-04-22,2026-05-11",12,34
603352,2026-07-21,2026-08-03,2026-07-21,37,37
603353,2024-07-25,2024-08-07,2024-07-25,26,26
603355,2025-06-25,2025-07-08,2025-06-25,48,48
603357,2024-07-25,2024-08-07,2024-07-25,18,18
603360,2026-08-18,2026-08-31,2026-08-18,28,28
603363,2024-10-28,2024-11-08,2024-10-28,10,10
603365,2025-04-10,2025-04-23,2025-04-10,18,18
603366,2024-07-25,2024-08-07,2024-07-25,40,40
603366,2025-08-06,2025-08-19,2025-08-06,46,46
603366,2026-06-23,2026-07-06,2026-06-23,25,25
603373,2024-07-25,2024-08-07,2024-07-25,27,27
603373,2025-11-20,2025-12-17,"2025-11-20,2025-12-04",7,22
603376,2026-02-02,2026-02-13,2026-02-02,20,20
603380,2025-12-18,2025-12-31,2025-12-18,40,40
603381,2024-09-23,2024-10-11,2024-09-23,5,5
603381,2026-01-05,2026-01-16,2026-01-05,8,8
603381,2026-06-23,2026-08-17,"2026-06-23,2026-07-07,2026-07-21,2026-08-04",26,20
603386,2024-10-14,2024-11-08,"2024-10-14,2024-10-28",10,47
603390,2024-11-11,2024-11-22,2024-11-11,40,40
603390,2025-05-13,2025-05-26,2025-05-13,6,6
603391,2024-11-11,2024-11-22,2024-11-11,50,50
603392,2025-03-26,2025-04-09,2025-03-26,43,43
603392,2026-03-10,2026-03-23,2026-03-10,49,49
603393,2024-10-14,2024-10-25,2024-10-14,1,1
603393,2025-02-26,2025-03-11,2025-02-26,14,14
603395,2025-03-26,2025-04-09,2025-03-26,44,44
603395,2025-07-09,2025-07-22,2025-07-09,48,48
603396,2025-01-21,2025-02-11,2025-01-21,7,7
603396,2026-05-11,2026-05-22,2026-05-11,22,22
603399,2025-02-12,2025-02-25,2025-02-12,23,23
603402,2026-06-08,2026-06-22,2026-06-08,10,10
603402,2026-07-07,2026-07-20,2026-07-07,24,24
603406,2026-01-19,2026-01-30,2026-01-19,44,44
603406,2026-02-24,2026-03-09,2026-02-24,42,42
603409,2025-11-06,2025-11-19,2025-11-06,46,46
603409,2026-08-04,2026-08-17,2026-08-04,7,7
603421,2026-06-23,2026-07-06,2026-06-23,31,31
603439,2024-12-23,2025-01-06,2024-12-23,30,30
603466,2025-10-23,2025-11-05,2025-10-23,46,46
603477,2025-12-18,2025-12-31,2025-12-18,49,49
603486,2026-04-08,2026-04-21,2026-04-08,36,36
603496,2025-06-11,2025-06-24,2025-06-11,27,27
603500,2026-05-11,2026-05-22,2026-05-11,35,35
603508,2026-02-02,2026-02-13,2026-02-02,37,37
603508,2026-03-10,2026-03-23,2026-03-10,38,38
603518,2024-07-25,2024-08-07,2024-07-25,34,34
603520,2025-02-26,2025-03-11,2025-02-26,25,25
603527,2025-02-26,2025-03-11,2025-02-26,23,23
603529,2026-05-25,2026-06-05,2026-05-25,48,48
603529,2026-06-23,2026-07-20,"2026-06-23,2026-07-07",36,42
603535,2026-02-02,2026-04-07,"2026-02-02,2026-02-24,2026-03-10,2026-03-24",49,47
603556,2025-06-25,2025-07-08,2025-06-25,28,28
603559,2025-04-10,2025-04-23,2025-04-10,2,2
603566,2024-08-08,2024-09-04,"2024-08-08,2024-08-22",32,11
603568,2026-05-25,2026-06-05,2026-05-25,49,49
603578,2025-09-17,2025-09-30,2025-09-17,20,20
603579,2025-12-04,2025-12-17,2025-12-04,21,21
603583,2025-12-18,2025-12-31,2025-12-18,25,25
603585,2025-10-09,2025-10-22,2025-10-09,11,11
603585,2026-07-07,2026-08-03,"2026-07-07,2026-07-21",4,4
603586,2024-09-23,2024-10-11,2024-09-23,42,42
603586,2025-11-20,2025-12-03,2025-11-20,30,30
603586,2026-09-01,2026-09-14,2026-09-01,44,44
603589,2026-05-11,2026-05-22,2026-05-11,38,38
603590,2024-11-11,2024-11-22,2024-11-11,25,25
603598,2025-05-13,2025-05-26,2025-05-13,49,49
603605,2025-08-06,2025-08-19,2025-08-06,37,37
603609,2026-01-19,2026-01-30,2026-01-19,49,49
603610,2024-08-08,2024-08-21,2024-08-08,47,47
603610,2025-08-06,2025-08-19,2025-08-06,26,26
603613,2025-06-11,2025-06-24,2025-06-11,46,46
603617,2025-11-20,2025-12-03,2025-11-20,49,49
603618,2025-06-11,2025-07-08,"2025-06-11,2025-06-25",28,41
603628,2026-06-23,2026-08-03,"2026-06-23,2026-07-07,2026-07-21",2,24
603636,2025-05-27,2025-06-10,2025-05-27,31,31
603636,2026-03-10,2026-03-23,2026-03-10,21,21
603636,2026-04-22,2026-05-08,2026-04-22,19,19
603638,2025-06-25,2025-07-08,2025-06-25,7,7
603639,2024-07-25,2024-08-07,2024-07-25,15,15
603639,2024-11-25,2024-12-06,2024-11-25,49,49
603639,2026-07-07,2026-07-20,2026-07-07,48,48
603657,2024-07-25,2024-08-07,2024-07-25,3,3
603662,2026-04-08,2026-04-21,2026-04-08,15,15
603665,2024-10-14,2024-11-08,"2024-10-14,2024-10-28",29,41
603669,2025-03-12,2025-03-25,2025-03-12,23,23
603669,2026-02-02,2026-02-13,2026-02-02,25,25
603676,2025-10-09,2025-10-22,2025-10-09,15,15
603677,2026-03-10,2026-03-23,2026-03-10,25,25
603683,2024-08-08,2024-08-21,2024-08-08,12,12
603686,2024-10-28,2024-11-22,"2024-10-28,2024-11-11",9,16
603686,2026-04-08,2026-05-22,"2026-04-08,2026-04-22,2026-05-11",1,36
603687,2024-07-25,2024-08-21,"2024-07-25,2024-08-08",6,2
603689,2024-11-11,2024-11-22,2024-11-11,45,45
603689,2026-01-19,2026-01-30,2026-01-19,6,6
603693,2024-10-14,2024-10-25,2024-10-14,44,44
603696,2025-07-23,2025-08-19,"2025-07-23,2025-08-06",34,9
603697,2026-05-11,2026-05-22,2026-05-11,31,31
603706,2025-02-26,2025-03-11,2025-02-26,40,40
603706,2026-01-19,2026-01-30,2026-01-19,43,43
603708,2025-07-23,2025-08-05,2025-07-23,9,9
603711,2024-07-25,2024-08-21,"2024-07-25,2024-08-08",14,25
603711,2024-09-05,2024-09-20,2024-09-05,45,45
603711,2026-03-10,2026-04-07,"2026-03-10,2026-03-24",2,4
603712,2026-04-22,2026-05-08,2026-04-22,13,13
603717,2024-10-28,2024-11-08,2024-10-28,38,38
603717,2026-02-02,2026-02-13,2026-02-02,45,45
603738,2025-05-27,2025-06-24,"2025-05-27,2025-06-11",16,50
603739,2025-02-12,2025-02-25,2025-02-12,39,39
603758,2026-03-10,2026-04-07,"2026-03-10,2026-03-24",17,50
603759,2026-05-11,2026-05-22,2026-05-11,7,7
603759,2026-06-23,2026-07-06,2026-06-23,37,37
603767,2026-03-10,2026-05-08,"2026-03-10,2026-03-24,2026-04-08,2026-04-22",32,20
603767,2026-08-18,2026-08-31,2026-08-18,30,30
603787,2026-06-23,2026-07-20,"2026-06-23,2026-07-07",9,20
603801,2025-10-09,2025-10-22,2025-10-09,29,29
603803,2025-05-13,2025-05-26,2025-05-13,36,36
603809,2026-04-08,2026-04-21,2026-04-08,8,8
603811,2025-12-18,2025-12-31,2025-12-18,20,20
603815,2026-03-10,2026-03-23,2026-03-10,30,30
603817,2026-06-23,2026-07-06,2026-06-23,4,4
603826,2024-12-23,2025-01-06,2024-12-23,35,35
603829,2026-07-21,2026-08-03,2026-07-21,43,43
603839,2026-02-02,2026-02-13,2026-02-02,44,44
603848,2025-12-04,2025-12-31,"2025-12-04,2025-12-18",27,9
603848,2026-04-22,2026-05-08,2026-04-22,42,42
603861,2026-09-01,2026-09-14,2026-09-01,31,31
603876,2025-02-12,2025-02-25,2025-02-12,8,8
603877,2025-07-09,2025-07-22,2025-07-09,27,27
603878,2024-08-08,2024-08-21,2024-08-08,37,37
603883,2025-09-03,2025-09-30,"2025-09-03,2025-09-17",15,2
603889,2024-10-14,2024-10-25,2024-10-14,5,5
603896,2026-05-11,2026-06-05,"2026-05-11,2026-05-25",27,17
603897,2025-08-06,2025-08-19,2025-08-06,5,5
603899,2025-09-03,2025-09-16,2025-09-03,25,25
603906,2026-03-10,2026-03-23,2026-03-10,18,18
603912,2025-11-20,2025-12-03,2025-11-20,15,15
603916,2025-10-23,2025-11-05,2025-10-23,49,49
603919,2026-05-11,2026-05-22,2026-05-11,12,12
603927,2025-05-13,2025-05-26,2025-05-13,44,44
603929,2025-06-11,2025-06-24,2025-06-11,4,4
603956,2025-05-27,2025-06-10,2025-05-27,9,9
603968,2024-08-08,2024-08-21,2024-08-08,17,17
603968,2026-05-25,2026-06-05,2026-05-25,23,23
603970,2024-08-22,2024-09-20,"2024-08-22,2024-09-05",4,23
603979,2024-12-23,2025-01-06,2024-12-23,28,28
603980,2026-05-25,2026-06-05,2026-05-25,15,15
603986,2024-09-23,2024-10-11,2024-09-23,31,31
603989,2025-04-24,2025-05-12,2025-04-24,9,9
603990,2024-08-08,2024-08-21,2024-08-08,23,23
603995,2025-09-03,2025-09-16,2025-09-03,24,24
603997,2024-12-09,2024-12-20,2024-12-09,41,41
605008,2026-03-10,2026-04-07,"2026-03-10,2026-03-24",48,28
605009,2025-10-09,2025-10-22,2025-10-09,30,30
605009,2025-11-06,2025-11-19,2025-11-06,40,40
605011,2024-09-05,2024-09-20,2024-09-05,6,6
605011,2025-06-25,2025-07-08,2025-06-25,42,42
605018,2025-11-06,2025-11-19,2025-11-06,34,34
605020,2024-07-25,2024-08-21,"2024-07-25,2024-08-08",43,10
605033,2026-05-25,2026-06-05,2026-05-25,11,11
605050,2024-07-25,2024-08-07,2024-07-25,24,24
605050,2025-12-04,2026-01-16,"2025-12-04,2025-12-18,2026-01-05",35,36
605050,2026-06-23,2026-07-06,2026-06-23,1,1
605056,2026-07-21,2026-08-03,2026-07-21,27,27
605068,2024-10-14,2024-10-25,2024-10-14,17,17
605077,2026-07-21,2026-08-31,"2026-07-21,2026-08-04,2026-08-18",30,2
605080,2025-08-06,2025-08-19,2025-08-06,48,48
605086,2025-05-27,2025-06-10,2025-05-27,18,18
605088,2024-07-25,2024-08-07,2024-07-25,48,48
605088,2026-09-01,2026-09-14,2026-09-01,34,34
605090,2024-10-14,2024-10-25,2024-10-14,3,3
605098,2025-06-25,2025-07-08,2025-06-25,30,30
605098,2025-07-23,2025-08-05,2025-07-23,25,25
605099,2024-12-09,2024-12-20,2024-12-09,32,32
605099,2026-08-04,2026-08-17,2026-08-04,42,42
605108,2025-08-06,2025-08-19,2025-08-06,43,43
605108,2026-03-10,2026-04-07,"2026-03-10,2026-03-24",23,25
605116,2024-10-14,2024-11-22,"2024-10-14,2024-10-28,2024-11-11",39,46
605122,2025-10-23,2025-11-05,2025-10-23,21,21
605138,2026-02-02,2026-02-13,2026-02-02,10,10
605155,2025-06-11,2025-06-24,2025-06-11,26,26
605162,2024-08-22,2024-09-04,2024-08-22,10,10
605162,2025-10-09,2025-10-22,2025-10-09,14,14
605162,2026-07-21,2026-08-03,2026-07-21,49,49
605168,2025-04-10,2025-05-12,"2025-04-10,2025-04-24",25,25
605177,2024-11-11,2024-11-22,2024-11-11,48,48
605179,2025-07-23,2025-08-19,"2025-07-23,2025-08-06",4,35
605179,2026-03-10,2026-04-21,"2026-03-10,2026-03-24,2026-04-08",11,38
605188,2024-10-14,2024-11-22,"2024-10-14,2024-10-28,2024-11-11",47,33
605196,2024-08-22,2024-09-04,2024-08-22,9,9
605198,2024-07-25,2024-08-07,2024-07-25,5,5
605222,2026-08-04,2026-08-17,2026-08-04,36,36
605228,2025-12-18,2025-12-31,2025-12-18,17,17
605258,2024-09-05,2024-09-20,2024-09-05,47,47
605258,2024-10-14,2024-10-25,2024-10-14,26,26
605268,2026-06-08,2026-06-22,2026-06-08,11,11
605277,2024-10-14,2024-10-25,2024-10-14,32,32
605289,2025-04-10,2025-04-23,2025-04-10,26,26
605296,2024-12-09,2024-12-20,2024-12-09,35,35
605298,2025-12-18,2025-12-31,2025-12-18,46,46
605299,2024-10-28,2024-11-08,2024-10-28,7,7
605300,2025-08-20,2025-09-02,2025-08-20,6,6
605333,2026-04-08,2026-04-21,2026-04-08,31,31
605337,2026-05-11,2026-05-22,2026-05-11,3,3
605339,2026-03-24,2026-04-07,2026-03-24,2,2
605358,2025-07-23,2025-08-05,2025-07-23,35,35
605365,2026-07-21,2026-08-17,"2026-07-21,2026-08-04",2,4
605368,2025-07-23,2025-08-05,2025-07-23,30,30
605377,2025-07-23,2025-08-05,2025-07-23,43,43
605388,2026-03-10,2026-04-07,"2026-03-10,2026-03-24",31,5
605388,2026-07-21,2026-08-03,2026-07-21,33,33
605500,2025-10-23,2025-11-05,2025-10-23,1,1
605500,2026-08-18,2026-08-31,2026-08-18,1,1
605580,2026-09-01,2026-09-14,2026-09-01,43,43
605599,2026-06-08,2026-06-22,2026-06-08,48,48
688007,2025-06-11,2025-06-24,2025-06-11,18,18
688016,2025-05-13,2025-05-26,2025-05-13,12,12
688027,2026-09-15,2026-09-18,2026-09-15,26,26
688032,2026-07-21,2026-08-03,2026-07-21,41,41
688047,2026-08-18,2026-08-31,2026-08-18,26,26
688050,2025-12-04,2025-12-17,2025-12-04,32,32
688051,2026-08-04,2026-08-17,2026-08-04,28,28
688055,2026-09-15,2026-09-18,2026-09-15,15,15
688063,2026-08-04,2026-08-31,"2026-08-04,2026-08-18",22,34
688065,2024-08-08,2024-08-21,2024-08-08,27,27
688078,2025-05-13,2025-05-26,2025-05-13,2,2
688083,2026-01-05,2026-01-16,2026-01-05,2,2
688085,2025-12-04,2025-12-17,2025-12-04,1,1
688101,2026-02-24,2026-03-09,2026-02-24,10,10
688107,2024-09-05,2024-09-20,2024-09-05,35,35
688108,2025-12-04,2025-12-31,"2025-12-04,2025-12-18",15,30
688119,2026-04-22,2026-05-08,2026-04-22,34,34
688126,2026-04-08,2026-04-21,2026-04-08,42,42
688152,2026-01-05,2026-01-16,2026-01-05,42,42
688161,2025-12-18,2025-12-31,2025-12-18,39,39
688165,2025-12-04,2025-12-17,2025-12-04,19,19
688172,2024-09-05,2024-09-20,2024-09-05,22,22
688172,2025-05-27,2025-06-10,2025-05-27,37,37
688176,2026-06-08,2026-06-22,2026-06-08,9,9
688177,2025-01-07,2025-01-20,2025-01-07,43,43
688180,2025-12-04,2025-12-17,2025-12-04,23,23
688187,2026-09-15,2026-09-18,2026-09-15,30,30
688190,2026-09-15,2026-09-18,2026-09-15,13,13
688196,2026-06-23,2026-07-06,2026-06-23,35,35
688197,2025-01-21,2025-02-11,2025-01-21,25,25
688198,2025-01-07,2025-01-20,2025-01-07,16,16
688198,2026-02-24,2026-03-09,2026-02-24,6,6
688223,2025-01-07,2025-01-20,2025-01-07,15,15
688232,2026-04-22,2026-05-08,2026-04-22,24,24
688236,2025-01-21,2025-02-11,2025-01-21,40,40
688249,2025-05-27,2025-06-10,2025-05-27,32,32
688252,2026-01-05,2026-01-16,2026-01-05,32,32
688265,2025-12-04,2025-12-17,2025-12-04,20,20
688292,2025-06-11,2025-06-24,2025-06-11,21,21
688298,2025-10-23,2025-11-05,2025-10-23,15,15
688299,2025-12-04,2025-12-31,"2025-12-04,2025-12-18",39,43
688305,2025-07-23,2025-08-05,2025-07-23,47,47
688306,2026-04-08,2026-04-21,2026-04-08,13,13
688330,2026-07-21,2026-08-03,2026-07-21,13,13
688348,2026-07-21,2026-08-17,"2026-07-21,2026-08-04",16,29
688360,2026-08-18,2026-08-31,2026-08-18,18,18
688373,2026-01-05,2026-01-16,2026-01-05,22,22
688388,2024-08-08,2024-08-21,2024-08-08,49,49
688390,2025-01-07,2025-01-20,2025-01-07,19,19
688392,2024-08-22,2024-09-04,2024-08-22,30,30
688393,2025-10-23,2025-11-05,2025-10-23,17,17
688398,2024-07-25,2024-08-07,2024-07-25,42,42
688398,2026-08-18,2026-08-31,2026-08-18,48,48
688399,2025-01-07,2025-02-25,"2025-01-07,2025-01-21,2025-02-12",3,20
688411,2026-09-15,2026-09-18,2026-09-15,17,17
688425,2025-11-20,2025-12-03,2025-11-20,9,9
688429,2026-06-23,2026-07-06,2026-06-23,46,46
688443,2025-12-04,2025-12-17,2025-12-04,3,3
688449,2025-05-27,2025-06-10,2025-05-27,4,4
688459,2025-01-07,2025-01-20,2025-01-07,17,17
688472,2025-04-24,2025-05-12,2025-04-24,32,32
688475,2024-09-05,2024-10-11,"2024-09-05,2024-09-23",43,12
688484,2024-09-23,2024-10-11,2024-09-23,27,27
688505,2025-01-21,2025-02-11,2025-01-21,33,33
688505,2025-10-23,2025-11-05,2025-10-23,14,14
688505,2025-12-04,2025-12-17,2025-12-04,36,36
688516,2025-05-27,2025-06-10,2025-05-27,25,25
688518,2026-08-18,2026-08-31,2026-08-18,32,32
688529,2025-11-06,2025-11-19,2025-11-06,19,19
688530,2024-09-05,2024-10-11,"2024-09-05,2024-09-23",3,18
688548,2024-09-05,2024-09-20,2024-09-05,41,41
688549,2024-09-05,2024-10-11,"2024-09-05,2024-09-23",20,45
688551,2024-07-25,2024-08-07,2024-07-25,35,35
688556,2025-01-21,2025-02-11,2025-01-21,18,18
688560,2025-01-21,2025-02-11,2025-01-21,1,1
688566,2025-12-04,2026-01-16,"2025-12-04,2025-12-18,2026-01-05",4,16
688569,2025-01-07,2025-01-20,2025-01-07,20,20
688569,2025-07-09,2025-07-22,2025-07-09,35,35
688570,2025-11-06,2025-11-19,2025-11-06,36,36
688575,2024-12-09,2025-01-20,"2024-12-09,2024-12-23,2025-01-07",36,32
688581,2025-12-18,2026-01-16,"2025-12-18,2026-01-05",32,40
688584,2024-09-05,2024-10-11,"2024-09-05,2024-09-23",2,4
688588,2026-01-05,2026-01-16,2026-01-05,31,31
688602,2024-09-05,2024-09-20,2024-09-05,31,31
688602,2025-02-26,2025-03-11,2025-02-26,29,29
688605,2025-05-27,2025-06-10,2025-05-27,42,42
688606,2024-07-25,2024-08-07,2024-07-25,29,29
688620,2025-05-13,2025-05-26,2025-05-13,40,40
688665,2025-12-18,2025-12-31,2025-12-18,10,10
688680,2026-08-18,2026-08-31,2026-08-18,37,37
688693,2024-09-23,2024-10-11,2024-09-23,24,24
688707,2026-08-04,2026-09-14,"2026-08-04,2026-08-18,2026-09-01",24,19
688709,2024-09-05,2024-10-11,"2024-09-05,2024-09-23",16,35
688709,2025-12-04,2025-12-17,2025-12-04,44,44
688709,2026-09-15,2026-09-18,2026-09-15,50,50
688737,2024-08-22,2024-09-04,2024-08-22,46,46
688737,2026-08-18,2026-09-14,"2026-08-18,2026-09-01",15,49
688755,2025-11-20,2025-12-03,2025-11-20,34,34
688777,2025-05-13,2025-06-10,"2025-05-13,2025-05-27",45,47
688793,2025-09-17,2025-09-30,2025-09-17,25,25
688819,2025-01-07,2025-01-20,2025-01-07,48,48
688819,2026-07-21,2026-08-03,2026-07-21,22,22
688981,2025-05-27,2025-06-10,2025-05-27,35,35
920000,2025-08-06,2025-08-19,2025-08-06,32,32
920005,2025-12-04,2025-12-17,2025-12-04,5,5
920007,2026-05-11,2026-05-22,2026-05-11,16,16
920016,2025-09-17,2025-09-30,2025-09-17,32,32
920018,2026-07-21,2026-08-03,2026-07-21,36,36
920019,2026-05-11,2026-05-22,2026-05-11,45,45
920028,2026-08-18,2026-09-14,"2026-08-18,2026-09-01",41,47
920029,2025-08-06,2025-08-19,2025-08-06,10,10
920061,2026-01-05,2026-01-16,2026-01-05,26,26
920062,2026-09-01,2026-09-14,2026-09-01,13,13
920068,2025-11-20,2025-12-03,2025-11-20,31,31
920075,2026-04-22,2026-05-08,2026-04-22,49,49
920082,2025-12-04,2025-12-17,2025-12-04,47,47
920086,2026-09-01,2026-09-14,2026-09-01,36,36
920087,2026-05-11,2026-05-22,2026-05-11,47,47
920098,2025-09-17,2025-09-30,2025-09-17,22,22
920098,2025-12-04,2025-12-17,2025-12-04,50,50
920101,2025-12-04,2025-12-17,2025-12-04,14,14
920101,2026-01-19,2026-01-30,2026-01-19,12,12
920106,2026-07-21,2026-08-03,2026-07-21,35,35
920108,2025-12-04,2025-12-17,2025-12-04,30,30
920119,2026-08-04,2026-08-17,2026-08-04,44,44
920124,2026-03-24,2026-04-07,2026-03-24,39,39
920128,2026-09-01,2026-09-14,2026-09-01,3,3
920139,2025-12-04,2025-12-17,2025-12-04,33,33
920152,2026-09-01,2026-09-14,2026-09-01,16,16
920158,2026-09-01,2026-09-14,2026-09-01,33,33
920159,2026-07-21,2026-08-03,2026-07-21,28,28
920175,2026-09-01,2026-09-18,"2026-09-01,2026-09-15",15,8
920191,2026-07-21,2026-08-17,"2026-07-21,2026-08-04",17,3
920221,2026-03-24,2026-04-07,2026-03-24,23,23
920245,2025-11-20,2025-12-17,"2025-11-20,2025-12-04",23,9
920262,2026-03-24,2026-04-07,2026-03-24,33,33
920270,2025-12-04,2025-12-17,2025-12-04,29,29
920278,2026-03-24,2026-04-07,2026-03-24,34,34
920300,2025-09-03,2025-09-16,2025-09-03,36,36
920339,2025-08-06,2025-08-19,2025-08-06,31,31
920339,2026-02-02,2026-02-13,2026-02-02,23,23
920371,2026-05-11,2026-05-22,2026-05-11,17,17
920378,2025-08-06,2025-08-19,2025-08-06,47,47
920378,2025-12-04,2025-12-17,2025-12-04,34,34
920392,2026-02-24,2026-03-09,2026-02-24,39,39
920392,2026-03-24,2026-04-21,"2026-03-24,2026-04-08",44,4
920392,2026-05-25,2026-06-05,2026-05-25,47,47
920402,2026-09-15,2026-09-18,2026-09-15,36,36
920403,2025-12-04,2025-12-17,2025-12-04,16,16
920407,2026-03-24,2026-04-07,2026-03-24,37,37
920422,2026-03-24,2026-04-07,2026-03-24,8,8
920427,2026-09-01,2026-09-14,2026-09-01,20,20
920436,2026-02-24,2026-03-09,2026-02-24,8,8
920436,2026-03-24,2026-04-07,2026-03-24,18,18
920505,2026-08-04,2026-08-17,2026-08-04,46,46
920510,2026-04-08,2026-04-21,2026-04-08,18,18
920523,2026-02-24,2026-03-09,2026-02-24,40,40
920533,2026-04-08,2026-04-21,2026-04-08,48,48
920541,2025-12-04,2025-12-17,2025-12-04,25,25
920547,2025-12-04,2025-12-17,2025-12-04,6,6
920592,2025-09-17,2025-09-30,2025-09-17,30,30
920627,2026-01-05,2026-01-16,2026-01-05,46,46
920642,2026-04-08,2026-04-21,2026-04-08,20,20
920665,2026-03-24,2026-04-07,2026-03-24,41,41
920701,2025-08-06,2025-08-19,2025-08-06,16,16
920701,2026-03-10,2026-03-23,2026-03-10,16,16
920706,2026-08-04,2026-08-17,2026-08-04,43,43
920718,2025-12-18,2025-12-31,2025-12-18,5,5
920718,2026-02-02,2026-02-13,2026-02-02,24,24
920719,2026-09-01,2026-09-14,2026-09-01,23,23
920726,2025-07-23,2025-08-19,"2025-07-23,2025-08-06",48,8
920753,2025-01-07,2025-01-20,2025-01-07,24,24
920765,2025-08-06,2025-08-19,2025-08-06,30,30
920779,2025-08-20,2025-09-02,2025-08-20,44,44
920819,2026-05-25,2026-06-05,2026-05-25,35,35
920826,2026-03-24,2026-05-08,"2026-03-24,2026-04-08,2026-04-22",10,41
920833,2025-12-04,2025-12-17,2025-12-04,40,40
920834,2026-03-24,2026-04-07,2026-03-24,26,26
920837,2026-02-02,2026-02-13,2026-02-02,48,48
920839,2026-09-01,2026-09-14,2026-09-01,40,40
920866,2025-09-03,2025-09-16,2025-09-03,41,41
920870,2025-12-04,2025-12-17,2025-12-04,13,13
920906,2026-03-24,2026-04-07,2026-03-24,49,49
920925,2026-02-24,2026-03-09,2026-02-24,34,34
920926,2025-08-06,2025-08-19,2025-08-06,20,20
920932,2025-12-04,2025-12-17,2025-12-04,46,46
920964,2025-09-17,2025-09-30,2025-09-17,48,48
920976,2026-07-07,2026-07-20,2026-07-07,41,41
920985,2026-05-25,2026-06-05,2026-05-25,29,29
