date,high_trend_blend,previous_50_50_blend,risk_focused_90_10,pure_trend_hedge75,formal_lgbm,high_trend_blend_drawdown,previous_50_50_blend_drawdown,risk_focused_90_10_drawdown,pure_trend_hedge75_drawdown,formal_lgbm_drawdown
2020-01-02,1.0000000000,1.0000000000,1.0000000000,1.0000000000,1.0000000000,0.0000000000,0.0000000000,0.0000000000,0.0000000000,0.0000000000
2020-01-03,1.0000000000,1.0000000000,1.0000000000,1.0000000000,1.0000000000,0.0000000000,0.0000000000,0.0000000000,0.0000000000,0.0000000000
2020-01-06,0.9944554875,0.9944554875,0.9944554875,0.9944554875,0.9944554875,-0.0055445125,-0.0055445125,-0.0055445125,-0.0055445125,-0.0055445125
2020-01-07,0.9999999302,0.9999999302,0.9999999302,0.9999999302,0.9999999302,-0.0000000698,-0.0000000698,-0.0000000698,-0.0000000698,-0.0000000698
2020-01-08,0.9936783129,0.9936783129,0.9936783129,0.9936783129,0.9936783129,-0.0063216871,-0.0063216871,-0.0063216871,-0.0063216871,-0.0063216871
2020-01-09,0.9908726163,0.9908726163,0.9908726163,0.9908726163,0.9908726163,-0.0091273837,-0.0091273837,-0.0091273837,-0.0091273837,-0.0091273837
2020-01-10,1.0024977778,1.0024977778,1.0024977778,1.0024977778,1.0024977778,0.0000000000,0.0000000000,0.0000000000,0.0000000000,0.0000000000
2020-01-13,0.9944736206,0.9944736206,0.9944736206,0.9944736206,0.9944736206,-0.0080041646,-0.0080041646,-0.0080041646,-0.0080041646,-0.0080041646
2020-01-14,1.0120223335,1.0120223335,1.0120223335,1.0120223335,1.0120223335,0.0000000000,0.0000000000,0.0000000000,0.0000000000,0.0000000000
2020-01-15,1.0028858155,1.0028858155,1.0028858155,1.0028858155,1.0028858155,-0.0090279806,-0.0090279806,-0.0090279806,-0.0090279806,-0.0090279806
2020-01-16,1.0056011483,1.0056011483,1.0056011483,1.0056011483,1.0056011483,-0.0063449046,-0.0063449046,-0.0063449046,-0.0063449046,-0.0063449046
2020-01-17,0.9997116733,0.9997116733,0.9997116733,0.9997116733,0.9997116733,-0.0121644155,-0.0121644155,-0.0121644155,-0.0121644155,-0.0121644155
2020-01-20,1.0051708456,1.0051708456,1.0051708456,1.0051708456,1.0051708456,-0.0067700956,-0.0067700956,-0.0067700956,-0.0067700956,-0.0067700956
2020-01-21,1.0090163538,1.0090163538,1.0090163538,1.0090163538,1.0090163538,-0.0029702701,-0.0029702701,-0.0029702701,-0.0029702701,-0.0029702701
2020-01-22,0.9822178747,0.9822178747,0.9822178747,0.9822178747,0.9822178747,-0.0294503963,-0.0294503963,-0.0294503963,-0.0294503963,-0.0294503963
2020-01-23,0.9811364670,0.9811364670,0.9811364670,0.9811364670,0.9811364670,-0.0305189574,-0.0305189574,-0.0305189574,-0.0305189574,-0.0305189574
2020-02-03,0.8525765058,0.8525765058,0.8525765058,0.8525765058,0.8525765058,-0.1575516888,-0.1575516888,-0.1575516888,-0.1575516888,-0.1575516888
2020-02-04,0.8513671120,0.8513671120,0.8513671120,0.8513671120,0.8513671120,-0.1587467155,-0.1587467155,-0.1587467155,-0.1587467155,-0.1587467155
2020-02-05,0.8922044117,0.8922044117,0.8922044117,0.8922044117,0.8922044117,-0.1183945431,-0.1183945431,-0.1183945431,-0.1183945431,-0.1183945431
2020-02-06,0.9084546939,0.9084546939,0.9084546939,0.9084546939,0.9084546939,-0.1023373064,-0.1023373064,-0.1023373064,-0.1023373064,-0.1023373064
2020-02-07,0.9098586731,0.9098586731,0.9098586731,0.9098586731,0.9098586731,-0.1009500058,-0.1009500058,-0.1009500058,-0.1009500058,-0.1009500058
2020-02-10,0.9065273490,0.9065273490,0.9065273490,0.9065273490,0.9065273490,-0.1042417554,-0.1042417554,-0.1042417554,-0.1042417554,-0.1042417554
2020-02-11,0.9342208770,0.9342208770,0.9342208770,0.9342208770,0.9342208770,-0.0768772130,-0.0768772130,-0.0768772130,-0.0768772130,-0.0768772130
2020-02-12,0.9289235047,0.9289235047,0.9289235047,0.9289235047,0.9289235047,-0.0821116551,-0.0821116551,-0.0821116551,-0.0821116551,-0.0821116551
2020-02-13,0.9448489410,0.9448489410,0.9448489410,0.9448489410,0.9448489410,-0.0663754052,-0.0663754052,-0.0663754052,-0.0663754052,-0.0663754052
2020-02-14,0.9374998386,0.9374998386,0.9374998386,0.9374998386,0.9374998386,-0.0736372039,-0.0736372039,-0.0736372039,-0.0736372039,-0.0736372039
2020-02-17,0.9422893007,0.9422893007,0.9422893007,0.9422893007,0.9422893007,-0.0689046383,-0.0689046383,-0.0689046383,-0.0689046383,-0.0689046383
2020-02-18,0.9662599373,0.9662599373,0.9662599373,0.9662599373,0.9662599373,-0.0452187612,-0.0452187612,-0.0452187612,-0.0452187612,-0.0452187612
2020-02-19,0.9620978458,0.9620978458,0.9620978458,0.9620978458,0.9620978458,-0.0493314090,-0.0493314090,-0.0493314090,-0.0493314090,-0.0493314090
2020-02-20,0.9665498923,0.9665498923,0.9665498923,0.9665498923,0.9665498923,-0.0449322507,-0.0449322507,-0.0449322507,-0.0449322507,-0.0449322507
2020-02-21,0.9863178476,0.9863178476,0.9863178476,0.9863178476,0.9863178476,-0.0253991291,-0.0253991291,-0.0253991291,-0.0253991291,-0.0253991291
2020-02-24,0.9809725501,0.9809725501,0.9809725501,0.9809725501,0.9809725501,-0.0306809271,-0.0306809271,-0.0306809271,-0.0306809271,-0.0306809271
2020-02-25,0.9571892778,0.9571892778,0.9571892778,0.9571892778,0.9571892778,-0.0541816656,-0.0541816656,-0.0541816656,-0.0541816656,-0.0541816656
2020-02-26,0.9481761724,0.9481761724,0.9481761724,0.9481761724,0.9481761724,-0.0630876997,-0.0630876997,-0.0630876997,-0.0630876997,-0.0630876997
2020-02-27,0.9547722777,0.9547722777,0.9547722777,0.9547722777,0.9547722777,-0.0565699530,-0.0565699530,-0.0565699530,-0.0565699530,-0.0565699530
2020-02-28,0.9379640150,0.9379640150,0.9379640150,0.9379640150,0.9379640150,-0.0731785417,-0.0731785417,-0.0731785417,-0.0731785417,-0.0731785417
2020-03-02,0.9216226304,0.9216226304,0.9216226304,0.9216226304,0.9216226304,-0.0893257986,-0.0893257986,-0.0893257986,-0.0893257986,-0.0893257986
2020-03-03,0.9479567513,0.9479567513,0.9479567513,0.9479567513,0.9479567513,-0.0633045142,-0.0633045142,-0.0633045142,-0.0633045142,-0.0633045142
2020-03-04,0.9353448751,0.9353448751,0.9353448751,0.9353448751,0.9353448751,-0.0757665675,-0.0757665675,-0.0757665675,-0.0757665675,-0.0757665675
2020-03-05,0.9480036430,0.9480036430,0.9480036430,0.9480036430,0.9480036430,-0.0632581796,-0.0632581796,-0.0632581796,-0.0632581796,-0.0632581796
2020-03-06,0.9554628522,0.9554628522,0.9554628522,0.9554628522,0.9554628522,-0.0558875821,-0.0558875821,-0.0558875821,-0.0558875821,-0.0558875821
2020-03-09,0.9293427036,0.9293427036,0.9293427036,0.9293427036,0.9293427036,-0.0816974361,-0.0816974361,-0.0816974361,-0.0816974361,-0.0816974361
2020-03-10,0.9075911487,0.9075911487,0.9075911487,0.9075911487,0.9075911487,-0.1031905931,-0.1031905931,-0.1031905931,-0.1031905931,-0.1031905931
2020-03-11,0.9311816510,0.9311816510,0.9311816510,0.9311816510,0.9311816510,-0.0798803345,-0.0798803345,-0.0798803345,-0.0798803345,-0.0798803345
2020-03-12,0.9153332551,0.9153332551,0.9153332551,0.9153332551,0.9153332551,-0.0955404591,-0.0955404591,-0.0955404591,-0.0955404591,-0.0955404591
2020-03-13,0.8808746356,0.8808746356,0.8808746356,0.8808746356,0.8808746356,-0.1295897270,-0.1295897270,-0.1295897270,-0.1295897270,-0.1295897270
2020-03-16,0.9058240730,0.9058240730,0.9058240730,0.9058240730,0.9058240730,-0.1049366768,-0.1049366768,-0.1049366768,-0.1049366768,-0.1049366768
2020-03-17,0.8738137990,0.8738137990,0.8738137990,0.8738137990,0.8738137990,-0.1365666843,-0.1365666843,-0.1365666843,-0.1365666843,-0.1365666843
2020-03-18,0.8657865707,0.8657865707,0.8657865707,0.8657865707,0.8657865707,-0.1444985530,-0.1444985530,-0.1444985530,-0.1444985530,-0.1444985530
2020-03-19,0.8419566653,0.8419566653,0.8419566653,0.8419566653,0.8419566653,-0.1680453707,-0.1680453707,-0.1680453707,-0.1680453707,-0.1680453707
2020-03-20,0.8399014618,0.8399014618,0.8399014618,0.8399014618,0.8399014618,-0.1700761594,-0.1700761594,-0.1700761594,-0.1700761594,-0.1700761594
2020-03-23,0.8220069101,0.8220069101,0.8220069101,0.8220069101,0.8220069101,-0.1877581325,-0.1877581325,-0.1877581325,-0.1877581325,-0.1877581325
2020-03-24,0.8319008248,0.8319008248,0.8319008248,0.8319008248,0.8319008248,-0.1779817527,-0.1779817527,-0.1779817527,-0.1779817527,-0.1779817527
2020-03-25,0.8492093722,0.8492093722,0.8492093722,0.8492093722,0.8492093722,-0.1608788224,-0.1608788224,-0.1608788224,-0.1608788224,-0.1608788224
2020-03-26,0.8484508740,0.8484508740,0.8484508740,0.8484508740,0.8484508740,-0.1616283101,-0.1616283101,-0.1616283101,-0.1616283101,-0.1616283101
2020-03-27,0.8639900202,0.8639900202,0.8639900202,0.8639900202,0.8639900202,-0.1462737614,-0.1462737614,-0.1462737614,-0.1462737614,-0.1462737614
2020-03-30,0.8472021678,0.8472021678,0.8472021678,0.8472021678,0.8472021678,-0.1628621822,-0.1628621822,-0.1628621822,-0.1628621822,-0.1628621822
2020-03-31,0.8544760157,0.8544760157,0.8544760157,0.8544760157,0.8544760157,-0.1556747441,-0.1556747441,-0.1556747441,-0.1556747441,-0.1556747441
2020-04-01,0.8468121238,0.8468121238,0.8468121238,0.8468121238,0.8468121238,-0.1632475927,-0.1632475927,-0.1632475927,-0.1632475927,-0.1632475927
2020-04-02,0.8475428163,0.8475428163,0.8475428163,0.8475428163,0.8475428163,-0.1625255805,-0.1625255805,-0.1625255805,-0.1625255805,-0.1625255805
2020-04-03,0.8621294817,0.8621294817,0.8621294817,0.8621294817,0.8621294817,-0.1481121976,-0.1481121976,-0.1481121976,-0.1481121976,-0.1481121976
2020-04-07,0.8726381559,0.8726381559,0.8726381559,0.8726381559,0.8726381559,-0.1377283613,-0.1377283613,-0.1377283613,-0.1377283613,-0.1377283613
2020-04-08,0.8657075007,0.8657075007,0.8657075007,0.8657075007,0.8657075007,-0.1445766837,-0.1445766837,-0.1445766837,-0.1445766837,-0.1445766837
2020-04-09,0.8648059547,0.8648059547,0.8648059547,0.8648059547,0.8648059547,-0.1454675198,-0.1454675198,-0.1454675198,-0.1454675198,-0.1454675198
2020-04-10,0.8557682635,0.8557682635,0.8557682635,0.8557682635,0.8557682635,-0.1543978476,-0.1543978476,-0.1543978476,-0.1543978476,-0.1543978476
2020-04-13,0.8462677658,0.8462677658,0.8462677658,0.8462677658,0.8462677658,-0.1637854840,-0.1637854840,-0.1637854840,-0.1637854840,-0.1637854840
2020-04-14,0.8464944455,0.8464944455,0.8464944455,0.8464944455,0.8464944455,-0.1635614971,-0.1635614971,-0.1635614971,-0.1635614971,-0.1635614971
2020-04-15,0.8563232228,0.8563232228,0.8563232228,0.8563232228,0.8563232228,-0.1538494809,-0.1538494809,-0.1538494809,-0.1538494809,-0.1538494809
2020-04-16,0.8461365178,0.8461365178,0.8461365178,0.8461365178,0.8461365178,-0.1639151728,-0.1639151728,-0.1639151728,-0.1639151728,-0.1639151728
2020-04-17,0.8512105541,0.8512105541,0.8512105541,0.8512105541,0.8512105541,-0.1589014136,-0.1589014136,-0.1589014136,-0.1589014136,-0.1589014136
2020-04-20,0.8518805514,0.8518805514,0.8518805514,0.8518805514,0.8518805514,-0.1582393756,-0.1582393756,-0.1582393756,-0.1582393756,-0.1582393756
2020-04-21,0.8605078974,0.8605078974,0.8605078974,0.8605078974,0.8605078974,-0.1497145182,-0.1497145182,-0.1497145182,-0.1497145182,-0.1497145182
2020-04-22,0.8525002727,0.8525002727,0.8525002727,0.8525002727,0.8525002727,-0.1576270162,-0.1576270162,-0.1576270162,-0.1576270162,-0.1576270162
2020-04-23,0.8515681797,0.8515681797,0.8515681797,0.8515681797,0.8515681797,-0.1585480364,-0.1585480364,-0.1585480364,-0.1585480364,-0.1585480364
2020-04-24,0.8471121596,0.8471121596,0.8471121596,0.8471121596,0.8471121596,-0.1629511212,-0.1629511212,-0.1629511212,-0.1629511212,-0.1629511212
2020-04-27,0.8469795859,0.8469795859,0.8469795859,0.8469795859,0.8469795859,-0.1630821200,-0.1630821200,-0.1630821200,-0.1630821200,-0.1630821200
2020-04-28,0.8538875927,0.8538875927,0.8538875927,0.8538875927,0.8538875927,-0.1562561769,-0.1562561769,-0.1562561769,-0.1562561769,-0.1562561769
2020-04-29,0.8499248201,0.8499248201,0.8499248201,0.8499248201,0.8499248201,-0.1601718737,-0.1601718737,-0.1601718737,-0.1601718737,-0.1601718737
2020-04-30,0.8661128054,0.8661128054,0.8661128054,0.8661128054,0.8661128054,-0.1441761938,-0.1441761938,-0.1441761938,-0.1441761938,-0.1441761938
2020-05-06,0.8600590700,0.8600590700,0.8600590700,0.8600590700,0.8600590700,-0.1501580138,-0.1501580138,-0.1501580138,-0.1501580138,-0.1501580138
2020-05-07,0.8670837139,0.8670837139,0.8670837139,0.8670837139,0.8670837139,-0.1432168192,-0.1432168192,-0.1432168192,-0.1432168192,-0.1432168192
2020-05-08,0.8657483395,0.8657483395,0.8657483395,0.8657483395,0.8657483395,-0.1445363300,-0.1445363300,-0.1445363300,-0.1445363300,-0.1445363300
2020-05-11,0.8694062260,0.8694062260,0.8694062260,0.8694062260,0.8694062260,-0.1409218975,-0.1409218975,-0.1409218975,-0.1409218975,-0.1409218975
2020-05-12,0.8718993831,0.8718993831,0.8718993831,0.8718993831,0.8718993831,-0.1384583578,-0.1384583578,-0.1384583578,-0.1384583578,-0.1384583578
2020-05-13,0.8638519074,0.8638519074,0.8638519074,0.8638519074,0.8638519074,-0.1464102334,-0.1464102334,-0.1464102334,-0.1464102334,-0.1464102334
2020-05-14,0.8560248381,0.8560248381,0.8560248381,0.8560248381,0.8560248381,-0.1541443210,-0.1541443210,-0.1541443210,-0.1541443210,-0.1541443210
2020-05-15,0.8444994848,0.8444994848,0.8444994848,0.8444994848,0.8444994848,-0.1655327587,-0.1655327587,-0.1655327587,-0.1655327587,-0.1655327587
2020-05-18,0.8393352814,0.8393352814,0.8393352814,0.8393352814,0.8393352814,-0.1706356138,-0.1706356138,-0.1706356138,-0.1706356138,-0.1706356138
2020-05-19,0.8410465273,0.8410465273,0.8410465273,0.8410465273,0.8410465273,-0.1689446967,-0.1689446967,-0.1689446967,-0.1689446967,-0.1689446967
2020-05-20,0.8414038536,0.8414038536,0.8414038536,0.8414038536,0.8414038536,-0.1685916153,-0.1685916153,-0.1685916153,-0.1685916153,-0.1685916153
2020-05-21,0.8462765060,0.8462765060,0.8462765060,0.8462765060,0.8462765060,-0.1637768476,-0.1637768476,-0.1637768476,-0.1637768476,-0.1637768476
2020-05-22,0.8328108118,0.8328108118,0.8328108118,0.8328108118,0.8328108118,-0.1770825759,-0.1770825759,-0.1770825759,-0.1770825759,-0.1770825759
2020-05-25,0.8073316847,0.8073316847,0.8073316847,0.8073316847,0.8073316847,-0.2022590234,-0.2022590234,-0.2022590234,-0.2022590234,-0.2022590234
2020-05-26,0.8110581259,0.8110581259,0.8110581259,0.8110581259,0.8110581259,-0.1985768505,-0.1985768505,-0.1985768505,-0.1985768505,-0.1985768505
2020-05-27,0.8119931251,0.8119931251,0.8119931251,0.8119931251,0.8119931251,-0.1976529586,-0.1976529586,-0.1976529586,-0.1976529586,-0.1976529586
2020-05-28,0.8123363684,0.8123363684,0.8123363684,0.8123363684,0.8123363684,-0.1973137929,-0.1973137929,-0.1973137929,-0.1973137929,-0.1973137929
2020-05-29,0.8178655614,0.8178655614,0.8178655614,0.8178655614,0.8178655614,-0.1918502840,-0.1918502840,-0.1918502840,-0.1918502840,-0.1918502840
2020-06-01,0.8202356038,0.8202356038,0.8202356038,0.8202356038,0.8202356038,-0.1895083966,-0.1895083966,-0.1895083966,-0.1895083966,-0.1895083966
2020-06-02,0.8368073078,0.8368073078,0.8368073078,0.8368073078,0.8368073078,-0.1731335563,-0.1731335563,-0.1731335563,-0.1731335563,-0.1731335563
2020-06-03,0.8626518817,0.8626518817,0.8626518817,0.8626518817,0.8626518817,-0.1475960034,-0.1475960034,-0.1475960034,-0.1475960034,-0.1475960034
2020-06-04,0.8546068271,0.8546068271,0.8546068271,0.8546068271,0.8546068271,-0.1555454867,-0.1555454867,-0.1555454867,-0.1555454867,-0.1555454867
2020-06-05,0.8536397781,0.8536397781,0.8536397781,0.8536397781,0.8536397781,-0.1565010476,-0.1565010476,-0.1565010476,-0.1565010476,-0.1565010476
2020-06-08,0.8619058042,0.8619058042,0.8619058042,0.8619058042,0.8619058042,-0.1483332179,-0.1483332179,-0.1483332179,-0.1483332179,-0.1483332179
2020-06-09,0.8733711877,0.8733711877,0.8733711877,0.8733711877,0.8733711877,-0.1370040376,-0.1370040376,-0.1370040376,-0.1370040376,-0.1370040376
2020-06-10,0.8714872888,0.8714872888,0.8714872888,0.8714872888,0.8714872888,-0.1388655567,-0.1388655567,-0.1388655567,-0.1388655567,-0.1388655567
2020-06-11,0.8641526262,0.8641526262,0.8641526262,0.8641526262,0.8641526262,-0.1461130870,-0.1461130870,-0.1461130870,-0.1461130870,-0.1461130870
2020-06-12,0.8431756533,0.8431756533,0.8431756533,0.8431756533,0.8431756533,-0.1668408637,-0.1668408637,-0.1668408637,-0.1668408637,-0.1668408637
2020-06-15,0.8473779176,0.8473779176,0.8473779176,0.8473779176,0.8473779176,-0.1626885203,-0.1626885203,-0.1626885203,-0.1626885203,-0.1626885203
2020-06-16,0.8516702515,0.8516702515,0.8516702515,0.8516702515,0.8516702515,-0.1584471772,-0.1584471772,-0.1584471772,-0.1584471772,-0.1584471772
2020-06-17,0.8565534520,0.8565534520,0.8565534520,0.8565534520,0.8565534520,-0.1536219867,-0.1536219867,-0.1536219867,-0.1536219867,-0.1536219867
2020-06-18,0.8563971290,0.8563971290,0.8563971290,0.8563971290,0.8563971290,-0.1537764527,-0.1537764527,-0.1537764527,-0.1537764527,-0.1537764527
2020-06-19,0.8733141300,0.8733141300,0.8733141300,0.8733141300,0.8733141300,-0.1370604175,-0.1370604175,-0.1370604175,-0.1370604175,-0.1370604175
2020-06-22,0.8711722570,0.8711722570,0.8711722570,0.8711722570,0.8711722570,-0.1391768460,-0.1391768460,-0.1391768460,-0.1391768460,-0.1391768460
2020-06-23,0.8669645894,0.8669645894,0.8669645894,0.8669645894,0.8669645894,-0.1433345286,-0.1433345286,-0.1433345286,-0.1433345286,-0.1433345286
2020-06-24,0.8712836188,0.8712836188,0.8712836188,0.8712836188,0.8712836188,-0.1390668072,-0.1390668072,-0.1390668072,-0.1390668072,-0.1390668072
2020-06-29,0.8676862217,0.8676862217,0.8676862217,0.8676862217,0.8676862217,-0.1426214689,-0.1426214689,-0.1426214689,-0.1426214689,-0.1426214689
2020-06-30,0.8605008499,0.8605008499,0.8605008499,0.8605008499,0.8605008499,-0.1497214820,-0.1497214820,-0.1497214820,-0.1497214820,-0.1497214820
2020-07-01,0.8732899798,0.8732899798,0.8732899798,0.8732899798,0.8732899798,-0.1370842808,-0.1370842808,-0.1370842808,-0.1370842808,-0.1370842808
2020-07-02,0.8922336981,0.8922336981,0.8922336981,0.8922336981,0.8922336981,-0.1183656046,-0.1183656046,-0.1183656046,-0.1183656046,-0.1183656046
2020-07-03,0.9368885622,0.9368885622,0.9368885622,0.9368885622,0.9368885622,-0.0742412186,-0.0742412186,-0.0742412186,-0.0742412186,-0.0742412186
2020-07-06,0.9865667202,0.9865667202,0.9865667202,0.9865667202,0.9865667202,-0.0251532130,-0.0251532130,-0.0251532130,-0.0251532130,-0.0251532130
2020-07-07,1.0505123355,1.0505123355,1.0505123355,1.0505123355,1.0505123355,0.0000000000,0.0000000000,0.0000000000,0.0000000000,0.0000000000
2020-07-08,1.0167318530,1.0167318530,1.0167318530,1.0167318530,1.0167318530,-0.0321561978,-0.0321561978,-0.0321561978,-0.0321561978,-0.0321561978
2020-07-09,1.0441107772,1.0441107772,1.0441107772,1.0441107772,1.0441107772,-0.0060937488,-0.0060937488,-0.0060937488,-0.0060937488,-0.0060937488
2020-07-10,1.0511822798,1.0511822798,1.0511822798,1.0511822798,1.0511822798,0.0000000000,0.0000000000,0.0000000000,0.0000000000,0.0000000000
2020-07-13,1.0445605446,1.0445605446,1.0445605446,1.0445605446,1.0445605446,-0.0062993216,-0.0062993216,-0.0062993216,-0.0062993216,-0.0062993216
2020-07-14,1.0631198757,1.0631198757,1.0631198757,1.0631198757,1.0631198757,0.0000000000,0.0000000000,0.0000000000,0.0000000000,0.0000000000
2020-07-15,1.0633176659,1.0633176659,1.0633176659,1.0633176659,1.0633176659,0.0000000000,0.0000000000,0.0000000000,0.0000000000,0.0000000000
2020-07-16,1.0081369281,1.0081369281,1.0081369281,1.0081369281,1.0081369281,-0.0518948754,-0.0518948754,-0.0518948754,-0.0518948754,-0.0518948754
2020-07-17,0.9604339267,0.9604339267,0.9604339267,0.9604339267,0.9604339267,-0.0967572932,-0.0967572932,-0.0967572932,-0.0967572932,-0.0967572932
2020-07-20,0.9591876512,0.9591876512,0.9591876512,0.9591876512,0.9591876512,-0.0979293564,-0.0979293564,-0.0979293564,-0.0979293564,-0.0979293564
2020-07-21,0.9838368657,0.9838368657,0.9838368657,0.9838368657,0.9838368657,-0.0747479354,-0.0747479354,-0.0747479354,-0.0747479354,-0.0747479354
2020-07-22,0.9853505007,0.9853505007,0.9853505007,0.9853505007,0.9853505007,-0.0733244332,-0.0733244332,-0.0733244332,-0.0733244332,-0.0733244332
2020-07-23,0.9742600171,0.9742600171,0.9742600171,0.9742600171,0.9742600171,-0.0837545088,-0.0837545088,-0.0837545088,-0.0837545088,-0.0837545088
2020-07-24,0.9699409702,0.9699409702,0.9699409702,0.9699409702,0.9699409702,-0.0878163682,-0.0878163682,-0.0878163682,-0.0878163682,-0.0878163682
2020-07-27,0.9351301794,0.9351301794,0.9351301794,0.9351301794,0.9351301794,-0.1205542714,-0.1205542714,-0.1205542714,-0.1205542714,-0.1205542714
2020-07-28,0.9544139870,0.9544139870,0.9544139870,0.9544139870,0.9544139870,-0.1024187619,-0.1024187619,-0.1024187619,-0.1024187619,-0.1024187619
2020-07-29,0.9481808418,0.9481808418,0.9481808418,0.9481808418,0.9481808418,-0.1082807404,-0.1082807404,-0.1082807404,-0.1082807404,-0.1082807404
2020-07-30,0.9844262083,0.9844262083,0.9844262083,0.9844262083,0.9844262083,-0.0741936865,-0.0741936865,-0.0741936865,-0.0741936865,-0.0741936865
2020-07-31,0.9747930512,0.9747930512,0.9747930512,0.9747930512,0.9747930512,-0.0832532154,-0.0832532154,-0.0832532154,-0.0832532154,-0.0832532154
2020-08-03,0.9980402468,0.9980402468,0.9980402468,0.9980402468,0.9980402468,-0.0613903269,-0.0613903269,-0.0613903269,-0.0613903269,-0.0613903269
2020-08-04,1.0320070661,1.0320070661,1.0320070661,1.0320070661,1.0320070661,-0.0294461390,-0.0294461390,-0.0294461390,-0.0294461390,-0.0294461390
2020-08-05,1.0282490663,1.0282490663,1.0282490663,1.0282490663,1.0282490663,-0.0329803602,-0.0329803602,-0.0329803602,-0.0329803602,-0.0329803602
2020-08-06,1.0146601049,1.0146601049,1.0146601049,1.0146601049,1.0146601049,-0.0457601360,-0.0457601360,-0.0457601360,-0.0457601360,-0.0457601360
2020-08-07,1.0084683370,1.0084683370,1.0084683370,1.0084683370,1.0084683370,-0.0515832010,-0.0515832010,-0.0515832010,-0.0515832010,-0.0515832010
2020-08-10,0.9782500215,0.9782500215,0.9782500215,0.9782500215,0.9782500215,-0.0800020983,-0.0800020983,-0.0800020983,-0.0800020983,-0.0800020983
2020-08-11,1.0002286005,1.0002286005,1.0002286005,1.0002286005,1.0002286005,-0.0593322837,-0.0593322837,-0.0593322837,-0.0593322837,-0.0593322837
2020-08-12,1.0188966544,1.0188966544,1.0188966544,1.0188966544,1.0188966544,-0.0417758615,-0.0417758615,-0.0417758615,-0.0417758615,-0.0417758615
2020-08-13,1.0559921094,1.0559921094,1.0559921094,1.0559921094,1.0559921094,-0.0068893396,-0.0068893396,-0.0068893396,-0.0068893396,-0.0068893396
2020-08-14,1.0198993902,1.0198993902,1.0198993902,1.0198993902,1.0198993902,-0.0408328358,-0.0408328358,-0.0408328358,-0.0408328358,-0.0408328358
2020-08-17,1.0305895038,1.0305895038,1.0305895038,1.0305895038,1.0305895038,-0.0307792893,-0.0307792893,-0.0307792893,-0.0307792893,-0.0307792893
2020-08-18,1.0284288415,1.0284288415,1.0284288415,1.0284288415,1.0284288415,-0.0328112901,-0.0328112901,-0.0328112901,-0.0328112901,-0.0328112901
2020-08-19,1.0126583087,1.0126583087,1.0126583087,1.0126583087,1.0126583087,-0.0476427307,-0.0476427307,-0.0476427307,-0.0476427307,-0.0476427307
2020-08-20,0.9780293287,0.9780293287,0.9780293287,0.9780293287,0.9780293287,-0.0802096494,-0.0802096494,-0.0802096494,-0.0802096494,-0.0802096494
2020-08-21,0.9896944664,0.9896944664,0.9896944664,0.9896944664,0.9896944664,-0.0692391388,-0.0692391388,-0.0692391388,-0.0692391388,-0.0692391388
2020-08-24,0.9789638061,0.9789638061,0.9789638061,0.9789638061,0.9789638061,-0.0793308176,-0.0793308176,-0.0793308176,-0.0793308176,-0.0793308176
2020-08-25,0.9892864396,0.9892864396,0.9892864396,0.9892864396,0.9892864396,-0.0696228688,-0.0696228688,-0.0696228688,-0.0696228688,-0.0696228688
2020-08-26,0.9817062259,0.9817062259,0.9817062259,0.9817062259,0.9817062259,-0.0767517014,-0.0767517014,-0.0767517014,-0.0767517014,-0.0767517014
2020-08-27,0.9628848859,0.9628848859,0.9628848859,0.9628848859,0.9628848859,-0.0944522820,-0.0944522820,-0.0944522820,-0.0944522820,-0.0944522820
2020-08-28,0.9758701845,0.9758701845,0.9758701845,0.9758701845,0.9758701845,-0.0822402225,-0.0822402225,-0.0822402225,-0.0822402225,-0.0822402225
2020-08-31,0.9979807821,0.9979807821,0.9979807821,0.9979807821,0.9979807821,-0.0614462506,-0.0614462506,-0.0614462506,-0.0614462506,-0.0614462506
2020-09-01,0.9905321747,0.9905321747,0.9905321747,0.9905321747,0.9905321747,-0.0684513138,-0.0684513138,-0.0684513138,-0.0684513138,-0.0684513138
2020-09-02,0.9913454602,0.9913454602,0.9913454602,0.9913454602,0.9913454602,-0.0676864572,-0.0676864572,-0.0676864572,-0.0676864572,-0.0676864572
2020-09-03,0.9954011847,0.9954011847,0.9954011847,0.9954011847,0.9954011847,-0.0638722400,-0.0638722400,-0.0638722400,-0.0638722400,-0.0638722400
2020-09-04,0.9807384126,0.9807384126,0.9807384126,0.9807384126,0.9807384126,-0.0776618841,-0.0776618841,-0.0776618841,-0.0776618841,-0.0776618841
2020-09-07,1.0058535899,1.0058535899,1.0058535899,1.0058535899,1.0058535899,-0.0540422471,-0.0540422471,-0.0540422471,-0.0540422471,-0.0540422471
2020-09-08,0.9914423511,0.9914423511,0.9914423511,0.9914423511,0.9914423511,-0.0675953359,-0.0675953359,-0.0675953359,-0.0675953359,-0.0675953359
2020-09-09,0.9946469503,0.9946469503,0.9946469503,0.9946469503,0.9946469503,-0.0645815618,-0.0645815618,-0.0645815618,-0.0645815618,-0.0645815618
2020-09-10,0.9811143063,0.9811143063,0.9811143063,0.9811143063,0.9811143063,-0.0773083738,-0.0773083738,-0.0773083738,-0.0773083738,-0.0773083738
2020-09-11,0.9663653172,0.9663653172,0.9663653172,0.9663653172,0.9663653172,-0.0911791009,-0.0911791009,-0.0911791009,-0.0911791009,-0.0911791009
2020-09-14,0.9814792431,0.9814792431,0.9814792431,0.9814792431,0.9814792431,-0.0769651680,-0.0769651680,-0.0769651680,-0.0769651680,-0.0769651680
2020-09-15,0.9972155267,0.9972155267,0.9972155267,0.9972155267,0.9972155267,-0.0621659372,-0.0621659372,-0.0621659372,-0.0621659372,-0.0621659372
2020-09-16,1.0025260239,1.0025260239,1.0025260239,1.0025260239,1.0025260239,-0.0571716656,-0.0571716656,-0.0571716656,-0.0571716656,-0.0571716656
2020-09-17,0.9984935050,0.9984935050,0.9984935050,0.9984935050,0.9984935050,-0.0609640590,-0.0609640590,-0.0609640590,-0.0609640590,-0.0609640590
2020-09-18,1.0166881137,1.0166881137,1.0166881137,1.0166881137,1.0166881137,-0.0438528896,-0.0438528896,-0.0438528896,-0.0438528896,-0.0438528896
2020-09-21,1.0360377077,1.0360377077,1.0360377077,1.0360377077,1.0360377077,-0.0256555111,-0.0256555111,-0.0256555111,-0.0256555111,-0.0256555111
2020-09-22,1.0056949918,1.0056949918,1.0056949918,1.0056949918,1.0056949918,-0.0541914011,-0.0541914011,-0.0541914011,-0.0541914011,-0.0541914011
2020-09-23,1.0026035585,1.0026035585,1.0026035585,1.0026035585,1.0026035585,-0.0570987480,-0.0570987480,-0.0570987480,-0.0570987480,-0.0570987480
2020-09-24,1.0087592338,1.0087592338,1.0087592338,1.0087592338,1.0087592338,-0.0513096263,-0.0513096263,-0.0513096263,-0.0513096263,-0.0513096263
2020-09-25,0.9954999216,0.9954999216,0.9954999216,0.9954999216,0.9954999216,-0.0637793827,-0.0637793827,-0.0637793827,-0.0637793827,-0.0637793827
2020-09-28,0.9830019017,0.9830019017,0.9830019017,0.9830019017,0.9830019017,-0.0755331796,-0.0755331796,-0.0755331796,-0.0755331796,-0.0755331796
2020-09-29,0.9671323219,0.9671323219,0.9671323219,0.9671323219,0.9671323219,-0.0904577692,-0.0904577692,-0.0904577692,-0.0904577692,-0.0904577692
2020-09-30,0.9703894671,0.9703894671,0.9703894671,0.9703894671,0.9703894671,-0.0873945781,-0.0873945781,-0.0873945781,-0.0873945781,-0.0873945781
2020-10-09,0.9965449782,0.9965449782,0.9965449782,0.9965449782,0.9965449782,-0.0627965563,-0.0627965563,-0.0627965563,-0.0627965563,-0.0627965563
2020-10-12,0.9958247742,0.9958247742,0.9958247742,0.9958247742,0.9958247742,-0.0634738741,-0.0634738741,-0.0634738741,-0.0634738741,-0.0634738741
2020-10-13,1.0238986537,1.0238986537,1.0238986537,1.0238986537,1.0238986537,-0.0370717176,-0.0370717176,-0.0370717176,-0.0370717176,-0.0370717176
2020-10-14,1.0319838765,1.0319838765,1.0319838765,1.0319838765,1.0319838765,-0.0294679477,-0.0294679477,-0.0294679477,-0.0294679477,-0.0294679477
2020-10-15,1.0207652640,1.0207652640,1.0207652640,1.0207652640,1.0207652640,-0.0400185225,-0.0400185225,-0.0400185225,-0.0400185225,-0.0400185225
2020-10-16,1.0259648305,1.0259648305,1.0259648305,1.0259648305,1.0259648305,-0.0351285760,-0.0351285760,-0.0351285760,-0.0351285760,-0.0351285760
2020-10-19,1.0309201342,1.0309201342,1.0309201342,1.0309201342,1.0309201342,-0.0304683471,-0.0304683471,-0.0304683471,-0.0304683471,-0.0304683471
2020-10-20,1.0338893445,1.0338893445,1.0338893445,1.0338893445,1.0338893445,-0.0276759452,-0.0276759452,-0.0276759452,-0.0276759452,-0.0276759452
2020-10-21,1.0337118050,1.0337118050,1.0337118050,1.0337118050,1.0337118050,-0.0278429127,-0.0278429127,-0.0278429127,-0.0278429127,-0.0278429127
2020-10-22,1.0124417320,1.0124417320,1.0124417320,1.0124417320,1.0124417320,-0.0478464108,-0.0478464108,-0.0478464108,-0.0478464108,-0.0478464108
2020-10-23,1.0203298692,1.0203298692,1.0203298692,1.0203298692,1.0203298692,-0.0404279907,-0.0404279907,-0.0404279907,-0.0404279907,-0.0404279907
2020-10-26,1.0051537407,1.0051537407,1.0051537407,1.0051537407,1.0051537407,-0.0547004221,-0.0547004221,-0.0547004221,-0.0547004221,-0.0547004221
2020-10-27,1.0200952859,1.0200952859,1.0200952859,1.0200952859,1.0200952859,-0.0406486052,-0.0406486052,-0.0406486052,-0.0406486052,-0.0406486052
2020-10-28,1.0258458879,1.0258458879,1.0258458879,1.0258458879,1.0258458879,-0.0352404359,-0.0352404359,-0.0352404359,-0.0352404359,-0.0352404359
2020-10-29,1.0334388153,1.0334388153,1.0334388153,1.0334388153,1.0334388153,-0.0280996466,-0.0280996466,-0.0280996466,-0.0280996466,-0.0280996466
2020-10-30,1.0758825083,1.0758825083,1.0758825083,1.0758825083,1.0758825083,0.0000000000,0.0000000000,0.0000000000,0.0000000000,0.0000000000
2020-11-02,1.0654701207,1.0654701207,1.0654701207,1.0654701207,1.0654701207,-0.0096779969,-0.0096779969,-0.0096779969,-0.0096779969,-0.0096779969
2020-11-03,1.0816249139,1.0816249139,1.0816249139,1.0816249139,1.0816249139,0.0000000000,0.0000000000,0.0000000000,0.0000000000,0.0000000000
2020-11-04,1.0995370906,1.0995370906,1.0995370906,1.0995370906,1.0995370906,0.0000000000,0.0000000000,0.0000000000,0.0000000000,0.0000000000
2020-11-05,1.1143323633,1.1143323633,1.1143323633,1.1143323633,1.1143323633,0.0000000000,0.0000000000,0.0000000000,0.0000000000,0.0000000000
2020-11-06,1.1099310762,1.1099310762,1.1099310762,1.1099310762,1.1099310762,-0.0039497077,-0.0039497077,-0.0039497077,-0.0039497077,-0.0039497077
2020-11-09,1.1214122140,1.1214122140,1.1214122140,1.1214122140,1.1214122140,0.0000000000,0.0000000000,0.0000000000,0.0000000000,0.0000000000
2020-11-10,1.1631256600,1.1631256600,1.1631256600,1.1631256600,1.1631256600,0.0000000000,0.0000000000,0.0000000000,0.0000000000,0.0000000000
2020-11-11,1.1528475751,1.1528475751,1.1528475751,1.1528475751,1.1528475751,-0.0088366075,-0.0088366075,-0.0088366075,-0.0088366075,-0.0088366075
2020-11-12,1.1202059297,1.1202059297,1.1202059297,1.1202059297,1.1202059297,-0.0369003383,-0.0369003383,-0.0369003383,-0.0369003383,-0.0369003383
2020-11-13,1.1054162383,1.1054162383,1.1054162383,1.1054162383,1.1054162383,-0.0496158100,-0.0496158100,-0.0496158100,-0.0496158100,-0.0496158100
2020-11-16,1.1300005662,1.1300005662,1.1300005662,1.1300005662,1.1300005662,-0.0284793767,-0.0284793767,-0.0284793767,-0.0284793767,-0.0284793767
2020-11-17,1.1106675875,1.1106675875,1.1106675875,1.1106675875,1.1106675875,-0.0451009502,-0.0451009502,-0.0451009502,-0.0451009502,-0.0451009502
2020-11-18,1.0993278732,1.0993278732,1.0993278732,1.0993278732,1.0993278732,-0.0548502961,-0.0548502961,-0.0548502961,-0.0548502961,-0.0548502961
2020-11-19,1.1058048430,1.1058048430,1.1058048430,1.1058048430,1.1058048430,-0.0492817062,-0.0492817062,-0.0492817062,-0.0492817062,-0.0492817062
2020-11-20,1.1103884426,1.1103884426,1.1103884426,1.1103884426,1.1103884426,-0.0453409457,-0.0453409457,-0.0453409457,-0.0453409457,-0.0453409457
2020-11-23,1.1105300514,1.1105300514,1.1105300514,1.1105300514,1.1105300514,-0.0452191972,-0.0452191972,-0.0452191972,-0.0452191972,-0.0452191972
2020-11-24,1.1112897743,1.1112897743,1.1112897743,1.1112897743,1.1112897743,-0.0445660237,-0.0445660237,-0.0445660237,-0.0445660237,-0.0445660237
2020-11-25,1.1065529850,1.1065529850,1.1065529850,1.1065529850,1.1065529850,-0.0486384893,-0.0486384893,-0.0486384893,-0.0486384893,-0.0486384893
2020-11-26,1.1013510438,1.1013510438,1.1013510438,1.1013510438,1.1013510438,-0.0531108704,-0.0531108704,-0.0531108704,-0.0531108704,-0.0531108704
2020-11-27,1.1028321208,1.1028321208,1.1028321208,1.1028321208,1.1028321208,-0.0518375110,-0.0518375110,-0.0518375110,-0.0518375110,-0.0518375110
2020-11-30,1.1129074711,1.1129074711,1.1129074711,1.1129074711,1.1129074711,-0.0431752051,-0.0431752051,-0.0431752051,-0.0431752051,-0.0431752051
2020-12-01,1.1078027238,1.1078027238,1.1078027238,1.1078027238,1.1078027238,-0.0475640235,-0.0475640235,-0.0475640235,-0.0475640235,-0.0475640235
2020-12-02,1.1335347317,1.1335347317,1.1335347317,1.1335347317,1.1335347317,-0.0254408696,-0.0254408696,-0.0254408696,-0.0254408696,-0.0254408696
2020-12-03,1.1547170276,1.1547170276,1.1547170276,1.1547170276,1.1547170276,-0.0072293413,-0.0072293413,-0.0072293413,-0.0072293413,-0.0072293413
2020-12-04,1.1222976202,1.1222976202,1.1222976202,1.1222976202,1.1222976202,-0.0351020025,-0.0351020025,-0.0351020025,-0.0351020025,-0.0351020025
2020-12-07,1.1116636703,1.1116636703,1.1116636703,1.1116636703,1.1116636703,-0.0442445657,-0.0442445657,-0.0442445657,-0.0442445657,-0.0442445657
2020-12-08,1.0941161363,1.0941161363,1.0941161363,1.0941161363,1.0941161363,-0.0593310990,-0.0593310990,-0.0593310990,-0.0593310990,-0.0593310990
2020-12-09,1.0891811589,1.0891811589,1.0891811589,1.0891811589,1.0891811589,-0.0635739573,-0.0635739573,-0.0635739573,-0.0635739573,-0.0635739573
2020-12-10,1.0613501740,1.0613501740,1.0613501740,1.0613501740,1.0613501740,-0.0875017116,-0.0875017116,-0.0875017116,-0.0875017116,-0.0875017116
2020-12-11,1.0616244440,1.0616244440,1.0616244440,1.0616244440,1.0616244440,-0.0872659073,-0.0872659073,-0.0872659073,-0.0872659073,-0.0872659073
2020-12-14,1.0537479078,1.0537479078,1.0537479078,1.0537479078,1.0537479078,-0.0940377777,-0.0940377777,-0.0940377777,-0.0940377777,-0.0940377777
2020-12-15,1.0602810804,1.0602810804,1.0602810804,1.0602810804,1.0602810804,-0.0884208673,-0.0884208673,-0.0884208673,-0.0884208673,-0.0884208673
2020-12-16,1.0558177532,1.0558177532,1.0558177532,1.0558177532,1.0558177532,-0.0922582232,-0.0922582232,-0.0922582232,-0.0922582232,-0.0922582232
2020-12-17,1.0413905986,1.0413905986,1.0413905986,1.0413905986,1.0413905986,-0.1046620031,-0.1046620031,-0.1046620031,-0.1046620031,-0.1046620031
2020-12-18,1.0512510152,1.0512510152,1.0512510152,1.0512510152,1.0512510152,-0.0961844869,-0.0961844869,-0.0961844869,-0.0961844869,-0.0961844869
2020-12-21,1.0369989963,1.0369989963,1.0369989963,1.0369989963,1.0369989963,-0.1084376934,-0.1084376934,-0.1084376934,-0.1084376934,-0.1084376934
2020-12-22,1.0508606657,1.0508606657,1.0508606657,1.0508606657,1.0508606657,-0.0965200908,-0.0965200908,-0.0965200908,-0.0965200908,-0.0965200908
2020-12-23,1.0151183490,1.0151183490,1.0151183490,1.0151183490,1.0151183490,-0.1272496310,-0.1272496310,-0.1272496310,-0.1272496310,-0.1272496310
2020-12-24,1.0197022772,1.0197022772,1.0197022772,1.0197022772,1.0197022772,-0.1233085880,-0.1233085880,-0.1233085880,-0.1233085880,-0.1233085880
2020-12-25,1.0104533211,1.0104533211,1.0104533211,1.0104533211,1.0104533211,-0.1312603996,-0.1312603996,-0.1312603996,-0.1312603996,-0.1312603996
2020-12-28,0.9995235236,0.9995235236,0.9995235236,0.9995235236,0.9995235236,-0.1406573185,-0.1406573185,-0.1406573185,-0.1406573185,-0.1406573185
2020-12-29,1.0047758351,1.0047758351,1.0047758351,1.0047758351,1.0047758351,-0.1361416314,-0.1361416314,-0.1361416314,-0.1361416314,-0.1361416314
2020-12-30,1.0127401413,1.0127401413,1.0127401413,1.0127401413,1.0127401413,-0.1292943006,-0.1292943006,-0.1292943006,-0.1292943006,-0.1292943006
2020-12-31,1.0365185365,1.0365185365,1.0365185365,1.0365185365,1.0365185365,-0.1088507698,-0.1088507698,-0.1088507698,-0.1088507698,-0.1088507698
2021-01-04,1.0874415369,1.0874415369,1.0874415369,1.0874415369,1.0874415369,-0.0650696014,-0.0650696014,-0.0650696014,-0.0650696014,-0.0650696014
2021-01-05,1.0667743356,1.0667743356,1.0667743356,1.0667743356,1.0667743356,-0.0828382760,-0.0828382760,-0.0828382760,-0.0828382760,-0.0828382760
2021-01-06,1.0552477276,1.0552477276,1.0552477276,1.0552477276,1.0552477276,-0.0927483041,-0.0927483041,-0.0927483041,-0.0927483041,-0.0927483041
2021-01-07,1.0593807457,1.0593807457,1.0593807457,1.0593807457,1.0593807457,-0.0891949321,-0.0891949321,-0.0891949321,-0.0891949321,-0.0891949321
2021-01-08,1.0474440939,1.0474440939,1.0474440939,1.0474440939,1.0474440939,-0.0994574964,-0.0994574964,-0.0994574964,-0.0994574964,-0.0994574964
2021-01-11,1.0417411550,1.0417411550,1.0417411550,1.0417411550,1.0417411550,-0.1043606114,-0.1043606114,-0.1043606114,-0.1043606114,-0.1043606114
2021-01-12,1.0285066776,1.0285066776,1.0285066776,1.0285066776,1.0285066776,-0.1157389842,-0.1157389842,-0.1157389842,-0.1157389842,-0.1157389842
2021-01-13,1.0624730404,1.0624730404,1.0624730404,1.0624730404,1.0624730404,-0.0865363245,-0.0865363245,-0.0865363245,-0.0865363245,-0.0865363245
2021-01-14,1.0322747137,1.0322747137,1.0322747137,1.0322747137,1.0322747137,-0.1124994064,-0.1124994064,-0.1124994064,-0.1124994064,-0.1124994064
2021-01-15,1.0707289638,1.0707289638,1.0707289638,1.0707289638,1.0707289638,-0.0794382751,-0.0794382751,-0.0794382751,-0.0794382751,-0.0794382751
2021-01-18,1.0518271741,1.0518271741,1.0518271741,1.0518271741,1.0518271741,-0.0956891329,-0.0956891329,-0.0956891329,-0.0956891329,-0.0956891329
2021-01-19,1.0772382110,1.0772382110,1.0772382110,1.0772382110,1.0772382110,-0.0738419347,-0.0738419347,-0.0738419347,-0.0738419347,-0.0738419347
2021-01-20,1.0729458016,1.0729458016,1.0729458016,1.0729458016,1.0729458016,-0.0775323437,-0.0775323437,-0.0775323437,-0.0775323437,-0.0775323437
2021-01-21,1.0741844702,1.0741844702,1.0741844702,1.0741844702,1.0741844702,-0.0764673954,-0.0764673954,-0.0764673954,-0.0764673954,-0.0764673954
2021-01-22,1.0543307179,1.0543307179,1.0543307179,1.0543307179,1.0543307179,-0.0935367053,-0.0935367053,-0.0935367053,-0.0935367053,-0.0935367053
2021-01-25,1.0336970939,1.0336970939,1.0336970939,1.0336970939,1.0336970939,-0.1112765117,-0.1112765117,-0.1112765117,-0.1112765117,-0.1112765117
2021-01-26,1.0301105964,1.0301105964,1.0301105964,1.0301105964,1.0301105964,-0.1143600113,-0.1143600113,-0.1143600113,-0.1143600113,-0.1143600113
2021-01-27,1.0133324227,1.0133324227,1.0133324227,1.0133324227,1.0133324227,-0.1287850853,-0.1287850853,-0.1287850853,-0.1287850853,-0.1287850853
2021-01-28,0.9936636860,0.9936636860,0.9936636860,0.9936636860,0.9936636860,-0.1456953275,-0.1456953275,-0.1456953275,-0.1456953275,-0.1456953275
2021-01-29,0.9970873456,0.9970873456,0.9970873456,0.9970873456,0.9970873456,-0.1427518282,-0.1427518282,-0.1427518282,-0.1427518282,-0.1427518282
2021-02-01,0.9801399682,0.9801399682,0.9801399682,0.9801399682,0.9801399682,-0.1573223755,-0.1573223755,-0.1573223755,-0.1573223755,-0.1573223755
2021-02-02,0.9926508020,0.9926508020,0.9926508020,0.9926508020,0.9926508020,-0.1465661569,-0.1465661569,-0.1465661569,-0.1465661569,-0.1465661569
2021-02-03,0.9856624994,0.9856624994,0.9856624994,0.9856624994,0.9856624994,-0.1525743664,-0.1525743664,-0.1525743664,-0.1525743664,-0.1525743664
2021-02-04,0.9749395619,0.9749395619,0.9749395619,0.9749395619,0.9749395619,-0.1617934369,-0.1617934369,-0.1617934369,-0.1617934369,-0.1617934369
2021-02-05,0.9535750241,0.9535750241,0.9535750241,0.9535750241,0.9535750241,-0.1801616481,-0.1801616481,-0.1801616481,-0.1801616481,-0.1801616481
2021-02-08,0.9447685058,0.9447685058,0.9447685058,0.9447685058,0.9447685058,-0.1877330728,-0.1877330728,-0.1877330728,-0.1877330728,-0.1877330728
2021-02-09,0.9438417138,0.9438417138,0.9438417138,0.9438417138,0.9438417138,-0.1885298844,-0.1885298844,-0.1885298844,-0.1885298844,-0.1885298844
2021-02-10,0.9523339515,0.9523339515,0.9523339515,0.9523339515,0.9523339515,-0.1812286632,-0.1812286632,-0.1812286632,-0.1812286632,-0.1812286632
2021-02-18,0.9713020531,0.9713020531,0.9713020531,0.9713020531,0.9713020531,-0.1649207936,-0.1649207936,-0.1649207936,-0.1649207936,-0.1649207936
2021-02-19,0.9824345068,0.9824345068,0.9824345068,0.9824345068,0.9824345068,-0.1553496406,-0.1553496406,-0.1553496406,-0.1553496406,-0.1553496406
2021-02-22,1.0073259100,1.0073259100,1.0073259100,1.0073259100,1.0073259100,-0.1339491986,-0.1339491986,-0.1339491986,-0.1339491986,-0.1339491986
2021-02-23,0.9923813370,0.9923813370,0.9923813370,0.9923813370,0.9923813370,-0.1467978301,-0.1467978301,-0.1467978301,-0.1467978301,-0.1467978301
2021-02-24,0.9998156686,0.9998156686,0.9998156686,0.9998156686,0.9998156686,-0.1404061461,-0.1404061461,-0.1404061461,-0.1404061461,-0.1404061461
2021-02-25,0.9938452876,0.9938452876,0.9938452876,0.9938452876,0.9938452876,-0.1455391951,-0.1455391951,-0.1455391951,-0.1455391951,-0.1455391951
2021-02-26,0.9918789469,0.9918789469,0.9918789469,0.9918789469,0.9918789469,-0.1472297611,-0.1472297611,-0.1472297611,-0.1472297611,-0.1472297611
2021-03-01,0.9831365970,0.9831365970,0.9831365970,0.9831365970,0.9831365970,-0.1547460169,-0.1547460169,-0.1547460169,-0.1547460169,-0.1547460169
2021-03-02,0.9839525423,0.9839525423,0.9839525423,0.9839525423,0.9839525423,-0.1540445060,-0.1540445060,-0.1540445060,-0.1540445060,-0.1540445060
2021-03-03,0.9722374873,0.9722374873,0.9722374873,0.9722374873,0.9722374873,-0.1641165519,-0.1641165519,-0.1641165519,-0.1641165519,-0.1641165519
2021-03-04,0.9970997150,0.9970997150,0.9970997150,0.9970997150,0.9970997150,-0.1427411936,-0.1427411936,-0.1427411936,-0.1427411936,-0.1427411936
2021-03-05,0.9907067745,0.9907067745,0.9907067745,0.9907067745,0.9907067745,-0.1482375391,-0.1482375391,-0.1482375391,-0.1482375391,-0.1482375391
2021-03-08,0.9743072214,0.9743072214,0.9743072214,0.9743072214,0.9743072214,-0.1623370931,-0.1623370931,-0.1623370931,-0.1623370931,-0.1623370931
2021-03-09,0.9664728152,0.9664728152,0.9664728152,0.9664728152,0.9664728152,-0.1690727421,-0.1690727421,-0.1690727421,-0.1690727421,-0.1690727421
2021-03-10,0.9465720830,0.9465720830,0.9465720830,0.9465720830,0.9465720830,-0.1861824431,-0.1861824431,-0.1861824431,-0.1861824431,-0.1861824431
2021-03-11,0.9249749998,0.9237154551,0.9254284358,0.9257307265,0.9227078195,-0.2047505858,-0.2058334823,-0.2043607431,-0.2041008480,-0.2066997993
2021-03-12,0.9399235628,0.9460654702,0.9377148064,0.9362423021,0.9509673448,-0.1918985239,-0.1866180046,-0.1937975073,-0.1950634963,-0.1824036065
2021-03-15,0.9314763057,0.9376219721,0.9292660868,0.9277926075,0.9425274001,-0.1991610729,-0.1938773218,-0.2010613137,-0.2023281410,-0.1896598687
2021-03-16,0.9313556968,0.9375005674,0.9291457641,0.9276724756,0.9424053603,-0.1992647667,-0.1939816998,-0.2011647614,-0.2024314246,-0.1897647927
2021-03-17,0.9317224213,0.9384112831,0.9293158335,0.9277114416,0.9437553606,-0.1989494743,-0.1931987098,-0.2010185439,-0.2023979235,-0.1886041267
2021-03-18,0.9113606163,0.9208953135,0.9079245713,0.9056338747,0.9285408409,-0.2164555838,-0.2082581056,-0.2194097314,-0.2213791632,-0.2016848456
2021-03-19,0.9037724649,0.9132850619,0.9003442683,0.8980588038,0.9209134484,-0.2229795146,-0.2148010371,-0.2259269147,-0.2278918481,-0.2082425141
2021-03-22,0.8814591700,0.8907369098,0.8781156123,0.8758865738,0.8981769587,-0.2421634219,-0.2341868635,-0.2450380535,-0.2469544745,-0.2277902641
2021-03-23,0.8901655804,0.9022820749,0.8857934029,0.8828786179,0.9120264678,-0.2346780653,-0.2242608809,-0.2384370551,-0.2409430483,-0.2158831164
2021-03-24,0.9010774993,0.9093713754,0.8980937383,0.8961045643,0.9159963042,-0.2252965176,-0.2181658382,-0.2278618131,-0.2295720100,-0.2124700403
2021-03-25,0.8963719825,0.9000055963,0.8950756385,0.8942114092,0.9028537023,-0.2293420966,-0.2262180887,-0.2304566314,-0.2311996546,-0.2237694229
2021-03-26,0.8977178892,0.9042124416,0.8953889953,0.8938363993,0.9093623590,-0.2281849502,-0.2226012436,-0.2301872222,-0.2315220702,-0.2181735901
2021-03-29,0.8952551844,0.9073212939,0.8909112725,0.8880153312,0.9169747442,-0.2303022664,-0.2199284006,-0.2340369548,-0.2365267471,-0.2116288242
2021-03-30,0.8889483782,0.9004185245,0.8848205889,0.8820687294,0.9095873246,-0.2357245577,-0.2258630727,-0.2392734342,-0.2416393518,-0.2179801754
2021-03-31,0.8820756031,0.8958340653,0.8771169949,0.8738112561,0.9068686439,-0.2416334422,-0.2298045722,-0.2458966172,-0.2487387338,-0.2203175675
2021-04-01,0.8823378150,0.8946787243,0.8778945977,0.8749324528,0.9045539018,-0.2414080048,-0.2307978793,-0.2452280713,-0.2477747823,-0.2223076724
2021-04-02,0.8833344317,0.8995279114,0.8774920103,0.8735970626,0.9125465391,-0.2405511613,-0.2266287794,-0.2455741968,-0.2489228871,-0.2154359838
2021-04-06,0.8787654056,0.8975265960,0.8719875539,0.8674689862,0.9126546636,-0.2444793922,-0.2283494150,-0.2503066660,-0.2541915151,-0.2153430236
2021-04-07,0.8791059395,0.8979299540,0.8723051906,0.8677713580,0.9131096838,-0.2441866174,-0.2280026270,-0.2500335771,-0.2539315503,-0.2149518189
2021-04-08,0.8752103014,0.8939508998,0.8684396891,0.8639259476,0.9090633628,-0.2475359013,-0.2314236281,-0.2533569510,-0.2572376508,-0.2184306528
2021-04-09,0.8730760385,0.8930128026,0.8658687807,0.8610639422,0.9091123275,-0.2493708388,-0.2322301594,-0.2555672955,-0.2596982667,-0.2183885553
2021-04-12,0.8685679600,0.8844453946,0.8628428886,0.8590261744,0.8971933166,-0.2532466699,-0.2395960084,-0.2581688133,-0.2614502423,-0.2286359527
2021-04-13,0.8633429740,0.8749169757,0.8591847790,0.8564126491,0.8841339485,-0.2577388638,-0.2477880888,-0.2613138816,-0.2636972267,-0.2398637749
2021-04-14,0.8564095761,0.8676644232,0.8523669008,0.8496717839,0.8766229525,-0.2636998688,-0.2540234877,-0.2671755683,-0.2694927013,-0.2463213712
2021-04-15,0.8565886357,0.8691658499,0.8520659532,0.8490508316,0.8792020480,-0.2635459219,-0.2527326326,-0.2674343087,-0.2700265665,-0.2441039879
2021-04-16,0.8554974676,0.8678952444,0.8510399236,0.8480682277,0.8777851871,-0.2644840562,-0.2538250386,-0.2683164400,-0.2708713625,-0.2453221373
2021-04-19,0.8657822599,0.8783025008,0.8612807849,0.8582798015,0.8882896351,-0.2556416820,-0.2448773757,-0.2595118357,-0.2620919381,-0.2362909137
2021-04-20,0.8729238718,0.8910033870,0.8664030992,0.8620559174,0.9055277350,-0.2495016645,-0.2339577591,-0.2551079140,-0.2588454137,-0.2214704170
2021-04-21,0.8664362361,0.8838074840,0.8601732449,0.8559979174,0.8977511924,-0.2550794244,-0.2401444535,-0.2604640457,-0.2640537933,-0.2281563177
2021-04-22,0.8687115619,0.8893248044,0.8612667928,0.8563036135,0.9059354070,-0.2531232078,-0.2354009244,-0.2595238653,-0.2637909704,-0.2211199201
2021-04-23,0.8690041737,0.8882562776,0.8620568224,0.8574252549,0.9037409300,-0.2528716341,-0.2363195928,-0.2588446356,-0.2628266365,-0.2230066268
2021-04-26,0.8692079570,0.8921235755,0.8609232230,0.8554000670,0.9106316269,-0.2526964309,-0.2329946745,-0.2598192503,-0.2645677966,-0.2170823341
2021-04-27,0.8689168475,0.8875541897,0.8621980240,0.8577188083,0.9025109652,-0.2529467130,-0.2369232146,-0.2587232372,-0.2625742533,-0.2240640919
2021-04-28,0.8675192430,0.8859821506,0.8608639379,0.8564270679,0.9007957681,-0.2541483068,-0.2382747788,-0.2598702208,-0.2636848301,-0.2255387366
2021-04-29,0.8689344362,0.8903624109,0.8611974406,0.8560394435,0.9076194142,-0.2529315911,-0.2345088398,-0.2595834911,-0.2640180911,-0.2196720910
2021-04-30,0.8770727939,0.9002078871,0.8687125412,0.8631390395,0.9188740569,-0.2459346191,-0.2260441687,-0.2531223658,-0.2579141969,-0.2099958857
2021-05-06,0.8702895245,0.8901431043,0.8631295452,0.8583562256,0.9060894213,-0.2517665507,-0.2346973892,-0.2579223597,-0.2620262323,-0.2209875059
2021-05-07,0.8787404836,0.8974187130,0.8720106273,0.8675240564,0.9123897650,-0.2445008190,-0.2284421676,-0.2502868286,-0.2541441684,-0.2155707707
2021-05-10,0.8690975191,0.8836280999,0.8638799900,0.8604016372,0.8951851649,-0.2527913801,-0.2402986794,-0.2572771630,-0.2602676849,-0.2303624658
2021-05-11,0.8682964380,0.8803281611,0.8639879421,0.8611156116,0.8898389170,-0.2534801116,-0.2431358095,-0.2571843509,-0.2596538438,-0.2349589149
2021-05-12,0.8787571366,0.8935672228,0.8734404186,0.8698959399,0.9053407266,-0.2444865015,-0.2317534953,-0.2490575622,-0.2521049360,-0.2216311980
2021-05-13,0.8715086986,0.8855614079,0.8664669488,0.8631057823,0.8967174476,-0.2507183629,-0.2386365134,-0.2550530191,-0.2579427899,-0.2290450822
2021-05-14,0.8741825149,0.8891191816,0.8688195100,0.8652441734,0.9009975392,-0.2484195432,-0.2355777091,-0.2530303992,-0.2561043031,-0.2253652635
2021-05-17,0.8971676064,0.9184255556,0.8895062661,0.8843987059,0.9354743080,-0.2286580571,-0.2103814857,-0.2352449123,-0.2396361491,-0.1957237810
2021-05-18,0.8896853636,0.9149631973,0.8805542770,0.8744668860,0.9353407963,-0.2350909328,-0.2133582563,-0.2429414058,-0.2481750544,-0.1958385680
2021-05-19,0.8938879837,0.9183196598,0.8850676209,0.8791873791,0.9379897975,-0.2314777204,-0.2104725299,-0.2390610478,-0.2441165995,-0.1935610831
2021-05-20,0.8963931445,0.9205580247,0.8876708468,0.8818559817,0.9400046329,-0.2293239025,-0.2085480904,-0.2368229183,-0.2418222622,-0.1918288236
2021-05-21,0.9084077211,0.9346605829,0.8989226043,0.8925991931,0.9558333049,-0.2189943423,-0.1964233831,-0.2271491936,-0.2325857611,-0.1782200860
2021-05-24,0.9094194603,0.9323575880,0.9011496399,0.8956364263,0.9507685625,-0.2181244971,-0.1984033883,-0.2252344945,-0.2299744928,-0.1825745100
2021-05-25,0.9155124462,0.9400743747,0.9066495309,0.9007409206,0.9598270232,-0.2128860383,-0.1917688630,-0.2205059504,-0.2255858919,-0.1747864773
2021-05-26,0.9208118643,0.9545656788,0.9085844354,0.9004328161,0.9819490088,-0.2083298512,-0.1793099305,-0.2188424118,-0.2258507855,-0.1557670486
2021-05-27,0.9214074265,0.9552417251,0.9091504842,0.9009791894,0.9826921377,-0.2078178153,-0.1787286981,-0.2183557499,-0.2253810397,-0.1551281418
2021-05-28,0.9365737890,0.9709650000,0.9241150975,0.9158093032,0.9988672463,-0.1947784997,-0.1652105758,-0.2054898888,-0.2126308148,-0.1412215544
2021-05-31,0.9656191498,1.0010769134,0.9527740850,0.9442107084,1.0298444741,-0.1698066829,-0.1393217880,-0.1808502574,-0.1882126404,-0.1145888106
2021-06-01,0.9740779441,1.0098463166,0.9611203569,0.9524819654,1.0388658802,-0.1625342148,-0.1317822731,-0.1736745307,-0.1811014079,-0.1068326356
2021-06-02,0.9703326497,1.0059634941,0.9574248840,0.9488197068,1.0348714786,-0.1657542404,-0.1351205388,-0.1768517221,-0.1842500433,-0.1102668317
2021-06-03,0.9469457162,0.9828972456,0.9336306889,0.9247540041,1.0135208523,-0.1858612111,-0.1549517998,-0.1973088368,-0.2049405873,-0.1286230825
2021-06-04,0.9302020059,0.9676139097,0.9158457793,0.9062749616,1.0019831386,-0.2002566551,-0.1680916835,-0.2125994544,-0.2208279872,-0.1385426588
2021-06-07,0.9432889002,0.9804034624,0.9292323734,0.9198613555,1.0135715343,-0.1890051672,-0.1570958357,-0.2010902989,-0.2091470534,-0.1285795085
2021-06-08,0.9431890550,0.9775965044,0.9307804243,0.9225080038,1.0052322087,-0.1890910093,-0.1595091244,-0.1997593585,-0.2068715913,-0.1357492632
2021-06-09,0.9371852997,0.9713764287,0.9248540125,0.9166331544,0.9988417357,-0.1942527519,-0.1648568490,-0.2048546048,-0.2119225068,-0.1412434872
2021-06-10,0.9438116819,0.9747070331,0.9335477811,0.9267051805,0.9951311862,-0.1885557044,-0.1619933541,-0.1973801171,-0.2032630589,-0.1444336408
2021-06-11,0.9665032886,0.9924593877,0.9594533438,0.9547533806,1.0017530124,-0.1690465426,-0.1467307258,-0.1751077491,-0.1791485534,-0.1387405103
2021-06-15,0.9495193076,0.9743943806,0.9429738579,0.9386102247,0.9822465563,-0.1836485599,-0.1622621578,-0.1892760255,-0.1930276693,-0.1555112314
2021-06-16,0.9459042139,0.9659778785,0.9414851652,0.9385391327,0.9679994576,-0.1867566451,-0.1694982651,-0.1905559325,-0.1930887909,-0.1677602078
2021-06-17,0.9490007925,0.9649968076,0.9458259661,0.9437094152,0.9648749243,-0.1840943545,-0.1703417431,-0.1868239188,-0.1886436284,-0.1704465326
2021-06-18,0.9517741435,0.9672192216,0.9493935465,0.9478064818,0.9636771286,-0.1817099594,-0.1684310175,-0.1837566833,-0.1851211658,-0.1714763402
2021-06-21,0.9614300270,0.9762280638,0.9592703121,0.9578305021,0.9722286019,-0.1734082910,-0.1606856444,-0.1752651110,-0.1765029910,-0.1641241911
2021-06-22,0.9587252085,0.9743196528,0.9563256613,0.9547259632,0.9707229445,-0.1757337651,-0.1623264052,-0.1777967814,-0.1791721256,-0.1654186836
2021-06-23,0.9596850366,0.9742950003,0.9581976181,0.9572060058,0.9671221289,-0.1749085507,-0.1623476003,-0.1761873622,-0.1770399032,-0.1685144932
2021-06-24,0.9554173188,0.9740985917,0.9518499631,0.9494717260,0.9732540971,-0.1785777310,-0.1625164630,-0.1816447734,-0.1836894683,-0.1632425192
2021-06-25,0.9725334839,0.9908483081,0.9693751798,0.9672696438,0.9883250041,-0.1638620681,-0.1481158553,-0.1665774274,-0.1683876669,-0.1502852718
2021-06-28,0.9767711568,1.0006085060,0.9716618520,0.9682556488,1.0023176807,-0.1602187190,-0.1397245023,-0.1646114557,-0.1675399468,-0.1382550354
2021-06-29,0.9708196843,0.9935748383,0.9662389706,0.9631851615,0.9937232527,-0.1653355113,-0.1457717146,-0.1692737906,-0.1718993101,-0.1456441149
2021-06-30,0.9641797658,0.9867215918,0.9596806895,0.9566813053,0.9866751472,-0.1710441967,-0.1516638092,-0.1749122881,-0.1774910156,-0.1517037401
2021-07-01,0.9817808922,1.0071047714,0.9765204993,0.9730135708,1.0080828563,-0.1559115873,-0.1341393230,-0.1604342223,-0.1634493123,-0.1332984122
2021-07-02,0.9714622295,0.9941980630,0.9668755472,0.9638177591,0.9943956405,-0.1647830816,-0.1452358957,-0.1687264923,-0.1713554328,-0.1450660279
2021-07-05,0.9763735797,0.9919744521,0.9745345663,0.9733085573,0.9855686469,-0.1605605368,-0.1471476503,-0.1621416329,-0.1631956969,-0.1526550563
2021-07-06,0.9714657645,0.9893626234,0.9684319712,0.9664094424,0.9866347306,-0.1647800424,-0.1493931761,-0.1673883532,-0.1691272271,-0.1517384883
2021-07-07,0.9887604351,1.0041710449,0.9868246954,0.9855342023,0.9984391335,-0.1499109089,-0.1366616012,-0.1515751656,-0.1526846701,-0.1415896254
2021-07-08,0.9844512019,1.0063047413,0.9800396441,0.9770986056,1.0065089910,-0.1536157822,-0.1348271507,-0.1574086293,-0.1599371941,-0.1346515466
2021-07-09,0.9815238213,0.9950704946,0.9808634051,0.9804231277,0.9848259020,-0.1561326046,-0.1444858206,-0.1567003989,-0.1570789284,-0.1532936330
2021-07-12,0.9725167033,0.9941556340,0.9675512268,0.9642409091,0.9973440860,-0.1638764952,-0.1452723741,-0.1681455753,-0.1709916286,-0.1425310950
2021-07-13,0.9763564071,0.9993335803,0.9709075431,0.9672749671,1.0036007271,-0.1605753010,-0.1408206227,-0.1652599745,-0.1683830902,-0.1371519333
2021-07-14,0.9938851374,1.0169815148,0.9885485941,0.9849908986,1.0205678537,-0.1455049342,-0.1256477698,-0.1500930397,-0.1531517767,-0.1225644066
2021-07-15,0.9753424015,0.9959701418,0.9704818570,0.9672414940,0.9996451241,-0.1614470946,-0.1437123468,-0.1656259591,-0.1684118688,-0.1405527722
2021-07-16,0.9680948919,0.9953476867,0.9601553649,0.9548623469,1.0077925268,-0.1676781579,-0.1442475040,-0.1745041848,-0.1790548694,-0.1335480237
2021-07-19,0.9686214989,0.9967216358,0.9593386958,0.9531501604,1.0150355143,-0.1672254063,-0.1430662481,-0.1752063180,-0.1805269257,-0.1273208483
2021-07-20,0.9890234992,1.0132788980,0.9821915371,0.9776368957,1.0231833098,-0.1496847389,-0.1288311033,-0.1555585343,-0.1594743979,-0.1203157621
2021-07-21,0.9821644812,1.0093680991,0.9741239467,0.9687635903,1.0223671540,-0.1555817957,-0.1321934217,-0.1624946640,-0.1671032429,-0.1210174540
2021-07-22,0.9846664799,1.0062459710,0.9804794704,0.9776881308,1.0056015271,-0.1534306965,-0.1348776787,-0.1570304876,-0.1594303484,-0.1354317408
2021-07-23,0.9937663037,1.0176182460,0.9882041007,0.9844959653,1.0215773188,-0.1456071018,-0.1251003387,-0.1503892188,-0.1535772968,-0.1216965166
2021-07-26,0.9928136929,1.0133615445,0.9880835690,0.9849301531,1.0164643123,-0.1464261111,-0.1287600477,-0.1504928461,-0.1532040028,-0.1260924359
2021-07-27,0.9810978526,0.9950099477,0.9781429537,0.9761730212,0.9958723466,-0.1564988322,-0.1445378759,-0.1590393133,-0.1607329674,-0.1437964264
2021-07-28,0.9594626592,0.9647463115,0.9584031974,0.9576968895,0.9647599685,-0.1750997401,-0.1705571077,-0.1760106149,-0.1766178647,-0.1705453661
2021-07-29,0.9776071555,0.9811993353,0.9796316975,0.9809813922,0.9674844452,-0.1594999671,-0.1564115821,-0.1577593624,-0.1565989592,-0.1682029909
2021-07-30,0.9631470681,0.9641854460,0.9663416892,0.9684714366,0.9471739624,-0.1719320610,-0.1710393132,-0.1691854781,-0.1673544227,-0.1856649759
2021-08-02,0.9569987206,0.9594075949,0.9588671888,0.9601128342,0.9476563800,-0.1772181170,-0.1751470818,-0.1756116972,-0.1745407507,-0.1852502162
2021-08-03,0.9634687148,0.9712594246,0.9638598882,0.9641206704,0.9615128479,-0.1716555245,-0.1649574435,-0.1713192123,-0.1710950041,-0.1733370856
2021-08-04,0.9775905367,0.9832992389,0.9795966667,0.9809340867,0.9675598867,-0.1595142551,-0.1546061851,-0.1577894802,-0.1566396302,-0.1681381299
2021-08-05,0.9616806987,0.9680747350,0.9634657306,0.9646557518,0.9527555394,-0.1731927755,-0.1676954879,-0.1716580902,-0.1706349666,-0.1808662020
2021-08-06,0.9593455340,0.9652367281,0.9613743582,0.9627269077,0.9492014129,-0.1752004388,-0.1701354709,-0.1734561524,-0.1722932949,-0.1839218706
2021-08-09,0.9682540426,0.9714331238,0.9711844751,0.9731380967,0.9536018805,-0.1675413277,-0.1648081053,-0.1650218816,-0.1633422508,-0.1801385583
2021-08-10,0.9723961947,0.9835906753,0.9718375268,0.9714650816,0.9751895338,-0.1639801028,-0.1543556220,-0.1644604188,-0.1647806295,-0.1615785230
2021-08-11,0.9810167043,0.9953639100,0.9794965992,0.9784831958,0.9886172300,-0.1565685995,-0.1442335560,-0.1578755135,-0.1587467894,-0.1500340299
2021-08-12,0.9887795887,0.9979386299,0.9898781656,0.9906105501,0.9832867047,-0.1498944415,-0.1420199345,-0.1489499376,-0.1483202683,-0.1546169614
2021-08-13,0.9907405704,0.9935661382,0.9950910572,0.9979913817,0.9689881365,-0.1482084830,-0.1457791945,-0.1444681418,-0.1419745811,-0.1669101888
2021-08-16,0.9837881966,0.9896225004,0.9859171773,0.9873364978,0.9731432928,-0.1541858026,-0.1491697463,-0.1523554065,-0.1511351424,-0.1633377835
2021-08-17,0.9832430388,0.9901189704,0.9847237092,0.9857108228,0.9758396869,-0.1546545033,-0.1487429050,-0.1533814934,-0.1525328202,-0.1610195524
2021-08-18,0.9876041463,0.9898660852,0.9904171722,0.9922925227,0.9735390172,-0.1509050309,-0.1489603237,-0.1484865254,-0.1468741884,-0.1629975585
2021-08-19,1.0050052489,1.0109761468,1.0064061867,1.0073401452,0.9980005600,-0.1359443924,-0.1308108990,-0.1347399328,-0.1339369598,-0.1419666900
2021-08-20,1.0049762460,1.0016148091,1.0109284750,1.0148966276,0.9752151013,-0.1359693277,-0.1388593309,-0.1308518849,-0.1274402565,-0.1615565413
2021-08-23,1.0066380198,1.0005572510,1.0135984719,1.0182387734,0.9718357588,-0.1345406138,-0.1397685689,-0.1285563488,-0.1245668388,-0.1644619389
2021-08-24,1.0157397364,1.0087541788,1.0243619622,1.0301101127,0.9726286075,-0.1267153917,-0.1327212411,-0.1193024130,-0.1143604271,-0.1637802854
2021-08-25,1.0097903517,1.0065108574,1.0168954353,1.0216321577,0.9742649338,-0.1318303891,-0.1346499420,-0.1257217769,-0.1216493687,-0.1623734500
2021-08-26,1.0389239147,1.0233457303,1.0536453086,1.0634595712,0.9653169451,-0.1067827403,-0.1201761207,-0.0941259876,-0.0856881524,-0.1700665042
2021-08-27,1.0256001648,1.0038639665,1.0423542704,1.0535236742,0.9418296366,-0.1182378654,-0.1369256126,-0.1038334840,-0.0942305630,-0.1902597724
2021-08-30,1.0129916395,0.9965909932,1.0273538881,1.0369287205,0.9411803963,-0.1290780745,-0.1431785683,-0.1167300977,-0.1084981132,-0.1908179583
2021-08-31,1.0001035096,0.9783750780,1.0169087255,1.0281122027,0.9160774305,-0.1401586741,-0.1588397439,-0.1257103506,-0.1160781349,-0.2124002917
2021-09-01,0.9785625207,0.9653927006,0.9901477327,0.9978712073,0.9206364609,-0.1586785896,-0.1700013732,-0.1487181766,-0.1420779013,-0.2084806547
2021-09-02,0.9835276045,0.9789860715,0.9908921139,0.9958017868,0.9467050576,-0.1544098473,-0.1583144408,-0.1480781931,-0.1438570904,-0.1860681179
2021-09-03,0.9602730826,0.9674285940,0.9606005573,0.9608188738,0.9586357090,-0.1744029767,-0.1682510091,-0.1741214296,-0.1739337315,-0.1758107125
2021-09-06,0.9595560830,0.9641928766,0.9608886142,0.9617769684,0.9528934267,-0.1750194188,-0.1710329247,-0.1738737720,-0.1731100074,-0.1807476531
2021-09-07,0.9617195220,0.9714312265,0.9613937055,0.9611764945,0.9633486044,-0.1731593971,-0.1648097365,-0.1734395186,-0.1736262662,-0.1717587897
2021-09-08,0.9709964926,0.9838916769,0.9696050238,0.9686773780,0.9779538365,-0.1651834999,-0.1540968352,-0.1663798185,-0.1671773641,-0.1592019073
2021-09-09,0.9723839510,0.9805289219,0.9733668586,0.9740221304,0.9674694129,-0.1639906293,-0.1569879716,-0.1631455722,-0.1625822008,-0.1682159150
2021-09-10,0.9541011688,0.9672620555,0.9521681337,0.9508794437,0.9637663441,-0.1797092940,-0.1683941910,-0.1813712254,-0.1824791797,-0.1713996370
2021-09-13,0.9843459606,0.9971507791,0.9833949895,0.9827610088,0.9891008159,-0.1537062637,-0.1426972911,-0.1545238633,-0.1550689297,-0.1496182658
2021-09-14,0.9648789031,0.9833072879,0.9601219146,0.9569505889,0.9886638458,-0.1704431118,-0.1545992650,-0.1745329438,-0.1772594984,-0.1499939518
2021-09-15,0.9500958623,0.9607497324,0.9486790754,0.9477345509,0.9571797964,-0.1831528656,-0.1739931759,-0.1843709514,-0.1851830086,-0.1770624367
2021-09-16,0.9464804367,0.9544810063,0.9460991340,0.9458449321,0.9483869507,-0.1862612362,-0.1793827278,-0.1865890621,-0.1868076128,-0.1846221064
2021-09-17,0.9337738130,0.9416951999,0.9323409923,0.9313857785,0.9409379164,-0.1971857856,-0.1903753547,-0.1984176565,-0.1992389038,-0.1910264310
2021-09-22,0.9201804720,0.9251684446,0.9200784503,0.9200104358,0.9206905808,-0.2088726922,-0.2045842711,-0.2089604056,-0.2090188812,-0.2084341250
2021-09-23,0.9437445423,0.9455572585,0.9467706005,0.9487879726,0.9286142515,-0.1886134278,-0.1870549408,-0.1860117672,-0.1842773268,-0.2016217306
2021-09-24,0.9279656454,0.9305008161,0.9304474701,0.9321020199,0.9155565217,-0.2021793713,-0.1999997523,-0.2000456167,-0.1986231136,-0.2128481443
2021-09-27,0.9118956105,0.9181454244,0.9124346398,0.9127939927,0.9092004641,-0.2159956212,-0.2106223291,-0.2155321895,-0.2152232350,-0.2183127796
2021-09-28,0.9010849594,0.9127580306,0.8982676881,0.8963895072,0.9151713160,-0.2252901037,-0.2152541535,-0.2277122593,-0.2293270297,-0.2131793258
2021-09-29,0.9056048665,0.9183618926,0.9018275040,0.8993092623,0.9244916791,-0.2214041031,-0.2104362201,-0.2246516993,-0.2268167635,-0.2051661219
2021-09-30,0.9100267696,0.9252866820,0.9047265716,0.9011931062,0.9365277598,-0.2176023616,-0.2044826163,-0.2221592192,-0.2251971243,-0.1948180734
2021-10-08,0.9050092307,0.9240249279,0.8984409093,0.8940620284,0.9378508375,-0.2219162024,-0.2055674123,-0.2275633320,-0.2313280850,-0.1936805543
2021-10-11,0.9273954451,0.9482334420,0.9202042910,0.9154101882,0.9633512158,-0.2026696023,-0.1847540858,-0.2088522138,-0.2129739549,-0.1717565445
2021-10-12,0.9271267031,0.9475889912,0.9198665643,0.9150264717,0.9634273975,-0.2029006538,-0.1853081539,-0.2091425751,-0.2133038560,-0.1716910471
2021-10-13,0.9269798457,0.9441873458,0.9211090215,0.9171951387,0.9563339665,-0.2030269149,-0.1882327265,-0.2080743696,-0.2114393395,-0.1777896410
2021-10-14,0.9282420166,0.9499966365,0.9204083786,0.9151859532,0.9674102070,-0.2019417604,-0.1832381752,-0.2086767490,-0.2131667414,-0.1682668174
2021-10-15,0.9136962802,0.9344873253,0.9058230571,0.9005742417,0.9530623956,-0.2144474913,-0.1965723417,-0.2212165132,-0.2257291945,-0.1806023817
2021-10-18,0.9163574696,0.9398176487,0.9072499023,0.9011781908,0.9618953062,-0.2121595274,-0.1919895837,-0.2199897797,-0.2252099478,-0.1730082662
2021-10-19,0.9241982399,0.9451554248,0.9159003720,0.9103684600,0.9656875797,-0.2054184069,-0.1874004183,-0.2125525182,-0.2173085924,-0.1697478502
2021-10-20,0.9387085089,0.9631805428,0.9291774075,0.9228233399,0.9863640160,-0.1929431692,-0.1719032810,-0.2011375559,-0.2066004804,-0.1519712359
2021-10-21,0.9231020635,0.9460270829,0.9142461793,0.9083422565,0.9673814846,-0.2063608471,-0.1866510082,-0.2139747142,-0.2190506256,-0.1682915115
2021-10-22,0.9366123188,0.9597456398,0.9279904732,0.9222425762,0.9797215465,-0.1947453736,-0.1748564469,-0.2021580254,-0.2070997933,-0.1576821145
2021-10-25,0.9399224894,0.9629861070,0.9314488713,0.9257997926,0.9822905799,-0.1918994467,-0.1720704477,-0.1991846596,-0.2040414682,-0.1554733820
2021-10-26,0.9503739645,0.9771104359,0.9403487114,0.9336652094,1.0005002299,-0.1829137666,-0.1599270229,-0.1915330013,-0.1972791578,-0.1398175930
2021-10-27,0.9366170875,0.9618924380,0.9268949346,0.9204134994,0.9852278517,-0.1947412737,-0.1730107321,-0.2030999173,-0.2086723464,-0.1529480558
2021-10-28,0.9147997182,0.9361509720,0.9063679141,0.9007467114,0.9569587385,-0.2134988079,-0.1951420176,-0.2207480711,-0.2255809132,-0.1772524918
2021-10-29,0.9131692643,0.9327247364,0.9055135250,0.9004096988,0.9514479609,-0.2149005944,-0.1980877316,-0.2214826341,-0.2258706606,-0.1819903957
2021-11-01,0.9153736803,0.9369561553,0.9067421044,0.9009877204,0.9585315600,-0.2130053426,-0.1944497594,-0.2204263602,-0.2253737052,-0.1759002548
2021-11-02,0.9227242284,0.9454169389,0.9135708640,0.9074686211,0.9684910503,-0.2066856917,-0.1871755809,-0.2145553181,-0.2198017357,-0.1673375598
2021-11-03,0.9252951210,0.9429070420,0.9185091646,0.9139851937,0.9592249029,-0.2044753608,-0.1893334706,-0.2103096026,-0.2141990972,-0.1753041517
2021-11-04,0.9324464419,0.9513335736,0.9249962420,0.9200294421,0.9696974413,-0.1983269960,-0.1820887404,-0.2047323227,-0.2090025405,-0.1663003623
2021-11-05,0.9462554225,0.9660516814,0.9385738103,0.9334527356,0.9846634831,-0.1864546927,-0.1694348129,-0.1930589767,-0.1974618326,-0.1534332730
2021-11-08,0.9524818677,0.9705652395,0.9456024061,0.9410160984,0.9868791756,-0.1811014919,-0.1655542708,-0.1870161251,-0.1909592138,-0.1515283262
2021-11-09,0.9604494713,0.9790446328,0.9535492052,0.9489490278,0.9949508017,-0.1742513261,-0.1582640926,-0.1801838460,-0.1841388593,-0.1445887268
2021-11-10,0.9789497525,0.9967466042,0.9722344384,0.9677575624,1.0125263228,-0.1583456662,-0.1430447814,-0.1641191731,-0.1679681777,-0.1294781315
2021-11-11,0.9866044074,1.0041423772,0.9798006825,0.9752648658,1.0206230323,-0.1517645588,-0.1366862483,-0.1576140772,-0.1615137561,-0.1225169667
2021-11-12,1.0309746932,1.0556137827,1.0214183329,1.0150474261,1.0787564945,-0.1136171020,-0.0924335874,-0.1218332051,-0.1273106071,-0.0725365869
2021-11-15,1.0312064022,1.0556594151,1.0216281308,1.0152426166,1.0790977589,-0.1134178897,-0.0923943548,-0.1216528308,-0.1271427916,-0.0722431840
2021-11-16,0.9983140874,1.0238607892,0.9876921608,0.9806108764,1.0514237206,-0.1416971340,-0.1197332976,-0.1508293602,-0.1569175110,-0.0960360030
2021-11-17,1.0012877129,1.0297073235,0.9889787948,0.9807728494,1.0628323035,-0.1391405526,-0.1147067261,-0.1497231737,-0.1567782544,-0.0862274473
2021-11-18,1.0009343975,1.0270972744,0.9898062562,0.9823874953,1.0565751042,-0.1394443163,-0.1169507219,-0.1490117618,-0.1553900588,-0.0916070890
2021-11-19,0.9867628176,1.0085148609,0.9776261552,0.9715350470,1.0324461294,-0.1516283652,-0.1329269953,-0.1594836320,-0.1647204765,-0.1123520313
2021-11-22,0.9978850262,1.0241173139,0.9870615156,0.9798458419,1.0520025790,-0.1420660205,-0.1195127499,-0.1513715589,-0.1575752512,-0.0955383282
2021-11-23,1.0034114260,1.0299952669,0.9925627745,0.9853303401,1.0576546839,-0.1373146853,-0.1144591661,-0.1466418388,-0.1528599411,-0.0906789178
2021-11-24,0.9945711930,1.0209345531,0.9839376433,0.9768486101,1.0477389419,-0.1449150962,-0.1222491359,-0.1540573155,-0.1601521283,-0.0992040001
2021-11-25,1.0087871803,1.0356827595,0.9979623750,0.9907458381,1.0629112067,-0.1326928681,-0.1095693311,-0.1419995197,-0.1482039541,-0.0861596100
2021-11-26,1.0161882754,1.0396766753,1.0069904453,1.0008585586,1.0621774258,-0.1263297592,-0.1061355526,-0.1342376151,-0.1395095190,-0.0867904799
2021-11-29,0.9880228974,1.0086540006,0.9793610845,0.9735865425,1.0313319623,-0.1505450087,-0.1328073696,-0.1579920226,-0.1629566985,-0.1133099391
2021-11-30,1.0168747544,1.0389134122,1.0080477641,1.0021631039,1.0610097058,-0.1257395573,-0.1067917699,-0.1333285828,-0.1383879332,-0.0877944299
2021-12-01,1.0110000744,1.0331379699,1.0016871467,0.9954785282,1.0575647130,-0.1307903272,-0.1117572199,-0.1387971385,-0.1441350127,-0.0907562705
2021-12-02,1.0183520297,1.0419067761,1.0083392281,1.0016640271,1.0684160376,-0.1244694664,-0.1042182183,-0.1330779959,-0.1388170156,-0.0814268188
2021-12-03,1.0583807319,1.0731120474,1.0541347609,1.0513041135,1.0796105871,-0.0900546963,-0.0773894135,-0.0937051798,-0.0961388355,-0.0718022788
2021-12-06,1.0796796147,1.0940939849,1.0765891406,1.0745288245,1.0951319852,-0.0717429322,-0.0593501437,-0.0743999745,-0.0761713360,-0.0584577206
2021-12-07,1.0868788362,1.1067526563,1.0808822210,1.0768844776,1.1168619121,-0.0655533846,-0.0484668215,-0.0707089885,-0.0741460578,-0.0397753652
2021-12-08,1.0646257272,1.0897754289,1.0553709163,1.0492010424,1.1108997818,-0.0846855470,-0.0630630323,-0.0926423923,-0.0979469558,-0.0449013206
2021-12-09,1.0615471040,1.0923393976,1.0499444296,1.0422093134,1.1195604757,-0.0873324005,-0.0608586543,-0.0973078269,-0.1039581111,-0.0374552688
2021-12-10,1.0577286687,1.0936133141,1.0430273237,1.0332264270,1.1312353939,-0.0906153092,-0.0597634016,-0.1032548249,-0.1116811687,-0.0274177307
2021-12-13,1.0674933238,1.1039511241,1.0525095168,1.0425203121,1.1424123589,-0.0822201242,-0.0508754453,-0.0951024872,-0.1036907293,-0.0178083089
2021-12-14,1.0679300505,1.1001306783,1.0555319184,1.0472664970,1.1299207110,-0.0818446474,-0.0541600825,-0.0925039704,-0.0996101857,-0.0285480324
2021-12-15,1.0491672160,1.0842640887,1.0348865796,1.0253661553,1.1205703980,-0.0979760381,-0.0678014199,-0.1102538486,-0.1184390556,-0.0365869858
2021-12-16,1.0444088870,1.0802488552,1.0296456249,1.0198034502,1.1182251976,-0.1020670225,-0.0712535263,-0.1147597716,-0.1232216043,-0.0386032773
2021-12-17,1.0569471852,1.0898299291,1.0440618211,1.0354715784,1.1213740055,-0.0912871915,-0.0630161757,-0.1023654133,-0.1097508945,-0.0358960824
2021-12-20,1.0277550279,1.0644758567,1.0123460569,1.0020734096,1.1047998827,-0.1163852168,-0.0848143986,-0.1296331156,-0.1384650480,-0.0501457231
2021-12-21,1.0252999679,1.0607505816,1.0106452071,1.0008753666,1.0985737717,-0.1184959604,-0.0880172125,-0.1310954251,-0.1394950683,-0.0554986366
2021-12-22,1.0215009793,1.0606428050,1.0053616298,0.9946020634,1.1021977269,-0.1217621497,-0.0881098737,-0.1356379931,-0.1448885554,-0.0523829326
2021-12-23,1.0066707281,1.0455440099,0.9905790604,0.9798512819,1.0871290666,-0.1345124928,-0.1010910980,-0.1483473416,-0.1575705742,-0.0653382485
2021-12-24,1.0042815680,1.0441603733,0.9880066168,0.9771566494,1.0856563238,-0.1365665787,-0.1022806828,-0.1505590059,-0.1598872908,-0.0666044426
2021-12-27,0.9962733275,1.0359372006,0.9800807364,0.9692856756,1.0772362834,-0.1434516821,-0.1093505747,-0.1573733002,-0.1666543789,-0.0738435919
2021-12-28,0.9946128366,1.0396086059,0.9752657740,0.9623677322,1.0913481499,-0.1448792931,-0.1061940755,-0.1615129753,-0.1726020968,-0.0617108818
2021-12-29,1.0090231580,1.0571541574,0.9884189237,0.9746827675,1.1120443295,-0.1324899856,-0.0911092466,-0.1502045242,-0.1620142165,-0.0439172931
2021-12-30,0.9937839085,1.0416112038,0.9732485346,0.9595582853,1.0964607782,-0.1455919659,-0.1044723372,-0.1632473016,-0.1750175254,-0.0573152877
2021-12-31,0.9956498800,1.0451782950,0.9749605993,0.9611677455,1.0990962837,-0.1439876926,-0.1014055223,-0.1617753499,-0.1736337882,-0.0550494057
2022-01-04,1.0006528635,1.0515797428,0.9794727862,0.9653527347,1.1065532497,-0.1396863659,-0.0959018626,-0.1578959868,-0.1700357340,-0.0486382618
2022-01-05,0.9999127261,1.0504752778,0.9789627303,0.9649960665,1.1046627049,-0.1403227007,-0.0968514289,-0.1583345085,-0.1703423803,-0.0502636621
2022-01-06,0.9878706880,1.0359895052,0.9672893832,0.9535685134,1.0907772118,-0.1506758711,-0.1093056057,-0.1683706959,-0.1801672457,-0.0622017471
2022-01-07,0.9676374439,1.0125497165,0.9485547508,0.9358329553,1.0630509099,-0.1680714499,-0.1294580187,-0.1844778399,-0.1954154332,-0.0860394999
2022-01-10,0.9674126374,1.0122009641,0.9482200626,0.9354250127,1.0633755116,-0.1682647278,-0.1297578594,-0.1847655888,-0.1957661628,-0.0857604228
2022-01-11,0.9425489685,0.9904192438,0.9216964484,0.9077947683,1.0468115692,-0.1896413251,-0.1484847443,-0.2075693280,-0.2195213299,-0.1000013110
2022-01-12,0.9319155042,0.9773819542,0.9121227286,0.8989275449,1.0308793821,-0.1987834709,-0.1596935844,-0.2158003559,-0.2271449459,-0.1136990460
2022-01-13,0.9293921769,0.9764506636,0.9091072334,0.8955839378,1.0308168942,-0.2009529074,-0.1604942637,-0.2183929349,-0.2300196199,-0.1137527701
2022-01-14,0.9203530664,0.9584841912,0.9038452070,0.8928399674,1.0028923634,-0.2087243038,-0.1759409803,-0.2229169744,-0.2323787548,-0.1377609506
2022-01-17,0.9177928039,0.9567163779,0.9005636916,0.8890776168,1.0039383653,-0.2109254954,-0.1774608619,-0.2257382649,-0.2356134446,-0.1368616480
2022-01-18,0.9338373711,0.9769579268,0.9147274447,0.9019874938,1.0293870031,-0.1971311413,-0.1600581430,-0.2135609451,-0.2245141477,-0.1149821223
2022-01-19,0.9338901191,0.9807253978,0.9132457933,0.8994829094,1.0371117483,-0.1970857911,-0.1568190510,-0.2148347984,-0.2266674700,-0.1083407546
2022-01-20,0.9243051991,0.9684124178,0.9046919485,0.8916164481,1.0223714521,-0.2053264485,-0.1674051643,-0.2221889864,-0.2334306784,-0.1210137587
2022-01-21,0.9269905044,0.9711594672,0.9078042294,0.8950133795,1.0229218789,-0.2030177510,-0.1650433822,-0.2195131956,-0.2305101587,-0.1205405279
2022-01-24,0.9194060067,0.9585867624,0.9023940570,0.8910527572,1.0044657552,-0.2095385406,-0.1758527944,-0.2241646040,-0.2339153130,-0.1364082233
2022-01-25,0.9415204218,0.9823292028,0.9237996134,0.9119857411,1.0301244639,-0.1905256206,-0.1554401759,-0.2057611270,-0.2159181312,-0.1143480887
2022-01-26,0.9309352497,0.9669971434,0.9150522675,0.9044636128,1.0103501602,-0.1996262470,-0.1686219498,-0.2132816780,-0.2223852986,-0.1313490924
2022-01-27,0.9277697780,0.9668952013,0.9101725926,0.8984411357,1.0157557050,-0.2023477687,-0.1687095947,-0.2174769899,-0.2275631373,-0.1267016627
2022-01-28,0.9194309406,0.9531717476,0.9040648523,0.8938207934,0.9962613820,-0.2095171036,-0.1805083661,-0.2227281339,-0.2315354874,-0.1434619523
2022-02-07,0.9117215511,0.9457683935,0.8960797605,0.8856519001,0.9899305041,-0.2161452692,-0.1868734170,-0.2295933352,-0.2385587125,-0.1489049394
2022-02-08,0.9078873471,0.9380477352,0.8943991306,0.8854069862,0.9753284299,-0.2194417350,-0.1935112710,-0.2310382607,-0.2387692778,-0.1614591067
2022-02-09,0.9084973381,0.9359417157,0.8963867727,0.8883130625,0.9690501650,-0.2189172938,-0.1953219262,-0.2293293807,-0.2362707719,-0.1668568596
2022-02-10,0.9075305777,0.9394717451,0.8934217574,0.8840158772,0.9780746792,-0.2197484684,-0.1922869752,-0.2318785595,-0.2399652870,-0.1590980125
2022-02-11,0.9006342991,0.9285203557,0.8883659162,0.8801869942,0.9619762137,-0.2256775600,-0.2017024578,-0.2362253308,-0.2432571781,-0.1729387058
2022-02-14,0.8958505250,0.9203427721,0.8850476089,0.8778456648,0.9498651055,-0.2297904209,-0.2087331543,-0.2390782533,-0.2452701415,-0.1833512593
2022-02-15,0.8859064911,0.9102535905,0.8747704718,0.8673464590,0.9415865875,-0.2383398273,-0.2174073518,-0.2479140458,-0.2542968582,-0.1904687345
2022-02-16,0.9050360861,0.9353843052,0.8913146937,0.8821670988,0.9736430481,-0.2218931133,-0.1958011612,-0.2336901124,-0.2415547785,-0.1629081177
2022-02-17,0.9027994674,0.9323213179,0.8895233292,0.8806725704,0.9691801584,-0.2238160515,-0.1984345716,-0.2352302423,-0.2428397028,-0.1667450975
2022-02-18,0.9143609457,0.9430461499,0.9014689110,0.8928742212,0.9788211193,-0.2138760435,-0.1892138723,-0.2249600004,-0.2323493051,-0.1584562589
2022-02-21,0.9078982596,0.9387202123,0.8943002044,0.8852348342,0.9758885358,-0.2194323530,-0.1929331072,-0.2311233127,-0.2389172859,-0.1609775544
2022-02-22,0.9084547757,0.9367609342,0.8957351229,0.8872553544,0.9720530395,-0.2189538870,-0.1946176012,-0.2298896381,-0.2371801389,-0.1642751313
2022-02-23,0.9079748847,0.9341936558,0.8962205780,0.8883843735,0.9667464183,-0.2193664744,-0.1968248248,-0.2294722670,-0.2362094621,-0.1688375112
2022-02-24,0.9771672473,1.0072818844,0.9635195111,0.9544210203,1.0454059284,-0.1598781792,-0.1339870497,-0.1716118522,-0.1794343009,-0.1012098139
2022-02-25,0.9806103664,1.0094076723,0.9673375308,0.9584889738,1.0469745442,-0.1569179495,-0.1321593986,-0.1683293009,-0.1759368684,-0.0998611928
2022-02-28,0.9641203042,0.9928116834,0.9508277636,0.9419660698,1.0305830076,-0.1710953189,-0.1464278388,-0.1825236118,-0.1901424737,-0.1139538547
2022-03-01,0.9552446750,0.9861329627,0.9411268183,0.9317149139,1.0258339583,-0.1787261619,-0.1521698845,-0.1908640221,-0.1989559289,-0.1180368609
2022-03-02,0.9492175863,0.9802940954,0.9348973554,0.9253505349,1.0208187403,-0.1839079655,-0.1571898642,-0.1962198173,-0.2044277186,-0.1223487062
2022-03-03,0.9524606373,0.9836623256,0.9380954511,0.9285186603,1.0242865683,-0.1811197448,-0.1542940205,-0.1934702471,-0.2017039154,-0.1193672330
2022-03-04,0.9364400945,0.9625121283,0.9238343687,0.9154305515,0.9994687237,-0.1948934438,-0.1724779520,-0.2057312460,-0.2129564475,-0.1407044328
2022-03-07,0.9387578969,0.9612331967,0.9275436648,0.9200675100,0.9948290576,-0.1929007078,-0.1735775164,-0.2025421701,-0.2089698116,-0.1446933966
2022-03-08,0.9239015113,0.9391928232,0.9153993927,0.9097313136,0.9664121043,-0.2056735200,-0.1925267789,-0.2129832363,-0.2178563805,-0.1691249385
2022-03-09,0.9369526431,0.9463682134,0.9307235333,0.9265707934,0.9680981920,-0.1944527790,-0.1863577205,-0.1998082707,-0.2033785985,-0.1676753207
2022-03-10,0.9536147088,0.9662715190,0.9461642248,0.9411972355,0.9908671289,-0.1801275291,-0.1692458070,-0.1865331001,-0.1908034808,-0.1480996740
2022-03-11,0.9425202238,0.9485964429,0.9374661256,0.9340967268,0.9677907148,-0.1896660385,-0.1844419949,-0.1940113112,-0.1969081597,-0.1679396749
2022-03-14,0.9530817821,0.9588435663,0.9484785238,0.9454096849,0.9760980738,-0.1805857141,-0.1756320067,-0.1845433762,-0.1871818176,-0.1607974036
2022-03-15,0.9326031185,0.9317148999,0.9299716651,0.9282173629,0.9457603852,-0.1981922929,-0.1989559409,-0.2004546911,-0.2019629565,-0.1868803022
2022-03-16,0.9513471673,0.9419984110,0.9524989641,0.9532668286,0.9455881834,-0.1820770532,-0.1901146683,-0.1810867933,-0.1804266199,-0.1870283531
2022-03-17,0.9949029602,0.9985157279,0.9913160991,0.9889248584,1.0128372657,-0.1446298586,-0.1415237732,-0.1477136708,-0.1497695456,-0.1292107977
2022-03-18,0.9676585241,0.9717162780,0.9635106731,0.9607454390,0.9883977796,-0.1680533261,-0.1645646628,-0.1716194508,-0.1739968672,-0.1502227029
2022-03-21,0.9681005618,0.9747127167,0.9634678501,0.9603793756,0.9912641204,-0.1676732832,-0.1619884676,-0.1716562679,-0.1743115911,-0.1477583597
2022-03-22,0.9668831038,0.9717660734,0.9628251921,0.9601199176,0.9871726626,-0.1687199955,-0.1645218511,-0.1722087946,-0.1745346607,-0.1512760000
2022-03-23,0.9617800686,0.9693467785,0.9564078916,0.9528264402,0.9886409539,-0.1731073420,-0.1666018455,-0.1777260837,-0.1808052449,-0.1500136332
2022-03-24,0.9518563759,0.9553475670,0.9485999896,0.9464290654,0.9681383074,-0.1816392599,-0.1786377002,-0.1844389457,-0.1863054028,-0.1676408313
2022-03-25,0.9398460084,0.9422296572,0.9372598660,0.9355357711,0.9527767204,-0.1919652014,-0.1899158538,-0.1941886434,-0.1956709380,-0.1808479916
2022-03-28,0.9317582148,0.9220702244,0.9344370178,0.9362228865,0.9183641997,-0.1989187008,-0.2072479732,-0.1966155937,-0.1950801889,-0.2104342366
2022-03-29,0.9504172078,0.9407390032,0.9534725641,0.9555094683,0.9351404262,-0.1828765881,-0.1911974471,-0.1802497384,-0.1784985052,-0.1960108367
2022-03-30,0.9434782498,0.9318990119,0.9478034050,0.9506868418,0.9218524740,-0.1888423734,-0.1987976502,-0.1851238111,-0.1826447696,-0.2074351846
2022-03-31,0.9555632441,0.9483768499,0.9584573522,0.9603867577,0.9410927032,-0.1784522714,-0.1846307905,-0.1759640551,-0.1743052443,-0.1908933527
2022-04-01,0.9484867123,0.9426162573,0.9499974829,0.9510046633,0.9409328591,-0.1845363361,-0.1895834735,-0.1832374476,-0.1823715218,-0.1910307790
2022-04-06,0.9532997220,0.9496874348,0.9544588540,0.9552316087,0.9475040620,-0.1803983397,-0.1835040121,-0.1794017733,-0.1787373957,-0.1853811720
2022-04-07,0.9497197591,0.9460762298,0.9505866192,0.9511645259,0.9453854588,-0.1834762212,-0.1866087540,-0.1827309362,-0.1822340796,-0.1872026460
2022-04-08,0.9424061437,0.9377959391,0.9434138408,0.9440856389,0.9373676581,-0.1897641191,-0.1937277533,-0.1888977492,-0.1883201692,-0.1940959689
2022-04-11,0.9462698563,0.9390544758,0.9486718065,0.9502731066,0.9342601055,-0.1864422832,-0.1926457234,-0.1843772009,-0.1830004794,-0.1967676945
2022-04-12,0.9271297065,0.9175671001,0.9292819220,0.9307167324,0.9163686287,-0.2028980717,-0.2111195448,-0.2010476993,-0.1998141178,-0.2121499334
2022-04-13,0.9353060712,0.9311457941,0.9350646699,0.9349037358,0.9365130773,-0.1958684230,-0.1994452310,-0.1960759683,-0.1962143318,-0.1948306967
2022-04-14,0.9291673518,0.9260393753,0.9286306678,0.9282728785,0.9318507716,-0.2011462014,-0.2038354864,-0.2016076167,-0.2019152269,-0.1988391249
2022-04-15,0.9332715012,0.9311167788,0.9319736227,0.9311083704,0.9397608934,-0.1976176494,-0.1994701769,-0.1987335034,-0.1994774061,-0.1920383792
2022-04-18,0.9178125993,0.9133396330,0.9177858769,0.9177680619,0.9179462116,-0.2109084763,-0.2147541195,-0.2109314510,-0.2109467674,-0.2107936028
2022-04-19,0.9003351115,0.8973253447,0.8996331123,0.8991651128,0.9038451074,-0.2259347873,-0.2285224412,-0.2265383327,-0.2269406963,-0.2229170601
2022-04-20,0.8887300866,0.8867002022,0.8869735318,0.8858024953,0.8975128605,-0.2359122345,-0.2376574323,-0.2374224365,-0.2384292379,-0.2283612241
2022-04-21,0.8815496514,0.8757795666,0.8807548503,0.8802249830,0.8855236564,-0.2420856304,-0.2470464742,-0.2427689624,-0.2432245171,-0.2386689703
2022-04-22,0.8795408719,0.8683844258,0.8806641787,0.8814130499,0.8739243377,-0.2438126833,-0.2534044638,-0.2428469176,-0.2422030738,-0.2486415116
2022-04-25,0.8787489399,0.8655269610,0.8805588065,0.8817653843,0.8696996067,-0.2444935486,-0.2558611758,-0.2429375115,-0.2419001535,-0.2522737339
2022-04-26,0.8565401471,0.8336472059,0.8624371460,0.8663684785,0.8270551531,-0.2635876100,-0.2832698697,-0.2585176515,-0.2551376792,-0.2889374024
2022-04-27,0.8270125852,0.8002800204,0.8343962312,0.8393186618,0.7900943556,-0.2889740002,-0.3119573852,-0.2826258934,-0.2783938222,-0.3207145343
2022-04-28,0.8423015356,0.8188555044,0.8495846221,0.8544400130,0.8058861035,-0.2758292895,-0.2959870695,-0.2695676389,-0.2653932052,-0.3071375422
2022-04-29,0.8487892302,0.8301984905,0.8540374061,0.8575361900,0.8225483507,-0.2702514790,-0.2862349108,-0.2657393475,-0.2627312598,-0.2928121363
2022-05-05,0.8589391077,0.8464443797,0.8613809020,0.8630087648,0.8467301365,-0.2615250980,-0.2722674696,-0.2594257597,-0.2580262009,-0.2720217895
2022-05-06,0.8614090036,0.8444510324,0.8654424560,0.8681314243,0.8412417415,-0.2594015993,-0.2739812546,-0.2559338292,-0.2536219824,-0.2767404500
2022-05-09,0.8700985077,0.8478401286,0.8764963098,0.8807615111,0.8381094977,-0.2519307778,-0.2710674712,-0.2464302526,-0.2427632358,-0.2794334039
2022-05-10,0.8617298020,0.8360241467,0.8691993921,0.8741791189,0.8243818513,-0.2591257921,-0.2812262893,-0.2527037946,-0.2484224629,-0.2912357799
2022-05-11,0.8893288182,0.8681261402,0.8954844986,0.8995882855,0.8585504164,-0.2353974735,-0.2536265254,-0.2301051130,-0.2265768726,-0.2618592763
2022-05-12,0.8875482403,0.8677921118,0.8933907846,0.8972858142,0.8583355184,-0.2369283296,-0.2539137071,-0.2319051885,-0.2285564277,-0.2620440354
2022-05-13,0.9017852503,0.8843715473,0.9067014719,0.9099789530,0.8772041422,-0.2246880270,-0.2396594988,-0.2204612940,-0.2176434720,-0.2458216920
2022-05-16,0.9067480735,0.8899614661,0.9117800277,0.9151346638,0.8815883027,-0.2204212282,-0.2348535531,-0.2160949938,-0.2132108376,-0.2420523998
2022-05-17,0.9059753117,0.8848091563,0.9127300252,0.9172331675,0.8722017444,-0.2210856119,-0.2392832634,-0.2152782313,-0.2114066441,-0.2501225152
2022-05-18,0.9229633197,0.9042949179,0.9290214619,0.9330602234,0.8926726084,-0.2064801325,-0.2225303344,-0.2012716305,-0.1977992959,-0.2325226421
2022-05-19,0.9076581934,0.8841172853,0.9153963159,0.9205550643,0.8689675807,-0.2196387505,-0.2398781011,-0.2129858816,-0.2085506356,-0.2529030950
2022-05-20,0.9296933918,0.9108946880,0.9358646274,0.9399787845,0.8988372135,-0.2006939373,-0.2168561667,-0.1953882030,-0.1918510469,-0.2272226085
2022-05-23,0.9304039054,0.9169645920,0.9344107754,0.9370820221,0.9103695555,-0.2000830715,-0.2116375526,-0.1966381556,-0.1943415451,-0.2173076506
2022-05-24,0.9311884651,0.9165374421,0.9354402513,0.9382747755,0.9099295339,-0.1994085445,-0.2120047957,-0.1957530613,-0.1933160726,-0.2176859602
2022-05-25,0.9116780858,0.8899072960,0.9186834676,0.9233537222,0.8766511766,-0.2161826386,-0.2349001259,-0.2101597452,-0.2061444830,-0.2462971055
2022-05-26,0.9124601643,0.8915141565,0.9194432291,0.9240986057,0.8775448402,-0.2155102448,-0.2335186239,-0.2095065385,-0.2055040676,-0.2455287761
2022-05-27,0.9052365904,0.8884946838,0.9103561873,0.9137692520,0.8796386054,-0.2217207293,-0.2361146226,-0.2173191439,-0.2143847536,-0.2437286566
2022-05-30,0.9034400587,0.8849136962,0.9095997183,0.9137061580,0.8726417609,-0.2232653016,-0.2391933850,-0.2179695199,-0.2144389988,-0.2497442100
2022-05-31,0.9072002942,0.8896784009,0.9129232349,0.9167385288,0.8785855902,-0.2200324304,-0.2350969190,-0.2151121187,-0.2118319109,-0.2446339889
2022-06-01,0.9266791257,0.9125610642,0.9311878169,0.9341936111,0.9041356694,-0.2032854596,-0.2154234959,-0.1994091017,-0.1968248632,-0.2226672487
2022-06-02,0.9470984295,0.9305459221,0.9525918900,0.9562541970,0.9196311270,-0.1857299155,-0.1999609723,-0.1810069000,-0.1778582230,-0.2093449929
2022-06-06,0.9888973693,0.9695339653,0.9963293242,1.0012839608,0.9517375948,-0.1497931794,-0.1664409112,-0.1434035389,-0.1391437785,-0.1817413823
2022-06-07,0.9971335391,0.9840507550,1.0021401895,1.0054779565,0.9721002867,-0.1427121133,-0.1539600674,-0.1384076339,-0.1355379809,-0.1642345104
2022-06-08,0.9931938954,0.9838774125,0.9963454724,0.9984465237,0.9774360107,-0.1460992311,-0.1541090990,-0.1433896554,-0.1415832717,-0.1596471092
2022-06-09,0.9904698164,0.9847120360,0.9919355220,0.9929126590,0.9831412886,-0.1484412644,-0.1533915295,-0.1471811206,-0.1463410248,-0.1547419833
2022-06-10,0.9651006998,0.9550920519,0.9680025501,0.9699371169,0.9505914486,-0.1702524215,-0.1788573799,-0.1677575490,-0.1660943007,-0.1827267841
2022-06-13,0.9653844557,0.9591513272,0.9668749654,0.9678686385,0.9579319073,-0.1700084618,-0.1753674085,-0.1687269926,-0.1678726798,-0.1764158076
2022-06-14,0.9658784955,0.9559762278,0.9686843458,0.9705549127,0.9518492438,-0.1695837099,-0.1780972077,-0.1671713735,-0.1655631493,-0.1816453918
2022-06-15,0.9286029077,0.9276294773,0.9276704953,0.9270488870,0.9332649700,-0.2016314834,-0.2024683925,-0.2024331272,-0.2029675564,-0.1976232645
2022-06-16,0.9444538391,0.9477666930,0.9418080811,0.9400442424,0.9576826294,-0.1880036082,-0.1851553744,-0.1902783048,-0.1917947693,-0.1766301249
2022-06-17,0.9472252784,0.9446211849,0.9470924229,0.9470038526,0.9478895560,-0.1856208568,-0.1878597323,-0.1857350796,-0.1858112282,-0.1850497426
2022-06-20,0.9477634310,0.9537061858,0.9442451694,0.9418996616,0.9653547393,-0.1851581788,-0.1800488816,-0.1881830125,-0.1901995683,-0.1700340105
2022-06-21,0.9420478422,0.9487269819,0.9381706253,0.9355858140,0.9614339269,-0.1900721697,-0.1843297637,-0.1934056160,-0.1956279135,-0.1734049381
2022-06-22,0.9489972227,0.9579680179,0.9438102341,0.9403522417,0.9749321656,-0.1840974236,-0.1763847615,-0.1885569491,-0.1915299662,-0.1617997959
2022-06-23,0.9282348176,0.9338602715,0.9241723170,0.9214639832,0.9485473207,-0.2019479498,-0.1971114527,-0.2054406942,-0.2077691905,-0.1844842279
2022-06-24,0.9767441961,0.9875339343,0.9707835301,0.9668097527,1.0065475265,-0.1602418984,-0.1509653959,-0.1653665950,-0.1687830593,-0.1346184156
2022-06-27,1.0037081354,1.0169155791,0.9973079703,0.9930411936,1.0357089609,-0.1370595887,-0.1257044582,-0.1425621456,-0.1462305168,-0.1095468043
2022-06-28,1.0147098515,1.0281272498,1.0082153314,1.0038856514,1.0471824516,-0.1276008377,-0.1160651981,-0.1331845164,-0.1369069689,-0.0996824439
2022-06-29,1.0150132566,1.0298658872,1.0076558385,1.0027508931,1.0518003472,-0.1273399844,-0.1145704006,-0.1336655418,-0.1378825800,-0.0957121974
2022-06-30,0.9967513181,1.0131181195,0.9884546673,0.9829235667,1.0382345724,-0.1430407286,-0.1289693329,-0.1501737935,-0.1549291702,-0.1073754040
2022-07-01,1.0052442756,1.0211466790,0.9972401825,0.9919041204,1.0452647411,-0.1357388886,-0.1220667602,-0.1426204264,-0.1472081182,-0.1013312000
2022-07-04,0.9972262239,1.0151603365,0.9879874888,0.9818283321,1.0434198994,-0.1426324272,-0.1272135321,-0.1505754513,-0.1558708007,-0.1029173070
2022-07-05,0.9893932781,1.0087575761,0.9792820377,0.9725412108,1.0399494800,-0.1493668207,-0.1327183203,-0.1580599832,-0.1638554249,-0.1059010082
2022-07-06,1.0013738384,1.0221894146,0.9904081927,0.9830977622,1.0562020671,-0.1390665060,-0.1211702658,-0.1484942455,-0.1547794052,-0.0919278085
2022-07-07,1.0044065587,1.0232800311,0.9946139056,0.9880854702,1.0533698241,-0.1364591177,-0.1202326057,-0.1448783740,-0.1504912116,-0.0943628360
2022-07-08,0.9979759242,1.0164048121,0.9884407201,0.9820839173,1.0456519449,-0.1419878707,-0.1261435913,-0.1501857847,-0.1556510607,-0.1009983006
2022-07-11,0.9904415999,1.0097159823,0.9803860775,0.9736823960,1.0407192115,-0.1484655236,-0.1318943283,-0.1571107824,-0.1628742882,-0.1052392297
2022-07-12,0.9793074563,0.9991132432,0.9689149641,0.9619866359,1.0312699175,-0.1580381295,-0.1410100580,-0.1669730990,-0.1729297453,-0.1133632823
2022-07-13,0.9501323235,0.9722963636,0.9382758793,0.9303715831,1.0094145447,-0.1831215180,-0.1640659328,-0.1933151236,-0.2001108607,-0.1321534900
2022-07-14,0.9363102672,0.9578997116,0.9247779951,0.9170898136,0.9939716281,-0.1950050631,-0.1764434880,-0.2049199611,-0.2115298930,-0.1454305736
2022-07-15,0.9567529616,0.9778811657,0.9455299164,0.9380478863,1.0128681873,-0.1774294090,-0.1592643862,-0.1870784483,-0.1935111411,-0.1291842127
2022-07-18,0.9516746040,0.9708699187,0.9416064047,0.9348942719,1.0020156003,-0.1817955388,-0.1652923222,-0.1904516966,-0.1962224684,-0.1385147497
2022-07-19,0.9517169103,0.9742419243,0.9400957752,0.9323483519,1.0098225853,-0.1817591659,-0.1623932325,-0.1917504638,-0.1984113291,-0.1318026762
2022-07-20,0.9577981288,0.9808097966,0.9459431845,0.9380398883,1.0170728502,-0.1765308240,-0.1567464889,-0.1867231401,-0.1935180174,-0.1255692440
2022-07-21,0.9651844875,0.9876376508,0.9533346846,0.9454348160,1.0244335019,-0.1701803849,-0.1508762254,-0.1803682806,-0.1871602110,-0.1192409065
2022-07-22,0.9866172580,1.0049235757,0.9769885755,0.9705694538,1.0347606705,-0.1517535105,-0.1360146111,-0.1600317927,-0.1655506476,-0.1103620992
2022-07-25,0.9657749727,0.9837365672,0.9560165273,0.9495108970,1.0145671997,-0.1696727139,-0.1542301911,-0.1780625601,-0.1836557909,-0.1277234829
2022-07-26,0.9707311487,0.9874118048,0.9615139336,0.9553691236,1.0168172239,-0.1654116300,-0.1510703970,-0.1733361521,-0.1786191669,-0.1257890193
2022-07-27,0.9640298425,0.9815533055,0.9545744996,0.9482709377,1.0113065569,-0.1711730936,-0.1561072554,-0.1793023467,-0.1847218488,-0.1305268281
2022-07-28,0.9610936858,0.9792145018,0.9513793014,0.9449030451,1.0096656078,-0.1736974612,-0.1581180474,-0.1820494259,-0.1876174023,-0.1319376379
2022-07-29,0.9701995087,0.9857279861,0.9617884920,0.9561811476,1.0122545921,-0.1658687087,-0.1525180640,-0.1731000999,-0.1779210274,-0.1297117526
2022-08-01,0.9667745581,0.9791630600,0.9591259799,0.9540269277,1.0050174493,-0.1688133180,-0.1581622746,-0.1753892010,-0.1797731230,-0.1359339030
2022-08-02,0.9750834621,0.9853406855,0.9684318094,0.9639973742,1.0083417258,-0.1616697184,-0.1528510466,-0.1673884923,-0.1712010083,-0.1330758486
2022-08-03,1.0001612060,1.0067647062,0.9951727985,0.9918471936,1.0251032431,-0.1401090696,-0.1344316949,-0.1443978645,-0.1472570611,-0.1186650950
2022-08-04,1.0129538505,1.0147615136,1.0103681434,1.0086443387,1.0258823861,-0.1291105636,-0.1275564210,-0.1313336313,-0.1328156764,-0.1179952250
2022-08-05,1.0357577756,1.0364602668,1.0341703886,1.0331121306,1.0436947105,-0.1095048358,-0.1089008673,-0.1108695955,-0.1117794353,-0.1026810375
2022-08-08,1.1156287463,1.1053319291,1.1211475200,1.1248267025,1.0880348775,-0.0408355824,-0.0496882950,-0.0360908038,-0.0329276181,-0.0645594755
2022-08-09,1.0906033791,1.0832518122,1.0944030610,1.0969361822,1.0716049697,-0.0623512002,-0.0686717270,-0.0590844149,-0.0569065580,-0.0786851270
2022-08-10,1.1078448462,1.0991558433,1.1125463337,1.1156806587,1.0843374086,-0.0475278087,-0.0549981992,-0.0434856938,-0.0407909506,-0.0677383830
2022-08-11,1.1314933724,1.1138217783,1.1411978278,1.1476674648,1.0829710950,-0.0271959331,-0.0423891273,-0.0188525049,-0.0132902194,-0.0689130743
2022-08-12,1.1248969536,1.1137842719,1.1318112977,1.1364208605,1.0903252328,-0.0328672195,-0.0424213735,-0.0269225960,-0.0229595137,-0.0625903371
2022-08-15,1.1179697640,1.1081746425,1.1239812891,1.1279889724,1.0879121389,-0.0388228869,-0.0472442655,-0.0336544643,-0.0302088491,-0.0646650003
2022-08-16,1.1117100542,1.0983707984,1.1200609801,1.1256282640,1.0699554247,-0.0442046871,-0.0556731433,-0.0370249590,-0.0322384737,-0.0801033272
2022-08-17,1.1067271297,1.0954150517,1.1136989753,1.1183468724,1.0718679015,-0.0484887680,-0.0582143535,-0.0424947075,-0.0384986671,-0.0784590708
2022-08-18,1.1261233577,1.1116161394,1.1354820490,1.1417211765,1.0793299014,-0.0318128157,-0.0442854305,-0.0237666591,-0.0184025546,-0.0720435990
2022-08-19,1.1422425720,1.1218478066,1.1551635914,1.1637776043,1.0776374752,-0.0179542836,-0.0354887308,-0.0068454071,0.0000000000,-0.0734986663
2022-08-22,1.1251868446,1.1064665550,1.1362836580,1.1436815336,1.0697027776,-0.0326179851,-0.0487127977,-0.0230774738,-0.0172679648,-0.0803205411
2022-08-23,1.1067064543,1.0933211003,1.1154420287,1.1212657450,1.0630285821,-0.0485065438,-0.0600146331,-0.0409961133,-0.0365291952,-0.0860586963
2022-08-24,1.1078279251,1.0920356295,1.1178694705,1.1245638342,1.0576201976,-0.0475423566,-0.0611198196,-0.0389091145,-0.0336952438,-0.0907085675
2022-08-25,1.0766235895,1.0603025308,1.0854397663,1.0913172175,1.0325427053,-0.0743703570,-0.0884024252,-0.0667906284,-0.0622630875,-0.1122690000
2022-08-26,1.0565462556,1.0486922269,1.0609948897,1.0639606458,1.0343030850,-0.0916318916,-0.0983844111,-0.0878071680,-0.0857697881,-0.1107555094
2022-08-29,1.0252588254,1.0193864856,1.0272923551,1.0286480416,1.0150911768,-0.1185313327,-0.1235800906,-0.1167830008,-0.1161128743,-0.1272729923
2022-08-30,1.0440395726,1.0398894218,1.0454797154,1.0464398106,1.0368388586,-0.1023845415,-0.1059526433,-0.1011463754,-0.1008249285,-0.1085753722
2022-08-31,1.0318724208,1.0260460091,1.0337292874,1.0349671984,1.0225880880,-0.1128452786,-0.1178545497,-0.1112488333,-0.1106830080,-0.1208275054
2022-09-01,1.0191574737,1.0240045621,1.0148189610,1.0119266192,1.0408500371,-0.1237769841,-0.1196096885,-0.1275070305,-0.1304811027,-0.1051267521
2022-09-02,1.0061063355,1.0113289240,1.0013511039,0.9981809495,1.0298824937,-0.1349977306,-0.1305075979,-0.1390860520,-0.1422923540,-0.1145561231
2022-09-05,1.0182008578,1.0188172368,1.0153686372,1.0134804902,1.0323619606,-0.1245994368,-0.1240695035,-0.1270344451,-0.1291459069,-0.1124243957
2022-09-06,1.0551999579,1.0514160086,1.0551710152,1.0551517201,1.0553446712,-0.0927893742,-0.0960426334,-0.0928142577,-0.0933390399,-0.0926649566
2022-09-07,1.0622736238,1.0543684072,1.0648535997,1.0665735837,1.0493737440,-0.0867077735,-0.0935043018,-0.0844896331,-0.0835245671,-0.0977984752
2022-09-08,1.0702938731,1.0631941336,1.0728953392,1.0746296500,1.0572865424,-0.0798123454,-0.0859163630,-0.0775757288,-0.0766022253,-0.0909954283
2022-09-09,1.0665650285,1.0632311642,1.0667494560,1.0668724076,1.0656428914,-0.0830182282,-0.0858845258,-0.0828596663,-0.0832677965,-0.0838110378
2022-09-13,1.0592757699,1.0667785803,1.0541919523,1.0508027405,1.0846948580,-0.0892851853,-0.0828346266,-0.0936560094,-0.0970759906,-0.0674310650
2022-09-14,1.0590089365,1.0637291184,1.0545617847,1.0515970168,1.0812446957,-0.0895145959,-0.0854564086,-0.0933380451,-0.0963934923,-0.0703973501
2022-09-15,1.0793597285,1.0883266794,1.0727373421,1.0683224179,1.1124716603,-0.0720179551,-0.0643085981,-0.0777115672,-0.0820218451,-0.0435498944
2022-09-16,1.0665987184,1.0750168433,1.0590489317,1.0540157406,1.1043476518,-0.0829892633,-0.0757517607,-0.0894802100,-0.0943151538,-0.0505345297
2022-09-19,1.0814248868,1.0793447725,1.0784567394,1.0764779744,1.0962656241,-0.0702424304,-0.0720308135,-0.0727943021,-0.0750140143,-0.0574830719
2022-09-20,1.0662264824,1.0675848008,1.0616150131,1.0585407002,1.0892838288,-0.0833092941,-0.0821414766,-0.0872740156,-0.0904269886,-0.0634856867
2022-09-21,1.0652785306,1.0627611111,1.0625012478,1.0606497259,1.0791649445,-0.0841242978,-0.0862886551,-0.0865120732,-0.0886147646,-0.0721854210
2022-09-22,1.0610142753,1.0534883769,1.0603218783,1.0598602803,1.0644762603,-0.0877905012,-0.0942609100,-0.0883857912,-0.0892931120,-0.0848140516
2022-09-23,1.0739165426,1.0625517295,1.0752441729,1.0761292598,1.0672783910,-0.0766977468,-0.0864686714,-0.0755563136,-0.0753136546,-0.0824049132
2022-09-26,1.0549510060,1.0438064927,1.0555209872,1.0559009747,1.0521010999,-0.0930034112,-0.1025849325,-0.0925133685,-0.0926952273,-0.0954536246
2022-09-27,1.0790319838,1.0645242759,1.0817530629,1.0835671156,1.0654265885,-0.0722997343,-0.0847727700,-0.0699602802,-0.0689225230,-0.0839970047
2022-09-28,1.0897596010,1.0802336380,1.0901874933,1.0904727549,1.0876201394,-0.0630766404,-0.0712666093,-0.0627087590,-0.0629887095,-0.0649160475
2022-09-29,1.0888987160,1.0800505638,1.0886162331,1.0884279111,1.0903111308,-0.0638167883,-0.0714240078,-0.0640596536,-0.0647457838,-0.0626024614
2022-09-30,1.0950963645,1.0822599713,1.0965173781,1.0974647204,1.0879912969,-0.0584883455,-0.0695244645,-0.0572666258,-0.0569807184,-0.0645969440
2022-10-10,1.0572320655,1.0474493765,1.0564938876,1.0560017691,1.0609229545,-0.0910422650,-0.0994529546,-0.0916769151,-0.0926086177,-0.0878690145
2022-10-11,1.0163221291,1.0005689338,1.0178797535,1.0189181698,1.0085340072,-0.1262146782,-0.1397585246,-0.1248755070,-0.1244734681,-0.1329105342
2022-10-12,0.9967157325,0.9808246989,0.9983247790,0.9993974767,0.9886704997,-0.1430713235,-0.1567336767,-0.1416879420,-0.1412470278,-0.1499882311
2022-10-13,1.0256686246,1.0079956302,1.0287553369,1.0308131451,1.0102350632,-0.1181790069,-0.1333734051,-0.1155251988,-0.1142524643,-0.1314480473
2022-10-14,1.0435283944,1.0269888866,1.0463481906,1.0482280547,1.0294294135,-0.1028240281,-0.1170439086,-0.1003997018,-0.0992883427,-0.1149456599
2022-10-17,1.0466376778,1.0320201845,1.0490779648,1.0507048228,1.0344362429,-0.1001508145,-0.1127182385,-0.0980527720,-0.0971601284,-0.1106410266
2022-10-18,1.0924307484,1.0812180835,1.0934471890,1.0941248160,1.0873485457,-0.0607801152,-0.0704202300,-0.0599062280,-0.0598506004,-0.0651495508
2022-10-19,1.1005531175,1.0867436257,1.1022789909,1.1034295732,1.0919237505,-0.0537968894,-0.0656696322,-0.0523130657,-0.0518552951,-0.0612160078
2022-10-20,1.0931640405,1.0720034832,1.0976032589,1.1005627378,1.0709679487,-0.0601496656,-0.0783425041,-0.0563330372,-0.0543186828,-0.0792328073
2022-10-21,1.1497730046,1.1246419424,1.1563007159,1.1606525234,1.1171344480,-0.0114799767,-0.0330864660,-0.0058677616,-0.0026852905,-0.0395410518
2022-10-24,1.1685970713,1.1398104971,1.1765741804,1.1818922531,1.1287115258,0.0000000000,-0.0200452657,0.0000000000,0.0000000000,-0.0295876322
2022-10-25,1.1626561592,1.1220189296,1.1752756181,1.1836885907,1.0995588646,-0.0050837986,-0.0353416074,-0.0011036808,0.0000000000,-0.0546517007
2022-10-26,1.1659022517,1.1255121953,1.1786091567,1.1870804267,1.1023677268,-0.0023060297,-0.0323382640,0.0000000000,0.0000000000,-0.0522367748
2022-10-27,1.1818933044,1.1439009575,1.1938331876,1.2017931098,1.1221938881,0.0000000000,-0.0165284828,0.0000000000,0.0000000000,-0.0351911864
2022-10-28,1.1734982050,1.1315717015,1.1863706535,1.1949522858,1.1091359627,-0.0071030941,-0.0271285894,-0.0062509019,-0.0056921811,-0.0464177682
2022-10-31,1.1764289581,1.1211869655,1.1947508653,1.2069654700,1.0848194225,-0.0046233837,-0.0360568904,0.0000000000,0.0000000000,-0.0673239704
2022-11-01,1.2114087235,1.1506447060,1.2329280665,1.2472742951,1.1038120087,0.0000000000,-0.0107305293,0.0000000000,0.0000000000,-0.0509950501
2022-11-02,1.2116636999,1.1623363972,1.2289677152,1.2405037254,1.1251436236,0.0000000000,-0.0006785705,-0.0032121511,-0.0054282925,-0.0326551444
2022-11-03,1.2279414110,1.1760735062,1.2471899114,1.2600222449,1.1316989095,0.0000000000,0.0000000000,0.0000000000,0.0000000000,-0.0270192221
2022-11-04,1.2561344878,1.1978050409,1.2789807143,1.2942115320,1.1419033550,0.0000000000,0.0000000000,0.0000000000,0.0000000000,-0.0182459262
2022-11-07,1.2251783635,1.1866948158,1.2393220971,1.2487512528,1.1544596958,-0.0246439569,-0.0092754870,-0.0310079869,-0.0351258493,-0.0074505829
2022-11-08,1.2175791368,1.1829525197,1.2299503641,1.2381978489,1.1557230004,-0.0306936489,-0.0123997818,-0.0383354883,-0.0432801607,-0.0063644539
2022-11-09,1.2074837192,1.1727452582,1.2194449109,1.2274190387,1.1476777609,-0.0387305412,-0.0209214203,-0.0465494145,-0.0516086371,-0.0132813673
2022-11-10,1.2019979386,1.1613839382,1.2159445699,1.2252423241,1.1322647820,-0.0430977333,-0.0304065365,-0.0492862353,-0.0532905218,-0.0265327119
2022-11-11,1.1950849912,1.1745977303,1.1996170576,1.2026384352,1.1724246591,-0.0486010831,-0.0193748647,-0.0620522701,-0.0707558962,0.0000000000
2022-11-14,1.2232181290,1.2157251626,1.2205573176,1.2187834434,1.2365221859,-0.0262044861,0.0000000000,-0.0456796541,-0.0582811130,0.0000000000
2022-11-15,1.2413510881,1.2308311612,1.2397044339,1.2386066644,1.2495843592,-0.0117689625,0.0000000000,-0.0307090482,-0.0429642807,0.0000000000
2022-11-16,1.2605525831,1.2536328042,1.2583529634,1.2568865503,1.2715506816,0.0000000000,0.0000000000,-0.0161282736,-0.0288399390,0.0000000000
2022-11-17,1.2567128254,1.2444433559,1.2567742244,1.2568151571,1.2564058305,-0.0030460908,-0.0073302551,-0.0173626464,-0.0288951025,-0.0119105367
2022-11-18,1.2550298286,1.2413994882,1.2559706959,1.2565979408,1.2503254918,-0.0043812171,-0.0097582928,-0.0179909033,-0.0290629393,-0.0166923663
2022-11-21,1.2574523407,1.2357229803,1.2618950852,1.2648569149,1.2352386182,-0.0024594312,-0.0142863395,-0.0133587855,-0.0226814677,-0.0285573072
2022-11-22,1.2590939450,1.2381988221,1.2629443864,1.2655113473,1.2398417381,-0.0011571418,-0.0123114057,-0.0125383657,-0.0221758067,-0.0249372235
2022-11-23,1.2649321109,1.2455062603,1.2677286660,1.2695930361,1.2509493351,0.0000000000,-0.0064823957,-0.0087976685,-0.0190220032,-0.0162017502
2022-11-24,1.2635966883,1.2477687897,1.2650342594,1.2659926402,1.2564088325,-0.0010557267,-0.0046776173,-0.0109043512,-0.0218039255,-0.0119081758
2022-11-25,1.2767636587,1.2555095050,1.2803634080,1.2827632409,1.2587649123,0.0000000000,0.0000000000,0.0000000000,-0.0088457650,-0.0100552573
2022-11-28,1.2721666124,1.2487551028,1.2758562034,1.2783159307,1.2537186576,-0.0036005460,-0.0053798097,-0.0035202542,-0.0122820736,-0.0140238405
2022-11-29,1.3067714976,1.2893214598,1.3082631294,1.3092575507,1.2993133382,0.0000000000,0.0000000000,0.0000000000,0.0000000000,0.0000000000
2022-11-30,1.3393912219,1.3387151005,1.3324738473,1.3278622642,1.3739780951,0.0000000000,0.0000000000,0.0000000000,0.0000000000,0.0000000000
2022-12-01,1.3355166312,1.3472328128,1.3233923516,1.3153094985,1.3961380292,-0.0028927999,0.0000000000,-0.0068155152,-0.0094533643,0.0000000000
2022-12-02,1.3513905935,1.3552358822,1.3430363833,1.3374669098,1.3931616447,0.0000000000,0.0000000000,0.0000000000,0.0000000000,-0.0021318698
2022-12-05,1.3621329577,1.3648308060,1.3549497719,1.3501609814,1.3980488866,0.0000000000,0.0000000000,0.0000000000,0.0000000000,0.0000000000
2022-12-06,1.3642765525,1.3714169167,1.3549797129,1.3487818198,1.4107607507,0.0000000000,0.0000000000,0.0000000000,-0.0010214794,0.0000000000
2022-12-07,1.3735216068,1.3797468998,1.3654352824,1.3600443994,1.4139532290,0.0000000000,0.0000000000,0.0000000000,0.0000000000,0.0000000000
2022-12-08,1.3542617326,1.3595860079,1.3466864086,1.3416361926,1.3921383527,-0.0140222579,-0.0146120219,-0.0137310600,-0.0135350043,-0.0154282871
2022-12-09,1.3586862993,1.3709810194,1.3471570795,1.3394709330,1.4163323983,-0.0108009276,-0.0063532525,-0.0133863560,-0.0151270550,0.0000000000
2022-12-12,1.3897865149,1.4031682780,1.3778665100,1.3699198401,1.4493865392,0.0000000000,0.0000000000,0.0000000000,0.0000000000,0.0000000000
2022-12-13,1.3930712646,1.3995652029,1.3846789600,1.3790840903,1.4350327874,0.0000000000,-0.0025678140,0.0000000000,0.0000000000,-0.0099033290
2022-12-14,1.4118579504,1.4181754521,1.4034904599,1.3979121329,1.4536954030,0.0000000000,0.0000000000,0.0000000000,0.0000000000,0.0000000000
2022-12-15,1.3660993215,1.3776222544,1.3548235842,1.3473064260,1.4224780079,-0.0324102215,-0.0285953319,-0.0346756014,-0.0362009212,-0.0214745091
2022-12-16,1.3710298481,1.3751846351,1.3635461093,1.3585569501,1.4084485422,-0.0289179958,-0.0303141737,-0.0284607211,-0.0281528301,-0.0311254068
2022-12-19,1.3444359933,1.3594821529,1.3311023937,1.3222133273,1.4111039911,-0.0477540656,-0.0413864865,-0.0515771701,-0.0541513331,-0.0292987182
2022-12-20,1.3217664901,1.3286082225,1.3116366902,1.3048834902,1.3724154900,-0.0638105698,-0.0631566634,-0.0654466648,-0.0665482762,-0.0559126161
2022-12-21,1.3208354669,1.3273507088,1.3098638849,1.3025494969,1.3756933771,-0.0644700010,-0.0640433757,-0.0667098051,-0.0682179042,-0.0536577510
2022-12-22,1.3030349716,1.3142598662,1.2898587748,1.2810746436,1.3689159554,-0.0770778525,-0.0732741395,-0.0809636320,-0.0835799952,-0.0583199530
2022-12-23,1.2806536662,1.2884491330,1.2684745816,1.2603551918,1.3415490894,-0.0929302301,-0.0914740972,-0.0962000685,-0.0984017077,-0.0771456753
2022-12-26,1.2486999933,1.2580587502,1.2362365761,1.2279276313,1.3110170791,-0.1155625870,-0.1129033094,-0.1191699471,-0.1215988456,-0.0981487068
2022-12-27,1.2868190942,1.3018365131,1.2714903963,1.2612712643,1.3634625840,-0.0885633404,-0.0820342355,-0.0940512725,-0.0977463929,-0.0620713382
2022-12-28,1.2953179694,1.3131044913,1.2786338352,1.2675110791,1.3787386405,-0.0825437013,-0.0740888306,-0.0889615058,-0.0932827255,-0.0515629081
2022-12-29,1.2962351227,1.3107736474,1.2809850194,1.2708182839,1.3724856390,-0.0818940940,-0.0757323817,-0.0872862652,-0.0909169082,-0.0558643605
2022-12-30,1.2978126101,1.3122768953,1.2830733955,1.2732472525,1.3715086827,-0.0807767809,-0.0746723945,-0.0857982778,-0.0891793393,-0.0565364107
2023-01-03,1.2886803853,1.3019945194,1.2744499365,1.2649629706,1.3598326294,-0.0872450129,-0.0819228203,-0.0919425725,-0.0951055214,-0.0645683913
2023-01-04,1.3145114747,1.3344255169,1.2967396599,1.2848917834,1.4033705488,-0.0689491996,-0.0590547066,-0.0760609374,-0.0808493945,-0.0346185687
2023-01-05,1.2852170840,1.3098247322,1.2654422662,1.2522590544,1.3840911727,-0.0896980227,-0.0764014916,-0.0983606213,-0.1041933002,-0.0478808904
2023-01-06,1.2757677119,1.3083134481,1.2526177892,1.2371845074,1.3915173254,-0.0963908858,-0.0774671454,-0.1074981804,-0.1149769157,-0.0427724250
2023-01-09,1.2776496092,1.3153375970,1.2514421229,1.2339704654,1.4086870405,-0.0950579633,-0.0725141977,-0.1083358536,-0.1172760888,-0.0309613434
2023-01-10,1.2978161461,1.3347965135,1.2719727172,1.2547437646,1.4270332908,-0.0807742764,-0.0587931052,-0.0937076143,-0.1024158564,-0.0183409208
2023-01-11,1.3274821268,1.3647292580,1.3013934102,1.2840009325,1.4579257098,-0.0597622612,-0.0376865881,-0.0727450970,-0.0814866670,0.0000000000
2023-01-12,1.3004365129,1.3398413503,1.2731378340,1.2549387148,1.4369299073,-0.0789183058,-0.0552358326,-0.0928774577,-0.1022763983,-0.0144011470
2023-01-13,1.2988602609,1.3352871145,1.2733443086,1.2563336738,1.4264400221,-0.0800347439,-0.0584471671,-0.0927303427,-0.1012785108,-0.0215962223
2023-01-16,1.3203474881,1.3513989060,1.2979789215,1.2830665438,1.4321903212,-0.0648156298,-0.0470862375,-0.0751779520,-0.0821550843,-0.0176520576
2023-01-17,1.3931336203,1.4276533261,1.3684831261,1.3520494632,1.5163860918,-0.0132621912,0.0000000000,-0.0249430508,-0.0328079774,0.0000000000
2023-01-18,1.4431800520,1.4734528546,1.4209203012,1.4060804674,1.5544788057,0.0000000000,0.0000000000,0.0000000000,0.0000000000,0.0000000000
2023-01-19,1.4195173309,1.4514135428,1.3963568399,1.3809165126,1.5353197857,-0.0163962363,-0.0149575955,-0.0172870085,-0.0178965254,-0.0123250442
2023-01-20,1.4532101133,1.4844836711,1.4303237332,1.4150661464,1.5676420140,0.0000000000,0.0000000000,0.0000000000,0.0000000000,0.0000000000
2023-01-30,1.4273325117,1.4626632261,1.4020986195,1.3852760247,1.5535019727,-0.0178071989,-0.0146990131,-0.0197333743,-0.0210521054,-0.0090199428
2023-01-31,1.4143890752,1.4487194630,1.3897900025,1.3733906207,1.5373844389,-0.0267139884,-0.0240920185,-0.0283388506,-0.0294512916,-0.0193013295
2023-02-01,1.3718325657,1.4114863217,1.3441782776,1.3257420855,1.5101040064,-0.0559984732,-0.0491735617,-0.0602279425,-0.0631235940,-0.0367035376
2023-02-02,1.4363385641,1.4772412506,1.4077515332,1.3886935126,1.5792737188,-0.0116098484,-0.0048787472,-0.0157811826,-0.0186370325,0.0000000000
2023-02-03,1.4806970235,1.5050390536,1.4618697796,1.4493182837,1.5748332428,0.0000000000,0.0000000000,0.0000000000,0.0000000000,-0.0028117203
2023-02-06,1.4771274937,1.4969991443,1.4609798660,1.4502147808,1.5578656324,-0.0024107091,-0.0053419938,-0.0006087503,0.0000000000,-0.0135556529
2023-02-07,1.4835261798,1.5058370478,1.4659035430,1.4541551185,1.5716393639,0.0000000000,0.0000000000,0.0000000000,0.0000000000,-0.0048340923
2023-02-08,1.4692540214,1.4910142439,1.4520015511,1.4404999042,1.5555163731,-0.0096204291,-0.0098435644,-0.0094835653,-0.0093904798,-0.0150432097
2023-02-09,1.4466910065,1.4674785905,1.4300847105,1.4190138465,1.5297224864,-0.0248294731,-0.0254731794,-0.0244346449,-0.0241661096,-0.0313759621
2023-02-10,1.4774437484,1.5016882073,1.4586841957,1.4461778272,1.5712415118,-0.0040999826,-0.0027551723,-0.0049248448,-0.0054858599,-0.0050860132
2023-02-13,1.4616794232,1.4849873028,1.4435248043,1.4314217250,1.5524525176,-0.0147262360,-0.0138459504,-0.0152661742,-0.0156334033,-0.0169832505
2023-02-14,1.5020982931,1.5239051109,1.4847227839,1.4731391111,1.5889758391,0.0000000000,0.0000000000,0.0000000000,0.0000000000,0.0000000000
2023-02-15,1.4990869893,1.5153949029,1.4850036110,1.4756146921,1.5695038808,-0.0020047315,-0.0055844737,0.0000000000,0.0000000000,-0.0122544080
2023-02-16,1.5138083851,1.5351423225,1.4966812853,1.4852632187,1.5994438843,0.0000000000,0.0000000000,0.0000000000,0.0000000000,0.0000000000
2023-02-17,1.4867038928,1.5092850432,1.4689106578,1.4570485011,1.5756700677,-0.0179048370,-0.0168435714,-0.0185548037,-0.0189964427,-0.0148638016
2023-02-20,1.4570099152,1.4758558617,1.4415330580,1.4312151532,1.5343942013,-0.0375202505,-0.0386195208,-0.0368470080,-0.0363895536,-0.0406701877
2023-02-21,1.4623737744,1.4879874290,1.4428403622,1.4298180873,1.5600408359,-0.0339769624,-0.0307169523,-0.0359735393,-0.0373301720,-0.0246354679
2023-02-22,1.4411826279,1.4670199792,1.4215770800,1.4085067148,1.5392103673,-0.0479755284,-0.0443752623,-0.0501804933,-0.0516787213,-0.0376590374
2023-02-23,1.4706012861,1.4962627241,1.4510154905,1.4379582934,1.5685302643,-0.0285419868,-0.0253263804,-0.0305113689,-0.0318495232,-0.0193277303
2023-02-24,1.4595313240,1.4904101915,1.4368622884,1.4217495980,1.5728765021,-0.0358546442,-0.0291387517,-0.0399677590,-0.0427625352,-0.0166103872
2023-02-27,1.4291307189,1.4579825546,1.4077601584,1.3935131180,1.5359835216,-0.0559368458,-0.0502622895,-0.0594121994,-0.0617736301,-0.0396765171
2023-02-28,1.4290641825,1.4582491694,1.4074948900,1.3931153616,1.5369106452,-0.0559807988,-0.0500886152,-0.0595894371,-0.0620414321,-0.0390968634
2023-03-01,1.4452535631,1.4706772954,1.4258831857,1.4129696008,1.5421054500,-0.0452863273,-0.0419928668,-0.0473033907,-0.0486739434,-0.0358489816
2023-03-02,1.4627725564,1.4892830311,1.4427024958,1.4293224554,1.5631228592,-0.0337135329,-0.0298729901,-0.0360656541,-0.0376638717,-0.0227085335
2023-03-03,1.4855004610,1.5168401924,1.4624809577,1.4471346221,1.6005979779,-0.0186998066,-0.0119221064,-0.0228507752,-0.0256712724,0.0000000000
2023-03-06,1.5094953775,1.5419415353,1.4857456637,1.4699125212,1.6282439465,-0.0028491106,0.0000000000,-0.0073065800,-0.0103353381,0.0000000000
2023-03-07,1.5651021348,1.5961367121,1.5420340711,1.5266553620,1.6804424533,0.0000000000,0.0000000000,0.0000000000,0.0000000000,0.0000000000
2023-03-08,1.5210166529,1.5512799178,1.4985369460,1.4835504748,1.6334151873,-0.0281677987,-0.0281033535,-0.0282076291,-0.0282348513,-0.0279850500
2023-03-09,1.5290873281,1.5612875400,1.5054276712,1.4896545665,1.6473856131,-0.0230111543,-0.0218334506,-0.0237390345,-0.0242365084,-0.0196715098
2023-03-10,1.5511228544,1.5847768032,1.5265312879,1.5101369103,1.6740806868,-0.0089318646,-0.0071171278,-0.0100534635,-0.0108200266,-0.0037857687
2023-03-13,1.5438647662,1.5745745427,1.5210522092,1.5058438379,1.6579275510,-0.0135693181,-0.0135089740,-0.0136066137,-0.0136321036,-0.0133981989
2023-03-14,1.5395482294,1.5681802729,1.5179888027,1.5036158515,1.6473453632,-0.0163273085,-0.0175150656,-0.0155932148,-0.0150914942,-0.0196954618
2023-03-15,1.5863590456,1.6116981643,1.5666301212,1.5534775049,1.6850036678,0.0000000000,0.0000000000,0.0000000000,0.0000000000,0.0000000000
2023-03-16,1.5587176077,1.5765831820,1.5435312773,1.5334070570,1.6346492596,-0.0174244526,-0.0217875673,-0.0147442869,-0.0129196901,-0.0298838567
2023-03-17,1.5531776424,1.5726337536,1.5370576615,1.5263110076,1.6337775470,-0.0209167044,-0.0242380438,-0.0188764784,-0.0174875383,-0.0304011925
2023-03-20,1.5394279013,1.5585532212,1.5235452972,1.5129568944,1.6188409219,-0.0295841881,-0.0329745012,-0.0275015930,-0.0260838090,-0.0392656391
2023-03-21,1.5266960583,1.5465895240,1.5103917037,1.4995221340,1.6082178314,-0.0376100149,-0.0403975395,-0.0358976996,-0.0347319937,-0.0455701301
2023-03-22,1.5130012915,1.5336333397,1.4962956302,1.4851585226,1.5965295981,-0.0462428442,-0.0484363799,-0.0448954033,-0.0439780956,-0.0525067520
2023-03-23,1.4953294188,1.5211357381,1.4755854266,1.4624227652,1.5940493797,-0.0573827388,-0.0561906864,-0.0581149905,-0.0586134910,-0.0539786885
2023-03-24,1.4886870618,1.5274397004,1.4612320663,1.4429287360,1.6259620393,-0.0615699101,-0.0522793075,-0.0672769235,-0.0711621305,-0.0350394659
2023-03-27,1.4635660023,1.5009837665,1.4369808885,1.4192574793,1.5964915713,-0.0774055808,-0.0686942507,-0.0827567598,-0.0863997227,-0.0525293198
2023-03-28,1.4585482797,1.4925837316,1.4339972943,1.4176299707,1.5813032066,-0.0805686243,-0.0739061664,-0.0846612261,-0.0874473778,-0.0615431665
2023-03-29,1.4458880579,1.4743922345,1.4246765049,1.4105354695,1.5519458232,-0.0885493029,-0.0851933277,-0.0906108049,-0.0920142293,-0.0789659080
2023-03-30,1.4937230459,1.5280182339,1.4689149990,1.4523763011,1.6177632805,-0.0583953550,-0.0519203485,-0.0623728095,-0.0650805715,-0.0399051875
2023-03-31,1.4917658814,1.5227584296,1.4689355179,1.4537152755,1.6059176993,-0.0596291013,-0.0551838655,-0.0623597121,-0.0642186508,-0.0469351907
2023-04-03,1.5038552201,1.5470256803,1.4737183660,1.4536271299,1.6545394905,-0.0520082927,-0.0401269204,-0.0593067591,-0.0642753916,-0.0180795911
2023-04-04,1.5132665582,1.5637513716,1.4787350129,1.4557139827,1.6859242845,-0.0460756269,-0.0297492383,-0.0561045694,-0.0629320488,0.0000000000
2023-04-06,1.5137801092,1.5569685865,1.4836037246,1.4634861348,1.6646620325,-0.0457518975,-0.0339577093,-0.0529968086,-0.0579289818,-0.0126116292
2023-04-07,1.5759116415,1.6329021711,1.5373139165,1.5115820998,1.7689002665,-0.0065857753,0.0000000000,-0.0187129076,-0.0269687877,0.0000000000
2023-04-10,1.6208569500,1.6647962539,1.5899218264,1.5692984106,1.7755325681,0.0000000000,0.0000000000,0.0000000000,0.0000000000,0.0000000000
2023-04-11,1.5769168534,1.6248939198,1.5436981619,1.5215523675,1.7430103113,-0.0271091761,-0.0239682988,-0.0290729165,-0.0304250885,-0.0183169024
2023-04-12,1.5496589643,1.5953967072,1.5178563965,1.4966546846,1.7086718033,-0.0439261378,-0.0416865106,-0.0453263982,-0.0462905751,-0.0376567380
2023-04-13,1.5394916015,1.5865229402,1.5069461021,1.4852491024,1.7022190989,-0.0501989694,-0.0470167527,-0.0521885560,-0.0535585250,-0.0412909741
2023-04-14,1.5683617847,1.6178253006,1.5342803341,1.5115593671,1.7387690375,-0.0323872907,-0.0282142353,-0.0349963698,-0.0367929026,-0.0207056357
2023-04-17,1.6265590065,1.6727345203,1.5942721094,1.5727475113,1.7879934922,0.0000000000,0.0000000000,0.0000000000,0.0000000000,0.0000000000
2023-04-18,1.6131616180,1.6622845527,1.5791536524,1.5564816754,1.7832014457,-0.0082366447,-0.0062472362,-0.0094829840,-0.0103423059,-0.0026801252
2023-04-19,1.6038372276,1.6585256824,1.5665331164,1.5416637089,1.7903577836,-0.0139692313,-0.0084943772,-0.0173991584,-0.0197640131,0.0000000000
2023-04-20,1.6333646299,1.6863177264,1.5970111018,1.5727754164,1.8151322704,0.0000000000,0.0000000000,0.0000000000,0.0000000000,0.0000000000
2023-04-21,1.6459365331,1.6949965427,1.6118711246,1.5891608522,1.8162635758,0.0000000000,0.0000000000,0.0000000000,0.0000000000,0.0000000000
2023-04-24,1.6037529210,1.6532777244,1.5695322755,1.5467185118,1.7748561487,-0.0256289421,-0.0246129224,-0.0262668947,-0.0267073911,-0.0227981377
2023-04-25,1.5975003014,1.6358837397,1.5699503023,1.5515836362,1.7352502970,-0.0294277639,-0.0348748812,-0.0260075521,-0.0236459487,-0.0446043624
2023-04-26,1.5511759627,1.5955089996,1.5202077484,1.4995622722,1.7060170341,-0.0575724328,-0.0586948354,-0.0568676830,-0.0563810642,-0.0606996381
2023-04-27,1.5583847346,1.6049805959,1.5260040849,1.5044169851,1.7202879830,-0.0531926941,-0.0531068616,-0.0532716533,-0.0533261734,-0.0528423265
2023-04-28,1.5722924027,1.6253726757,1.5372731118,1.5139269179,1.7473888571,-0.0447429952,-0.0410761115,-0.0462803828,-0.0473419253,-0.0379211033
2023-05-04,1.5805290897,1.6340594605,1.5452459587,1.5217238714,1.7569447445,-0.0397387397,-0.0359511543,-0.0413340526,-0.0424355915,-0.0326598144
2023-05-05,1.5954537773,1.6527004952,1.5579176073,1.5328934939,1.7831346275,-0.0306711436,-0.0249534713,-0.0334725999,-0.0354069622,-0.0182401655
2023-05-08,1.5917089305,1.6490663425,1.5541143352,1.5290512716,1.7796819073,-0.0329463509,-0.0270975185,-0.0358321385,-0.0378247303,-0.0201411673
2023-05-09,1.6154275151,1.6733997638,1.5774161321,1.5520752101,1.8054844301,-0.0185359626,-0.0127414885,-0.0213757737,-0.0233366195,-0.0059347915
2023-05-10,1.5627648329,1.6191982066,1.5257827359,1.5011280045,1.7476753181,-0.0505315354,-0.0447188736,-0.0534089775,-0.0553958069,-0.0377633834
2023-05-11,1.5660124512,1.6221190733,1.5292189968,1.5046900271,1.7499797236,-0.0485584227,-0.0429956449,-0.0512771316,-0.0531543582,-0.0364946218
2023-05-12,1.5419128814,1.5967527102,1.5054470396,1.4811364784,1.7242420905,-0.0632002812,-0.0579610814,-0.0660251824,-0.0679757330,-0.0506652705
2023-05-15,1.5205078674,1.5700292090,1.4859246808,1.4628692230,1.6934238008,-0.0762050438,-0.0737271909,-0.0781367951,-0.0794706395,-0.0676332316
2023-05-16,1.5744344991,1.6303138192,1.5376237280,1.5130832139,1.7584883549,-0.0434415498,-0.0381609767,-0.0460628616,-0.0478728369,-0.0318099320
2023-05-17,1.5847984904,1.6338853717,1.5511617133,1.5287371953,1.7529823756,-0.0371448361,-0.0360538617,-0.0376639362,-0.0380223668,-0.0348414190
2023-05-18,1.5972994259,1.6425650736,1.5657349389,1.5446919476,1.7551218608,-0.0295498072,-0.0309330832,-0.0286227509,-0.0279826328,-0.0336634593
2023-05-19,1.6073821400,1.6492137691,1.5772838559,1.5572183332,1.7578735603,-0.0234239853,-0.0270105410,-0.0214578375,-0.0201002428,-0.0321484262
2023-05-22,1.6446410768,1.6838780353,1.6158203065,1.5966064597,1.7887449280,-0.0007870634,-0.0065596048,0.0000000000,0.0000000000,-0.0151512414
2023-05-23,1.6117261414,1.6589820470,1.5790423632,1.5572531777,1.7751450324,-0.0207847575,-0.0212475334,-0.0227611593,-0.0246480789,-0.0226390839
2023-05-24,1.6061964383,1.6461512511,1.5760177553,1.5558986334,1.7570898528,-0.0241443665,-0.0288173400,-0.0246330307,-0.0254964685,-0.0325799206
2023-05-25,1.6300536210,1.6569602258,1.6060231968,1.5900029140,1.7502057421,-0.0096497719,-0.0224403507,-0.0060632421,-0.0041359883,-0.0363701803
2023-05-26,1.6381841103,1.6610496767,1.6164281315,1.6019241456,1.7469640045,-0.0047100375,-0.0200276904,0.0000000000,0.0000000000,-0.0381550190
2023-05-29,1.6549940554,1.6802933130,1.6321221809,1.6168742645,1.7693534282,0.0000000000,-0.0086744895,0.0000000000,0.0000000000,-0.0258278304
2023-05-30,1.6543147538,1.6699874847,1.6361253007,1.6239989987,1.7452620190,-0.0004104556,-0.0147546366,0.0000000000,0.0000000000,-0.0390920997
2023-05-31,1.6421222405,1.6581508125,1.6237670535,1.6115302622,1.7338981755,-0.0077775596,-0.0217379383,-0.0075533623,-0.0076777981,-0.0453488147
2023-06-01,1.6192789023,1.6366685409,1.5990517970,1.5855670602,1.7204144284,-0.0215802305,-0.0344118707,-0.0226593304,-0.0236650014,-0.0527727080
2023-06-02,1.5979282029,1.6227007680,1.5744520729,1.5588013196,1.7153088527,-0.0344810015,-0.0426524615,-0.0376946850,-0.0401463789,-0.0555837404
2023-06-05,1.5954709864,1.6255734769,1.5699981683,1.5530162896,1.7228350767,-0.0359657298,-0.0409576445,-0.0404169121,-0.0437085917,-0.0514399454
2023-06-06,1.5778310142,1.6050317752,1.5535769356,1.5374075498,1.6991014074,-0.0466243616,-0.0530766673,-0.0504535717,-0.0533198906,-0.0645072499
2023-06-07,1.5487179688,1.5739186270,1.5250718615,1.5093077900,1.6669485051,-0.0642153888,-0.0714325443,-0.0678758767,-0.0706227090,-0.0822100232
2023-06-08,1.5690133107,1.5948410385,1.5441772498,1.5276198758,1.6931936154,-0.0519522982,-0.0590889136,-0.0561986609,-0.0593467871,-0.0677599672
2023-06-09,1.5512578100,1.5848553056,1.5228325514,1.5038823789,1.6933841034,-0.0626807360,-0.0649802134,-0.0692445434,-0.0739634814,-0.0676550882
2023-06-12,1.5932814575,1.6261970783,1.5651739296,1.5464355777,1.7338190968,-0.0372887128,-0.0405897373,-0.0433654874,-0.0477607567,-0.0453923539
2023-06-13,1.5919238544,1.6285966838,1.5619079147,1.5418972882,1.7420035529,-0.0381090197,-0.0391740380,-0.0453616762,-0.0505552716,-0.0408861488
2023-06-14,1.6318220622,1.6732830686,1.5997676849,1.5783981000,1.7920939490,-0.0140012546,-0.0128103353,-0.0222217796,-0.0280793884,-0.0133073344
2023-06-15,1.6204405256,1.6644645590,1.5868828842,1.5645111232,1.7882287329,-0.0208783407,-0.0180130065,-0.0300969715,-0.0366304878,-0.0154354485
2023-06-16,1.6035017967,1.6554988370,1.5670634357,1.5427711951,1.7856936015,-0.0311132590,-0.0233025288,-0.0422106210,-0.0500171513,-0.0168312434
2023-06-19,1.6065086040,1.6623012791,1.5685135376,1.5431834933,1.7964839362,-0.0292964505,-0.0192892804,-0.0413243186,-0.0497632729,-0.0108902914
2023-06-20,1.6082328182,1.6591749199,1.5722371604,1.5482400551,1.7882111076,-0.0282546255,-0.0211337439,-0.0390484398,-0.0466496246,-0.0154451527
2023-06-21,1.5888203335,1.6383253682,1.5532558627,1.5295462155,1.7666426875,-0.0399842656,-0.0334343894,-0.0506498115,-0.0581606166,-0.0273203124
2023-06-26,1.5482689667,1.5878512610,1.5165967325,1.4954819097,1.7066301379,-0.0644866900,-0.0632126845,-0.0730558767,-0.0791361873,-0.0603620748
2023-06-27,1.5344705667,1.5688384639,1.5053523843,1.4859402627,1.6800614787,-0.0728241218,-0.0744296968,-0.0799284238,-0.0850115894,-0.0749902706
2023-06-28,1.5351525509,1.5748971681,1.5035429006,1.4824698003,1.6932008029,-0.0724120453,-0.0708552328,-0.0810343805,-0.0871485749,-0.0677560099
2023-06-29,1.5468559114,1.5885046305,1.5140563178,1.4921899221,1.7108538792,-0.0653405030,-0.0628272150,-0.0746085785,-0.0811632745,-0.0580365636
2023-06-30,1.5563182261,1.5947425702,1.5248078148,1.5038008739,1.7138702828,-0.0596230717,-0.0591470071,-0.0680372621,-0.0740136693,-0.0563757895
2023-07-03,1.5652858976,1.6085217634,1.5319272852,1.5096882103,1.7320789595,-0.0542045197,-0.0510176730,-0.0636858408,-0.0703884599,-0.0463504402
2023-07-04,1.5535840233,1.6009369689,1.5188281917,1.4956576374,1.7273631809,-0.0612751640,-0.0554924871,-0.0716920085,-0.0790279806,-0.0489468578
2023-07-05,1.5832844448,1.6242528009,1.5524096054,1.5318263792,1.7376586415,-0.0433292255,-0.0417368060,-0.0511670440,-0.0567565741,-0.0432783740
2023-07-06,1.5733014380,1.6078933091,1.5451646587,1.5264068059,1.7139853342,-0.0493612755,-0.0513884432,-0.0555951564,-0.0600937518,-0.0563124444
2023-07-07,1.5548353846,1.5872201789,1.5273641676,1.5090500229,1.6921914698,-0.0605190517,-0.0635850051,-0.0664748189,-0.0707814327,-0.0683117295
2023-07-10,1.5471380091,1.5792156625,1.5201765382,1.5022022242,1.6819453640,-0.0651700506,-0.0683074433,-0.0708678990,-0.0749980601,-0.0739530394
2023-07-11,1.5320660429,1.5666124303,1.5040624857,1.4853934475,1.6720838292,-0.0742770115,-0.0757429937,-0.0807168100,-0.0853482984,-0.0793826119
2023-07-12,1.5456787100,1.5814883544,1.5171618176,1.4981505561,1.6882631715,-0.0660518055,-0.0669666194,-0.0727104966,-0.0774929312,-0.0704745754
2023-07-13,1.5790560114,1.6171118826,1.5487925390,1.5286168907,1.7303733735,-0.0458841793,-0.0459497457,-0.0533777955,-0.0587328613,-0.0472895033
2023-07-14,1.6228123375,1.6689239134,1.5889634381,1.5663975051,1.7920568346,-0.0194452166,-0.0153821136,-0.0288253367,-0.0354689219,-0.0133277689
2023-07-17,1.6193449009,1.6627762824,1.5864293475,1.5644856453,1.7839226678,-0.0215403520,-0.0190090419,-0.0303741732,-0.0366461762,-0.0178062856
2023-07-18,1.6106621439,1.6513676786,1.5790951545,1.5580504949,1.7684970908,-0.0267867497,-0.0257397953,-0.0348568329,-0.0406087096,-0.0262993134
2023-07-19,1.6167208900,1.6532364622,1.5869557267,1.5671122845,1.7655467063,-0.0231258628,-0.0246372659,-0.0300524502,-0.0350287865,-0.0279237387
2023-07-20,1.6101628803,1.6463259372,1.5809167424,1.5614193171,1.7563935698,-0.0270884207,-0.0287142801,-0.0337434782,-0.0385343105,-0.0329632807
2023-07-21,1.5980447398,1.6313828198,1.5693296237,1.5501862130,1.7416203203,-0.0344105862,-0.0375302966,-0.0408255266,-0.0454512507,-0.0410971494
2023-07-24,1.5872729722,1.6177886441,1.5598919556,1.5416379446,1.7241780548,-0.0409192305,-0.0455504756,-0.0465938306,-0.0507149661,-0.0507005273
2023-07-25,1.5760356366,1.6147527010,1.5457150325,1.5255012965,1.7276386567,-0.0477091858,-0.0473415961,-0.0552587679,-0.0606513319,-0.0487951861
2023-07-26,1.5828053978,1.6270988889,1.5503339544,1.5286863254,1.7451626151,-0.0436186809,-0.0400576946,-0.0524356822,-0.0586901060,-0.0391468296
2023-07-27,1.5901977449,1.6354837778,1.5572806255,1.5353358792,1.7547833420,-0.0391519899,-0.0351108474,-0.0481898759,-0.0545955506,-0.0338498413
2023-07-28,1.5850347053,1.6269944745,1.5534145600,1.5323344632,1.7431354316,-0.0422716625,-0.0401192961,-0.0505528156,-0.0564437143,-0.0402629581
2023-07-31,1.6043290978,1.6636280959,1.5660319029,1.5405004397,1.7958150720,-0.0306133774,-0.0185064960,-0.0428410940,-0.0514154005,-0.0112585552
2023-08-01,1.5983040342,1.6574834748,1.5601118664,1.5346504211,1.7892648737,-0.0342539123,-0.0221316486,-0.0464594211,-0.0550176310,-0.0148649692
2023-08-02,1.5861864678,1.6449172384,1.5482838544,1.5230154455,1.7756995347,-0.0415757310,-0.0295453725,-0.0536887036,-0.0621820292,-0.0223337855
2023-08-03,1.5495273119,1.6069007261,1.5125006850,1.4878162670,1.7346604467,-0.0637263579,-0.0519740391,-0.0755593815,-0.0838564136,-0.0449291227
2023-08-04,1.5788119702,1.6463692372,1.5376624587,1.5102294510,1.7845595276,-0.0460316368,-0.0286887343,-0.0601805021,-0.0700551834,-0.0174556428
2023-08-07,1.5763345148,1.6438875335,1.5352111663,1.5077956006,1.7819512572,-0.0475285941,-0.0301528693,-0.0616787323,-0.0715538607,-0.0188917066
2023-08-08,1.5609206147,1.6278130785,1.5201993833,1.4930518958,1.7645267712,-0.0568421623,-0.0396363429,-0.0708539360,-0.0806325022,-0.0284852955
2023-08-09,1.5461876329,1.6124487222,1.5058507550,1.4789595031,1.7478720224,-0.0657442981,-0.0487008784,-0.0796238195,-0.0893100893,-0.0376550817
2023-08-10,1.5543378278,1.6209481896,1.5137883280,1.4867553281,1.7570853270,-0.0608196913,-0.0436864331,-0.0747723739,-0.0845097015,-0.0325824124
2023-08-11,1.5583935269,1.6271891666,1.5169789961,1.4893693089,1.7654661810,-0.0583691091,-0.0400044333,-0.0728222371,-0.0829001064,-0.0279680744
2023-08-14,1.5152165916,1.5822066806,1.4749115305,1.4480414897,1.7167418974,-0.0844579854,-0.0665428272,-0.0985338777,-0.1083482866,-0.0547947334
2023-08-15,1.5261463832,1.5959411279,1.4846736846,1.4570252189,1.7335098762,-0.0778538580,-0.0584398919,-0.0925672478,-0.1028164303,-0.0455626048
2023-08-16,1.4825741836,1.5468611733,1.4436145036,1.4176413836,1.6773725834,-0.1041815657,-0.0873956764,-0.1176626247,-0.1270675753,-0.0764707250
2023-08-17,1.4488092706,1.5079356777,1.4121325101,1.3876813365,1.6321930729,-0.1245833990,-0.1103606174,-0.1369044232,-0.1455158916,-0.1013456997
2023-08-18,1.4584404408,1.5217963179,1.4200735248,1.3944955808,1.6502750209,-0.1187639399,-0.1021832319,-0.1320508740,-0.1413199257,-0.0913901248
2023-08-21,1.4427567530,1.4981652388,1.4075459022,1.3840720017,1.6188110068,-0.1282405225,-0.1161248999,-0.1397077586,-0.1477383897,-0.1087136094
2023-08-22,1.4486228399,1.5011622447,1.4144337873,1.3916410856,1.6195681028,-0.1246960464,-0.1143567512,-0.1354978823,-0.1430776209,-0.1082967668
2023-08-23,1.4521606559,1.5052879019,1.4177153175,1.3947517585,1.6243873483,-0.1225583855,-0.1119227302,-0.1334922106,-0.1411621808,-0.1056433824
2023-08-24,1.4438215733,1.4916393021,1.4114561189,1.3898791493,1.6056488453,-0.1275971243,-0.1199750179,-0.1373178336,-0.1441625577,-0.1159604439
2023-08-25,1.4536752670,1.5008169960,1.4214651351,1.3999917138,1.6147259267,-0.1216432094,-0.1145604382,-0.1312003216,-0.1379356053,-0.1109627764
2023-08-28,1.4995395516,1.5743627956,1.4564856790,1.4277830972,1.7148089149,-0.0939305512,-0.0711704974,-0.1097957606,-0.1208226739,-0.0558589966
2023-08-29,1.4182451604,1.4681313438,1.3854380428,1.3635666311,1.5822807483,-0.1430512057,-0.1338440482,-0.1532200852,-0.1603648572,-0.1288264713
2023-08-30,1.5103764133,1.5708131631,1.4726915125,1.4475682453,1.6988009173,-0.0873825750,-0.0732646802,-0.0998907530,-0.1086396935,-0.0646726940
2023-08-31,1.5282554389,1.5873381242,1.4909041950,1.4660033657,1.7150116583,-0.0765794996,-0.0635154207,-0.0887591590,-0.0972880113,-0.0557473700
2023-09-01,1.5555621419,1.6146594138,1.5179354736,1.4928510281,1.7436954835,-0.0600799218,-0.0473966329,-0.0722376379,-0.0807561893,-0.0399546042
2023-09-04,1.5559815831,1.6196060555,1.5166469739,1.4904239011,1.7526546291,-0.0598264822,-0.0444782543,-0.0730251691,-0.0822507266,-0.0350218699
2023-09-05,1.5344974440,1.6007371978,1.4943888815,1.4676498398,1.7350402568,-0.0728078817,-0.0556103464,-0.0866293182,-0.0962741720,-0.0447200065
2023-09-06,1.5468344976,1.6095518267,1.5079340972,1.4820004969,1.7413364997,-0.0653534419,-0.0504099648,-0.0783504805,-0.0874375550,-0.0412534156
2023-09-07,1.5802088327,1.6435117272,1.5407584354,1.5144581706,1.7774608190,-0.0451876081,-0.0303745844,-0.0582882407,-0.0674512904,-0.0213640560
2023-09-08,1.5260426755,1.5798746021,1.4906955524,1.4671308036,1.7027782911,-0.0779165215,-0.0679186876,-0.0888866814,-0.0965937758,-0.0624828280
2023-09-11,1.5493115596,1.6030396703,1.5137729032,1.4900804656,1.7270048415,-0.0638567223,-0.0542519528,-0.0747818015,-0.0824622018,-0.0491441526
2023-09-12,1.5317422863,1.5880196843,1.4954202112,1.4712054945,1.7133526615,-0.0744726356,-0.0631133195,-0.0859989693,-0.0940847281,-0.0566607819
2023-09-13,1.5177152104,1.5728599771,1.4819578935,1.4581196823,1.6965017947,-0.0829482406,-0.0720571178,-0.0942271396,-0.1021424992,-0.0659385470
2023-09-14,1.5142573341,1.5663357575,1.4796871367,1.4566403384,1.6871083213,-0.0850375993,-0.0759062228,-0.0956150265,-0.1030534258,-0.0711104138
2023-09-15,1.4937236304,1.5455967146,1.4594341117,1.4365744326,1.6651712240,-0.0974447156,-0.0881416713,-0.1079936781,-0.1154092867,-0.0831885602
2023-09-18,1.4800701386,1.5261019436,1.4481101139,1.4268034307,1.6398702622,-0.1056945892,-0.0996430346,-0.1149149071,-0.1214259172,-0.0971187860
2023-09-19,1.4492604562,1.4974753308,1.4167882349,1.3951400874,1.6116215625,-0.1243107784,-0.1165319261,-0.1340588436,-0.1409230618,-0.1126719800
2023-09-20,1.4277838429,1.4743524927,1.3961425184,1.3750483021,1.5859904652,-0.1372876306,-0.1301737463,-0.1466775083,-0.1532948584,-0.1267839721
2023-09-21,1.4093304922,1.4531218031,1.3789142882,1.3586368189,1.5614115122,-0.1484377315,-0.1426992525,-0.1572074048,-0.1634004578,-0.1403166737
2023-09-22,1.3939602031,1.4341381704,1.3650511137,1.3457783875,1.5385056500,-0.1577249486,-0.1538990586,-0.1656805789,-0.1713182160,-0.1529282035
2023-09-25,1.4144965213,1.4632176218,1.3821850255,1.3606440283,1.5760540003,-0.1453162525,-0.1367430051,-0.1552083298,-0.1621644906,-0.1322547997
2023-09-26,1.4133620574,1.4588428751,1.3822787424,1.3615565324,1.5687786325,-0.1460017317,-0.1393239819,-0.1551510500,-0.1616026035,-0.1362604782
2023-09-27,1.4153435850,1.4588425664,1.3849839419,1.3647441798,1.5671418007,-0.1448044297,-0.1393241640,-0.1534976317,-0.1596397652,-0.1371616865
2023-09-28,1.4206298900,1.4662863347,1.3894092115,1.3685954258,1.5767332826,-0.1416102763,-0.1349325513,-0.1507929064,-0.1572683069,-0.1318807999
2023-10-09,1.4442712067,1.4867245036,1.4140173275,1.3938480747,1.5955406027,-0.1273254415,-0.1228746100,-0.1357524226,-0.1417186366,-0.1215258490
2023-10-10,1.4397015523,1.4841984387,1.4087278406,1.3880786995,1.5945701106,-0.1300865719,-0.1243649168,-0.1389853577,-0.1452712098,-0.1220601834
2023-10-11,1.4400112391,1.4818334639,1.4100369040,1.3900540139,1.5898829146,-0.1298994493,-0.1257601850,-0.1381852580,-0.1440548824,-0.1246408639
2023-10-12,1.4730160532,1.5187058450,1.4412656080,1.4200986446,1.6317682789,-0.1099568918,-0.1040065235,-0.1190982699,-0.1255544826,-0.1015795831
2023-10-13,1.4942319289,1.5380299131,1.4629799252,1.4421452561,1.6504919474,-0.0971375855,-0.0926058701,-0.1058264764,-0.1119789746,-0.0912706892
2023-10-16,1.4931992059,1.5351555881,1.4626470507,1.4422789472,1.6459599820,-0.0977615895,-0.0943016405,-0.1060299294,-0.1118966524,-0.0937659027
2023-10-17,1.4566581261,1.4938385090,1.4282565433,1.4093221548,1.5986660398,-0.1198408712,-0.1186775481,-0.1270494120,-0.1321902563,-0.1198050431
2023-10-18,1.4868882154,1.5242982910,1.4580996845,1.4389073305,1.6308308701,-0.1015748905,-0.1007071386,-0.1088092802,-0.1139727724,-0.1020957025
2023-10-19,1.4816941954,1.5134037827,1.4550867922,1.4373485233,1.6147312118,-0.1047132825,-0.1071345902,-0.1106507604,-0.1149326296,-0.1109598666
2023-10-20,1.4777048812,1.5000841031,1.4546149340,1.4392216359,1.5931546171,-0.1071237529,-0.1149928243,-0.1109391601,-0.1137792344,-0.1228395271
2023-10-23,1.4897447285,1.5098813577,1.4673671610,1.4524487827,1.6016325660,-0.0998488945,-0.1092127213,-0.1031449973,-0.1056344346,-0.1181717305
2023-10-24,1.4922775850,1.5099538549,1.4707874628,1.4564607147,1.5997281961,-0.0983184621,-0.1091699500,-0.1010545084,-0.1031640316,-0.1192202402
2023-10-25,1.5058136325,1.5294405561,1.4819824961,1.4660950718,1.6249693146,-0.0901395521,-0.0976733477,-0.0942121026,-0.0972315420,-0.1053229629
2023-10-26,1.4833679441,1.5012698108,1.4618879069,1.4475678822,1.5907681296,-0.1037019504,-0.1142932903,-0.1064939181,-0.1086399170,-0.1241534815
2023-10-27,1.5169302971,1.5374531289,1.4941428606,1.4789512363,1.6308674797,-0.0834225101,-0.0929461564,-0.0867796861,-0.0893151797,-0.1020755460
2023-10-30,1.5337844391,1.5618258021,1.5080390495,1.4908754565,1.6625113870,-0.0732387019,-0.0785669689,-0.0782863336,-0.0819726750,-0.0846530156
2023-10-31,1.5518929256,1.5840560316,1.5244333125,1.5061269038,1.6891909910,-0.0622969789,-0.0654517625,-0.0682661580,-0.0725813840,-0.0699637357
2023-11-01,1.5450879078,1.5804380785,1.5165087642,1.4974560018,1.6879836259,-0.0664087869,-0.0675862524,-0.0731096429,-0.0779206126,-0.0706284879
2023-11-02,1.5420745314,1.5738406588,1.5148623859,1.4967209555,1.6781352592,-0.0682295647,-0.0714785434,-0.0741159096,-0.0783732276,-0.0760508103
2023-11-03,1.5172979312,1.5455943131,1.4916254808,1.4745105138,1.6456601835,-0.0832003739,-0.0881430881,-0.0883183091,-0.0920496164,-0.0939309661
2023-11-06,1.5771608898,1.6133386411,1.5479582312,1.5284897921,1.7231741829,-0.0470292720,-0.0481758514,-0.0538877246,-0.0588111241,-0.0512532400
2023-11-07,1.6028921212,1.6418178976,1.5724080669,1.5520853641,1.7553123924,-0.0314816443,-0.0313738959,-0.0389439817,-0.0442818220,-0.0335585563
2023-11-08,1.6042358166,1.6412231203,1.5744874102,1.5546551393,1.7529778485,-0.0306697409,-0.0317247977,-0.0376730868,-0.0426994471,-0.0348439115
2023-11-09,1.6092108434,1.6508427546,1.5764367735,1.5545873936,1.7730811928,-0.0276636716,-0.0260494856,-0.0364816357,-0.0427411625,-0.0237753945
2023-11-10,1.6018695134,1.6433686927,1.5689887826,1.5470682955,1.7662731670,-0.0320995365,-0.0304589707,-0.0410338487,-0.0473711519,-0.0275237633
2023-11-13,1.6055976423,1.6521875539,1.5696015301,1.5456041219,1.7855782034,-0.0298468825,-0.0252560921,-0.0406593374,-0.0482727372,-0.0168947794
2023-11-14,1.5996318651,1.6435873814,1.5648310501,1.5416305067,1.7736359404,-0.0334515947,-0.0303299505,-0.0435750554,-0.0507195461,-0.0234699611
2023-11-15,1.6190032133,1.6680802853,1.5821762012,1.5576248598,1.8031382737,-0.0217468105,-0.0158798303,-0.0329736968,-0.0408708004,-0.0072265404
2023-11-16,1.5983235670,1.6431673543,1.5636123626,1.5404715597,1.7718795888,-0.0342421100,-0.0305777546,-0.0443199174,-0.0514331838,-0.0244369747
2023-11-17,1.5872563652,1.6258850656,1.5550577751,1.5335920484,1.7482493154,-0.0409292650,-0.0407738160,-0.0495484824,-0.0556693387,-0.0374473514
2023-11-20,1.5992059873,1.6376566518,1.5673075898,1.5460419915,1.7586979748,-0.0337089236,-0.0338289132,-0.0420613940,-0.0480031128,-0.0316945193
2023-11-21,1.5863198233,1.6264703188,1.5540569101,1.5325483013,1.7476343895,-0.0414951533,-0.0404285331,-0.0501602112,-0.0563120405,-0.0377859179
2023-11-22,1.5813270249,1.6202394512,1.5492516693,1.5278680989,1.7417038028,-0.0445119608,-0.0441045687,-0.0530971750,-0.0591939403,-0.0410511855
2023-11-23,1.5630548722,1.6010510869,1.5307539991,1.5092200837,1.7245592378,-0.0555525761,-0.0554251607,-0.0644029535,-0.0706767154,-0.0504906552
2023-11-24,1.5635502598,1.6038811242,1.5304549180,1.5083913568,1.7290269688,-0.0552532472,-0.0537555188,-0.0645857519,-0.0711870155,-0.0480308080
2023-11-27,1.5505673987,1.5876445417,1.5186726884,1.4974095482,1.7100409502,-0.0630979044,-0.0633346430,-0.0717870522,-0.0779492171,-0.0584841468
2023-11-28,1.5613231878,1.5903407135,1.5334127831,1.5148058467,1.7008752109,-0.0565989149,-0.0617439780,-0.0627779043,-0.0672372040,-0.0635306276
2023-11-29,1.5577365835,1.5869990476,1.5299623689,1.5114462258,1.6966076564,-0.0587660552,-0.0637154663,-0.0648867980,-0.0693059374,-0.0658802615
2023-11-30,1.5554821232,1.5766111787,1.5315099032,1.5155284232,1.6753432232,-0.0601282717,-0.0698440150,-0.0639409448,-0.0667922675,-0.0775880519
2023-12-01,1.5427765247,1.5663283617,1.5177352690,1.5010410986,1.6679828029,-0.0678053981,-0.0759105861,-0.0723600030,-0.0757130394,-0.0816405586
2023-12-04,1.5422053775,1.5662363823,1.5164747733,1.4993210371,1.6708583987,-0.0681505034,-0.0759648513,-0.0731304182,-0.0767721912,-0.0800573105
2023-12-05,1.5413936105,1.5581046238,1.5190439681,1.5041442066,1.6531418220,-0.0686409988,-0.0807623588,-0.0715601259,-0.0738022574,-0.0898117189
2023-12-06,1.5184083361,1.5259728009,1.4997065372,1.4872386712,1.6119173307,-0.0825294320,-0.0997192251,-0.0833791663,-0.0842120762,-0.1125091357
2023-12-07,1.5218637520,1.5284486161,1.5039099174,1.4919406943,1.6116329249,-0.0804415599,-0.0982585642,-0.0808100598,-0.0813167400,-0.1126657241
2023-12-08,1.5077312265,1.5187151304,1.4872321871,1.4735661608,1.6102264237,-0.0889808809,-0.1040010453,-0.0910034907,-0.0926311149,-0.1134401168
2023-12-11,1.5042336546,1.5086648567,1.4872087800,1.4758588636,1.5893580275,-0.0910942250,-0.1099304225,-0.0910177972,-0.0912193513,-0.1249298567
2023-12-12,1.5199756313,1.5270172754,1.5022554819,1.4904420490,1.6085763782,-0.0815824224,-0.0991030147,-0.0818212509,-0.0822395518,-0.1143486003
2023-12-13,1.5200227041,1.5306819792,1.5004344209,1.4873755654,1.6179641201,-0.0815539795,-0.0969409432,-0.0829342837,-0.0841277817,-0.1091798891
2023-12-14,1.5149944673,1.5221695417,1.4965347383,1.4842282523,1.6072931122,-0.0845922000,-0.1019630404,-0.0853177702,-0.0860657836,-0.1150551420
2023-12-15,1.5102534919,1.5164082403,1.4917693892,1.4794466540,1.6026740057,-0.0874568480,-0.1053620452,-0.0882303522,-0.0890101194,-0.1175983337
2023-12-18,1.5040991126,1.5037102431,1.4883854536,1.4779096809,1.5826674078,-0.0911755195,-0.1128535043,-0.0902986141,-0.0899565319,-0.1286135840
2023-12-19,1.4906831751,1.4893688409,1.4755458886,1.4654543643,1.5663696073,-0.0992818553,-0.1213145258,-0.0981461579,-0.0976260666,-0.1375868414
2023-12-20,1.5050434887,1.5077951741,1.4876279476,1.4760175869,1.5921211941,-0.0906048975,-0.1104435106,-0.0907616018,-0.0911216152,-0.1234085100
2023-12-21,1.4919781756,1.4859322782,1.4783529958,1.4692695425,1.5601040751,-0.0984993748,-0.1233420005,-0.0964304536,-0.0952768175,-0.1410365236
2023-12-22,1.4913771817,1.4939043979,1.4741004131,1.4625825674,1.5777610246,-0.0988625145,-0.1186386755,-0.0990296327,-0.0993944155,-0.1313149448
2023-12-25,1.4828507623,1.4806284426,1.4684905302,1.4589170421,1.5546519228,-0.1040144480,-0.1264711135,-0.1024583939,-0.1016515138,-0.1440383744
2023-12-26,1.4691777013,1.4759298385,1.4501410913,1.4374500180,1.5643607512,-0.1122761460,-0.1292431570,-0.1136735734,-0.1148701328,-0.1386928791
2023-12-27,1.4562531167,1.4591325052,1.4390681910,1.4276115739,1.5421777450,-0.1200855907,-0.1391531083,-0.1204413315,-0.1209282918,-0.1509064182
2023-12-28,1.4613250693,1.4703624519,1.4407198683,1.4269830676,1.5643510744,-0.1170209557,-0.1325277575,-0.1194318261,-0.1213153033,-0.1386982070
2023-12-29,1.5017950046,1.5169500413,1.4794574417,1.4645657332,1.6134828187,-0.0925677348,-0.1050423980,-0.0957554161,-0.0981732536,-0.1116472079
2024-01-02,1.4989788331,1.5187710997,1.4743917622,1.4580003815,1.6219141880,-0.0942693551,-0.1039680250,-0.0988515602,-0.1022159603,-0.1070050572
2024-01-03,1.4688519004,1.4823343063,1.4468345241,1.4321562732,1.5789387821,-0.1124730052,-0.1254647022,-0.1156945477,-0.1181298299,-0.1306664940
2024-01-04,1.4608876616,1.4710607133,1.4407573141,1.4273370825,1.5615393988,-0.1172852514,-0.1321158030,-0.1194089392,-0.1210973137,-0.1402462618
2024-01-05,1.4387445387,1.4425131037,1.4215915178,1.4101561706,1.5245096430,-0.1306648299,-0.1489580850,-0.1311230765,-0.1316766995,-0.1606341374
2024-01-08,1.4427424833,1.4439821166,1.4264778935,1.4156348336,1.5240654323,-0.1282491447,-0.1480914089,-0.1281365230,-0.1283031364,-0.1608787113
2024-01-09,1.4278598871,1.4233668999,1.4140479773,1.4048400375,1.4969194359,-0.1372416823,-0.1602538034,-0.1357336894,-0.1349501825,-0.1758247779
2024-01-10,1.4220062300,1.4161196424,1.4089296237,1.4002118862,1.4873892615,-0.1407786479,-0.1645294803,-0.1388620278,-0.1378000311,-0.1810719098
2024-01-11,1.4086629452,1.4030713659,1.3953762796,1.3865185026,1.4750962729,-0.1488410846,-0.1722275942,-0.1471458335,-0.1462319227,-0.1878401943
2024-01-12,1.4137149285,1.4088671154,1.4002017344,1.3911929384,1.4812808987,-0.1457885158,-0.1688082660,-0.1441965149,-0.1433535738,-0.1844350575
2024-01-15,1.4074034670,1.3995314152,1.3953160722,1.3872578090,1.4678404411,-0.1496021013,-0.1743160650,-0.1471826323,-0.1457766845,-0.1918351165
2024-01-16,1.4111843754,1.4034326447,1.3990552279,1.3909691295,1.4718301131,-0.1473175564,-0.1720144500,-0.1448972599,-0.1434913872,-0.1896384794
2024-01-17,1.4303149797,1.4260639673,1.4164575335,1.4072192360,1.4996022107,-0.1357582373,-0.1586626100,-0.1342609684,-0.1334851579,-0.1743476934
2024-01-18,1.3998864150,1.3851838106,1.3902045958,1.3837500497,1.4482955109,-0.1541441430,-0.1827807457,-0.1503067673,-0.1479366362,-0.2025961814
2024-01-19,1.4099372208,1.4015524968,1.3978329050,1.3897633611,1.4704588000,-0.1480711268,-0.1731236840,-0.1456443438,-0.1442338559,-0.1903934982
2024-01-22,1.4001709933,1.3920117798,1.3880890215,1.3800343736,1.4605808526,-0.1539721918,-0.1787524371,-0.1515998066,-0.1502246155,-0.1958321072
2024-01-23,1.3707350726,1.3554445096,1.3615897001,1.3554927852,1.4164619346,-0.1717583105,-0.2003260919,-0.1677961954,-0.1653364403,-0.2201231399
2024-01-24,1.3833451003,1.3729478404,1.3722723332,1.3648904885,1.4387089359,-0.1641389310,-0.1899996219,-0.1612669686,-0.1595496736,-0.2078743663
2024-01-25,1.3871473161,1.3805263670,1.3746478687,1.3663149037,1.4496445532,-0.1618415114,-0.1855285057,-0.1598150410,-0.1586725701,-0.2018534245
2024-01-26,1.4189068093,1.4191161748,1.4035549051,1.3933203023,1.4956663304,-0.1426514164,-0.1627616110,-0.1421470565,-0.1420436198,-0.1765147139
2024-01-29,1.4129937952,1.4143798737,1.3972717682,1.3867904168,1.4916039305,-0.1462242474,-0.1655558946,-0.1459873107,-0.1460644878,-0.1787513936
2024-01-30,1.4053370506,1.3998220775,1.3922426709,1.3835130845,1.4708089487,-0.1508506958,-0.1741445825,-0.1490610956,-0.1480825508,-0.1902007130
2024-01-31,1.3904256533,1.3779063879,1.3800675071,1.3731620764,1.4422163838,-0.1598606359,-0.1870742192,-0.1565025573,-0.1544563282,-0.2059432326
2024-02-01,1.3608229459,1.3446102443,1.3521371679,1.3463466493,1.4042518355,-0.1777475325,-0.2067180018,-0.1735735843,-0.1709683009,-0.2268457870
2024-02-02,1.3622938340,1.3484120881,1.3527391487,1.3463693584,1.4100672610,-0.1768587751,-0.2044750216,-0.1732056536,-0.1709543174,-0.2236439249
2024-02-05,1.3165787085,1.2957708038,1.3100528397,1.3057022605,1.3492080523,-0.2044813067,-0.2355318898,-0.1992955313,-0.1959956493,-0.2571518417
2024-02-06,1.2823257764,1.2647952882,1.2749706616,1.2700672517,1.3191013505,-0.2251780167,-0.2538065675,-0.2207377632,-0.2179384022,-0.2737280161
2024-02-07,1.3925856291,1.3898016637,1.3786556621,1.3693690174,1.4622354644,-0.1585555099,-0.1800563431,-0.1573654772,-0.1567919571,-0.1949211095
2024-02-08,1.4581285142,1.4601695196,1.4417183937,1.4307783133,1.5401791169,-0.1189524159,-0.1385412992,-0.1188215273,-0.1189783279,-0.1520068247
2024-02-19,1.4458267385,1.4535962777,1.4274355271,1.4151747196,1.5377827950,-0.1263855397,-0.1424193259,-0.1275512172,-0.1285864580,-0.1533261937
2024-02-20,1.4189041581,1.4267989512,1.4007556000,1.3886565613,1.5096469485,-0.1426530183,-0.1582289903,-0.1438579922,-0.1449153833,-0.1688172528
2024-02-21,1.4138915949,1.4211190707,1.3960436075,1.3841449493,1.5031315316,-0.1456817683,-0.1615799591,-0.1467379626,-0.1476934712,-0.1724045168
2024-02-22,1.4537717090,1.4691262749,1.4324911096,1.4183040433,1.5601747063,-0.1215849360,-0.1332570670,-0.1244612445,-0.1266595334,-0.1409976354
2024-02-23,1.4870963616,1.5082879065,1.4632936556,1.4474251849,1.6061098917,-0.1014491220,-0.1101528124,-0.1056347244,-0.1087277849,-0.1157066006
2024-02-26,1.5250693276,1.5460159554,1.5009509801,1.4848720817,1.6456610653,-0.0785046492,-0.0878943311,-0.0826185627,-0.0856693367,-0.0939304806
2024-02-27,1.5184307205,1.5329548397,1.4967699064,1.4823293637,1.6267347908,-0.0825159066,-0.0956000198,-0.0851740354,-0.0872350507,-0.1043509255
2024-02-28,1.5737007622,1.5971294440,1.5481468742,1.5311109488,1.7014702024,-0.0491199911,-0.0577388191,-0.0537724259,-0.0571971103,-0.0632030367
2024-02-29,1.5158322114,1.5295363165,1.4945134538,1.4803009487,1.6224259995,-0.0840860084,-0.0976168517,-0.0865531796,-0.0884840755,-0.1067232636
2024-03-01,1.6102732042,1.6356274458,1.5836257133,1.5658607194,1.7435106584,-0.0270217595,-0.0350260873,-0.0320877548,-0.0357994551,-0.0400563654
2024-03-04,1.5963654508,1.6216032564,1.5699099643,1.5522729734,1.7286428828,-0.0354252660,-0.0432999622,-0.0404708224,-0.0441662990,-0.0482422784
2024-03-05,1.6081595125,1.6335837769,1.5815085711,1.5637412768,1.7414142197,-0.0282989191,-0.0362317941,-0.0333817524,-0.0371045314,-0.0412106244
2024-03-06,1.5671051930,1.5918804075,1.5411346171,1.5238208998,1.6969580726,-0.0531052436,-0.0608356021,-0.0580583184,-0.0616860595,-0.0656873291
2024-03-07,1.5760219763,1.6009381610,1.5499036285,1.5324913967,1.7066137151,-0.0477174397,-0.0554917838,-0.0526986974,-0.0563470803,-0.0603711169
2024-03-08,1.5207135251,1.5447553085,1.4955117670,1.4787105949,1.6467223158,-0.0811365635,-0.0886380771,-0.0859430104,-0.0894633580,-0.0933461763
2024-03-11,1.5419363903,1.5663136974,1.5163829199,1.4993472730,1.6697037420,-0.0683130340,-0.0759192376,-0.0731865590,-0.0767560361,-0.0806930424
2024-03-12,1.6176687219,1.6432433225,1.5908601908,1.5729878367,1.7517113776,-0.0225531526,-0.0305329356,-0.0276660412,-0.0314108334,-0.0355412062
2024-03-13,1.6302693435,1.6560431541,1.6032519908,1.5852404223,1.7653561071,-0.0149394566,-0.0229813971,-0.0200921714,-0.0238661332,-0.0280286790
2024-03-14,1.6770558801,1.7035693644,1.6492631657,1.6307346894,1.8160194521,0.0000000000,0.0000000000,0.0000000000,0.0000000000,-0.0001344098
2024-03-15,1.6190431915,1.6446395219,1.5922118822,1.5743243427,1.7531997380,-0.0345919830,-0.0345919830,-0.0345919830,-0.0345919830,-0.0347217434
2024-03-18,1.6614106906,1.6876768317,1.6338772533,1.6155216285,1.7990778768,-0.0093289614,-0.0093289613,-0.0093289614,-0.0093289614,-0.0094621173
2024-03-19,1.6940718794,1.7208543789,1.6659971703,1.6472806976,1.8344454247,0.0000000000,0.0000000000,0.0000000000,0.0000000000,0.0000000000
2024-03-20,1.6754823620,1.7019709698,1.6477157245,1.6292046328,1.8143155497,-0.0109732754,-0.0109732754,-0.0109732754,-0.0109732754,-0.0109732755
2024-03-21,1.7240612172,1.7513178343,1.6954895151,1.6764417137,1.8669197277,0.0000000000,0.0000000000,0.0000000000,0.0000000000,0.0000000000
2024-03-22,1.7090429743,1.7360621599,1.6807201594,1.6618382828,1.8506570489,-0.0087109685,-0.0087109684,-0.0087109685,-0.0087109685,-0.0087109684
2024-03-25,1.7104802821,1.7375221909,1.6821336476,1.6632358913,1.8522134543,-0.0078772929,-0.0078772928,-0.0078772929,-0.0078772929,-0.0078772928
2024-03-26,1.6779479727,1.7044755607,1.6501404743,1.6316021420,1.8169854650,-0.0267468719,-0.0267468718,-0.0267468719,-0.0267468719,-0.0267468718
2024-03-27,1.6464409823,1.6724704591,1.6191556279,1.6009653917,1.7828677542,-0.0450217394,-0.0450217394,-0.0450217394,-0.0450217394,-0.0450217394
2024-03-28,1.6040891826,1.6294490969,1.5775056960,1.5597833716,1.7370066156,-0.0695868763,-0.0695868762,-0.0695868763,-0.0695868763,-0.0695868763
2024-03-29,1.6131689020,1.6386723625,1.5864349433,1.5686123042,1.7468386953,-0.0643204047,-0.0643204047,-0.0643204047,-0.0643204047,-0.0643204047
2024-04-01,1.6406725667,1.6666108475,1.6134828083,1.5953563028,1.7766213583,-0.0483675694,-0.0483675693,-0.0483675694,-0.0483675694,-0.0483675693
2024-04-02,1.5998380456,1.6251307514,1.5733250102,1.5556496533,1.7324032225,-0.0720526454,-0.0720526454,-0.0720526454,-0.0720526454,-0.0720526454
2024-04-03,1.6002546813,1.6255539740,1.5737347413,1.5560547813,1.7328543813,-0.0718109860,-0.0718109859,-0.0718109860,-0.0718109860,-0.0718109860
2024-04-08,1.5745924116,1.5994859955,1.5484977550,1.5311013173,1.7050656943,-0.0866957647,-0.0866957647,-0.0866957647,-0.0866957647,-0.0866957647
2024-04-09,1.5740688032,1.5989541091,1.5479828240,1.5305921713,1.7044986988,-0.0869994711,-0.0869994710,-0.0869994711,-0.0869994711,-0.0869994711
2024-04-10,1.5894136812,1.6145415826,1.5630734018,1.5455132155,1.7211150783,-0.0780990458,-0.0780990458,-0.0780990458,-0.0780990458,-0.0780990458
2024-04-11,1.5681759520,1.5929680946,1.5421876312,1.5248620839,1.6981175564,-0.0904174768,-0.0904174768,-0.0904174768,-0.0904174768,-0.0904174769
2024-04-12,1.5649337629,1.5896746480,1.5389991727,1.5217094458,1.6946067143,-0.0922980302,-0.0922980302,-0.0922980302,-0.0922980302,-0.0922980302
2024-04-15,1.5665399291,1.5913062070,1.5405787209,1.5232712488,1.6963459700,-0.0913664124,-0.0913664123,-0.0913664124,-0.0913664124,-0.0913664124
2024-04-16,1.5338923298,1.5581424641,1.5084721682,1.4915253938,1.6609931377,-0.1103028625,-0.1103028625,-0.1103028625,-0.1103028625,-0.1103028625
2024-04-17,1.4925214822,1.5161175623,1.4677869317,1.4512972314,1.6161942344,-0.1342990218,-0.1342990218,-0.1342990218,-0.1342990218,-0.1342990218
2024-04-18,1.5083596104,1.5322060841,1.4833625854,1.4666979020,1.6333447357,-0.1251124987,-0.1251124987,-0.1251124987,-0.1251124987,-0.1251124987
2024-04-19,1.4811415118,1.5045576798,1.4565955539,1.4402315820,1.6038713013,-0.1408996983,-0.1408996983,-0.1408996983,-0.1408996983,-0.1408996983
2024-04-22,1.4377573637,1.4604876483,1.4139303820,1.3980457275,1.5568922723,-0.1660636239,-0.1660636238,-0.1660636239,-0.1660636239,-0.1660636238
2024-04-23,1.4660586196,1.4892363340,1.4417626203,1.4255652874,1.5875386161,-0.1496481651,-0.1496481650,-0.1496481651,-0.1496481651,-0.1496481651
2024-04-24,1.5072852085,1.5311146964,1.4823059888,1.4656531756,1.6321813071,-0.1257356795,-0.1257356795,-0.1257356795,-0.1257356796,-0.1257356795
2024-04-25,1.5120600943,1.5359650710,1.4870017436,1.4702961765,1.6373518477,-0.1229661225,-0.1229661225,-0.1229661225,-0.1229661225,-0.1229661225
2024-04-26,1.5751081538,1.6000098914,1.5490049502,1.5316028145,1.7056241717,-0.0863966209,-0.0863966208,-0.0863966209,-0.0863966209,-0.0863966209
2024-04-29,1.6222049580,1.6478512745,1.5953212509,1.5773987795,1.7566234936,-0.0590792590,-0.0590792589,-0.0590792590,-0.0590792590,-0.0590792590
2024-04-30,1.6696819278,1.6960788334,1.6420114169,1.6235644097,1.8080344821,-0.0315413913,-0.0315413912,-0.0315413913,-0.0315413913,-0.0315413913
2024-05-06,1.6675025752,1.6938650263,1.6398681813,1.6214452520,1.8056745449,-0.0328054720,-0.0328054719,-0.0328054720,-0.0328054720,-0.0328054720
2024-05-07,1.6677285264,1.6940945495,1.6400903879,1.6216649623,1.8059192187,-0.0326744145,-0.0326744145,-0.0326744145,-0.0326744145,-0.0326744145
2024-05-08,1.6686624684,1.6950432567,1.6410088523,1.6225731083,1.8069305486,-0.0321327040,-0.0321327040,-0.0321327040,-0.0321327040,-0.0321327041
2024-05-09,1.6554502108,1.6816221194,1.6280155525,1.6097257804,1.7926235019,-0.0397961544,-0.0397961544,-0.0397961544,-0.0397961544,-0.0397961544
2024-05-10,1.6597877363,1.6889341959,1.6305585335,1.6110723983,1.8059337504,-0.0372802777,-0.0356209691,-0.0382963038,-0.0389928948,-0.0326666307
2024-05-13,1.6066229056,1.6377017918,1.5766309710,1.5566363479,1.7565825785,-0.0681172516,-0.0648745992,-0.0701027892,-0.0714640806,-0.0591011748
2024-05-14,1.5948031764,1.6296640351,1.5626543974,1.5412218780,1.7555470716,-0.0749729995,-0.0694641468,-0.0783461747,-0.0806588351,-0.0596558355
2024-05-15,1.5710674144,1.6043555427,1.5400218570,1.5193248188,1.7262952010,-0.0887403541,-0.0839152601,-0.0916948508,-0.0937204638,-0.0753243563
2024-05-16,1.6024234024,1.6351408495,1.5714903678,1.5508683448,1.7570885751,-0.0705530718,-0.0663368936,-0.0731347178,-0.0749047031,-0.0588301420
2024-05-17,1.6115745562,1.6467600626,1.5791125650,1.5574712375,1.7738845125,-0.0652451664,-0.0597023394,-0.0686391447,-0.0709660677,-0.0498335380
2024-05-20,1.6385215770,1.6810140362,1.6015339970,1.5768756103,1.8234594771,-0.0496151989,-0.0401433690,-0.0554149803,-0.0593913302,-0.0232791212
2024-05-21,1.6302725486,1.6737393811,1.5927667571,1.5677628961,1.8178015059,-0.0543998483,-0.0442971868,-0.0605858999,-0.0648270779,-0.0263097663
2024-05-22,1.6344767648,1.6795089742,1.5960127463,1.5703700674,1.8267968568,-0.0519612944,-0.0410027573,-0.0586714149,-0.0632718963,-0.0214914816
2024-05-23,1.6428765191,1.6881658193,1.6041996155,1.5784150131,1.8362610370,-0.0470892201,-0.0360597110,-0.0538427981,-0.0584730741,-0.0164220723
2024-05-24,1.6695954925,1.7172621197,1.6293169223,1.6024645421,1.8709883438,-0.0315915259,-0.0194457647,-0.0390286063,-0.0441274940,0.0000000000
2024-05-27,1.5952807479,1.6413726015,1.5564708013,1.5305975036,1.7893304809,-0.0746959957,-0.0627785720,-0.0819932607,-0.0869962904,-0.0436442392
2024-05-28,1.6412939140,1.6919882725,1.5994242897,1.5715112068,1.8506420356,-0.0480071719,-0.0338770957,-0.0566592860,-0.0625912050,-0.0108746312
2024-05-29,1.6131242513,1.6593001456,1.5741360045,1.5481438399,1.8080654856,-0.0643463032,-0.0525419698,-0.0715743209,-0.0765298744,-0.0336308125
2024-05-30,1.5923826148,1.6407687897,1.5522334634,1.5254673624,1.7931283721,-0.0763769877,-0.0631233477,-0.0844924433,-0.0900564273,-0.0416143542
2024-05-31,1.6249470605,1.6711464982,1.5858597277,1.5598015059,1.8203837243,-0.0574887688,-0.0457777192,-0.0646596669,-0.0695760591,-0.0270469988
2024-06-03,1.6539195680,1.7031421624,1.6128314945,1.5854394456,1.8593599350,-0.0406839668,-0.0275082403,-0.0487517144,-0.0542829896,-0.0062151156
2024-06-04,1.6555527031,1.7075871168,1.6127860251,1.5842749065,1.8693860930,-0.0397367062,-0.0249701777,-0.0487785322,-0.0549776389,-0.0008563660
2024-06-05,1.6654855226,1.7166277230,1.6231762276,1.5949700310,1.8770319973,-0.0339754146,-0.0198080044,-0.0426503891,-0.0485979811,0.0000000000
2024-06-06,1.6717884004,1.7219994115,1.6299857306,1.6021172841,1.8808017493,-0.0303195828,-0.0167407778,-0.0386341431,-0.0443346339,0.0000000000
2024-06-07,1.6757637284,1.7260611128,1.6338812325,1.6059595686,1.8851762079,-0.0280137899,-0.0144215522,-0.0363365754,-0.0420427054,0.0000000000
2024-06-11,1.6794747000,1.7312483811,1.6366903354,1.6081674257,1.8933965230,-0.0258613306,-0.0114596293,-0.0346797660,-0.0407257153,0.0000000000
2024-06-12,1.7316070687,1.7894481478,1.6848505775,1.6536795833,1.9653895250,0.0000000000,0.0000000000,-0.0062748472,-0.0135776450,0.0000000000
2024-06-13,1.7193175422,1.7819413353,1.6698143502,1.6368122221,1.9668335026,-0.0070971797,-0.0041950433,-0.0151432166,-0.0236390513,0.0000000000
2024-06-14,1.7283552183,1.7924946500,1.6778884811,1.6442439897,1.9806889040,-0.0018779378,0.0000000000,-0.0103810928,-0.0192059907,0.0000000000
2024-06-17,1.7063896623,1.7674449502,1.6579093658,1.6255891681,1.9487911450,-0.0145630073,-0.0139747696,-0.0221647784,-0.0303336198,-0.0161043761
2024-06-18,1.7200572476,1.7902794877,1.6660443732,1.6300357903,1.9901216195,-0.0066700011,-0.0012357986,-0.0173667496,-0.0276812030,0.0000000000
2024-06-19,1.7227768429,1.7938511154,1.6682393018,1.6318809411,1.9954645483,-0.0050994397,0.0000000000,-0.0160721804,-0.0265805678,0.0000000000
2024-06-20,1.7120642084,1.7740360449,1.6629997232,1.6302900663,1.9573866349,-0.0112859670,-0.0110461065,-0.0191624847,-0.0275295270,-0.0190822300
2024-06-21,1.6852179995,1.7498388899,1.6347764606,1.6011487680,1.9374256941,-0.0267896049,-0.0245350493,-0.0358085697,-0.0449123552,-0.0290853848
2024-06-24,1.6914010717,1.7538105612,1.6422259295,1.6094425014,1.9372767828,-0.0232188917,-0.0223210019,-0.0314148717,-0.0399651308,-0.0291600097
2024-06-25,1.6722077592,1.7364303625,1.6220960041,1.5886881674,1.9227665348,-0.0343029955,-0.0320097651,-0.0432875051,-0.0523451222,-0.0364316237
2024-06-26,1.6350651433,1.6917469914,1.5889332656,1.5581786804,1.8657245320,-0.0557527901,-0.0569189511,-0.0628468938,-0.0705440770,-0.0650174499
2024-06-27,1.6575912015,1.7145689961,1.6116238075,1.5809788781,1.8874281716,-0.0427440316,-0.0441965995,-0.0494640084,-0.0569437248,-0.0541409652
2024-06-28,1.6327526457,1.6838229045,1.5896910834,1.5609833752,1.8480604572,-0.0570882533,-0.0613363116,-0.0623999327,-0.0688710723,-0.0738695615
2024-07-01,1.6174204833,1.6766065861,1.5701500686,1.5386364589,1.8537725564,-0.0659425498,-0.0653591194,-0.0739252265,-0.0822010415,-0.0710070204
2024-07-02,1.6195491446,1.6808570839,1.5714612130,1.5394025920,1.8599888023,-0.0647132517,-0.0629896375,-0.0731519133,-0.0817440419,-0.0678918331
2024-07-03,1.6057737599,1.6678404099,1.5573075111,1.5249966785,1.8481050040,-0.0726685119,-0.0702459108,-0.0814997691,-0.0903371909,-0.0738472374
2024-07-04,1.6133363595,1.6776744003,1.5633652978,1.5300512567,1.8631916680,-0.0683011240,-0.0647638559,-0.0779268855,-0.0873221275,-0.0662867603
2024-07-05,1.5834443435,1.6430372895,1.5357099976,1.5038871003,1.8221160731,-0.0855637101,-0.0840726550,-0.0942379862,-0.1029290860,-0.0868712378
2024-07-08,1.5972711082,1.6535909612,1.5506562647,1.5195797023,1.8303453261,-0.0775787781,-0.0781894066,-0.0854226754,-0.0935684254,-0.0827472592
2024-07-09,1.5303191180,1.5782562754,1.4884549496,1.4605455040,1.7396399600,-0.1162434333,-0.1201854703,-0.1221090214,-0.1287824133,-0.1282030235
2024-07-10,1.4703835308,1.5217220494,1.4279346798,1.3996354458,1.6826277858,-0.1508561282,-0.1517010323,-0.1578038867,-0.1651153545,-0.1567739015
2024-07-11,1.4839706632,1.5439937955,1.4370101057,1.4057030673,1.7187734509,-0.1430095834,-0.1392854277,-0.1524511990,-0.1614960092,-0.1386599915
2024-07-12,1.5012042131,1.5624930433,1.4536235107,1.4219030424,1.7391077252,-0.1330572390,-0.1289728396,-0.1426526099,-0.1518326997,-0.1284697457
2024-07-15,1.5282562794,1.5890389749,1.4808510304,1.4492475311,1.7652825243,-0.1174347189,-0.1141745481,-0.1265938142,-0.1355216711,-0.1153526001
2024-07-16,1.5056622566,1.5666477732,1.4584333346,1.4269473865,1.7418068670,-0.1304827268,-0.1266567444,-0.1398157750,-0.1488237409,-0.1271171074
2024-07-17,1.5267180173,1.5969384221,1.4746746246,1.4399790295,1.7869349806,-0.1183230625,-0.1097709234,-0.1302366594,-0.1410503463,-0.1045017652
2024-07-18,1.5844553957,1.6547149862,1.5316701367,1.4964799640,1.8483816909,-0.0849798292,-0.0775628078,-0.0966206968,-0.1073474540,-0.0737085796
2024-07-19,1.5931827252,1.6675236551,1.5384604379,1.5019789130,1.8667941618,-0.0799398120,-0.0704224889,-0.0926157760,-0.1040673226,-0.0644814194
2024-07-22,1.5953232248,1.6698628892,1.5404905410,1.5039354185,1.8694866438,-0.0787036773,-0.0691184598,-0.0914184209,-0.1029002642,-0.0631321186
2024-07-23,1.5835722243,1.6575628366,1.5291434329,1.4928575720,1.8557161814,-0.0854898591,-0.0759752455,-0.0981109471,-0.1095082162,-0.0700329991
2024-07-24,1.5031418161,1.5733744090,1.4514774896,1.4170346053,1.7614634485,-0.1319382767,-0.1229069149,-0.1439183335,-0.1547367298,-0.1172664781
2024-07-25,1.4834831753,1.5489508339,1.4339669787,1.4009561810,1.7310641584,-0.1432911068,-0.1365220778,-0.1542460358,-0.1643275340,-0.1325006701
2024-07-26,1.5014257155,1.5675580181,1.4513592432,1.4179815950,1.7517580770,-0.1329293218,-0.1261493194,-0.1439880753,-0.1541718490,-0.1221301934
2024-07-29,1.5131276509,1.5798697951,1.4626348765,1.4289730270,1.7655915224,-0.1261714749,-0.1192859979,-0.1373377048,-0.1476154433,-0.1151977499
2024-07-30,1.4985727242,1.5612595720,1.4498704216,1.4174022198,1.7420842375,-0.1345769192,-0.1296604503,-0.1448661825,-0.1545174472,-0.1269781069
2024-07-31,1.4981265121,1.5584020011,1.4503522068,1.4185026700,1.7369980382,-0.1348346059,-0.1312534314,-0.1445820255,-0.1538610270,-0.1295269867
2024-08-01,1.5682436731,1.6427471142,1.5138822161,1.4776412448,1.8400509578,-0.0943420702,-0.0842344161,-0.1071120154,-0.1185847783,-0.0778834135
2024-08-02,1.5662825740,1.6334123668,1.5147773018,1.4804404537,1.8238089351,-0.0954746014,-0.0894381631,-0.1065840936,-0.1169150460,-0.0860228829
2024-08-05,1.5181855524,1.5841850682,1.4667084838,1.4323904380,1.7755708955,-0.1232505458,-0.1168804063,-0.1349350906,-0.1455769525,-0.1101967224
2024-08-06,1.5062687284,1.5758267677,1.4529437040,1.4173936877,1.7728938505,-0.1301324904,-0.1215398234,-0.1430535600,-0.1545225366,-0.1115382872
2024-08-07,1.5387757668,1.6093593910,1.4837101171,1.4469996839,1.8141040154,-0.1113597336,-0.1028467317,-0.1249075244,-0.1368625154,-0.0908863718
2024-08-08,1.5171570662,1.5877619316,1.4620745200,1.4253528225,1.7925697972,-0.1238444948,-0.1148864485,-0.1376682032,-0.1497749007,-0.1016779533
2024-08-09,1.5510040862,1.6256504560,1.4940227427,1.4560351804,1.8359108036,-0.1042979009,-0.0937651168,-0.1188251361,-0.1314728281,-0.0799581956
2024-08-12,1.5189632862,1.5893207213,1.4638314617,1.4270769120,1.7946224088,-0.1228014059,-0.1140174858,-0.1366319587,-0.1487464787,-0.1006493148
2024-08-13,1.5098298791,1.5818304156,1.4538221179,1.4164836104,1.7898686854,-0.1280759322,-0.1181930306,-0.1425354713,-0.1550653990,-0.1030315788
2024-08-14,1.5093119218,1.5803353261,1.4540321404,1.4171789528,1.7857108287,-0.1283750517,-0.1190264830,-0.1424116000,-0.1546506263,-0.1051152323
2024-08-15,1.4749106891,1.5422177344,1.4211754592,1.3853519725,1.7435868391,-0.1482417023,-0.1402755105,-0.1617904761,-0.1736354678,-0.1262250985
2024-08-16,1.4830448435,1.5575880847,1.4261759236,1.3882633103,1.7673894430,-0.1435442427,-0.1317071571,-0.1588412014,-0.1718988504,-0.1142967463
2024-08-19,1.4834365229,1.5578953210,1.4266806442,1.3888433917,1.7672159164,-0.1433180485,-0.1315358852,-0.1585435171,-0.1715528310,-0.1143837068
2024-08-20,1.4801011465,1.5588335543,1.4213644673,1.3822066811,1.7737845427,-0.1452442224,-0.1310128578,-0.1616789991,-0.1755116388,-0.1110919288
2024-08-21,1.4607091960,1.5315799882,1.4056387311,1.3689250879,1.7360615203,-0.1564430393,-0.1462056271,-0.1709540409,-0.1834341291,-0.1299963100
2024-08-22,1.4618708501,1.5345751241,1.4057051815,1.3682614025,1.7426991929,-0.1557721861,-0.1445359590,-0.1709148485,-0.1838300185,-0.1266699304
2024-08-23,1.4560080374,1.5250255846,1.4015745168,1.3652855030,1.7281756408,-0.1591579500,-0.1498594440,-0.1733511152,-0.1856051470,-0.1339482116
2024-08-26,1.4475088958,1.5150302026,1.3947706593,1.3596118350,1.7112000782,-0.1640661892,-0.1554314683,-0.1773640315,-0.1889894985,-0.1424552846
2024-08-27,1.4691972904,1.5344627645,1.4171606642,1.3824695801,1.7293804215,-0.1515411799,-0.1445985950,-0.1641584029,-0.1753548192,-0.1333444521
2024-08-28,1.4463799827,1.5104864526,1.3947367525,1.3603079323,1.7045961339,-0.1647181345,-0.1579644266,-0.1773840298,-0.1885742754,-0.1457647617
2024-08-29,1.4548136007,1.5133583542,1.4056267649,1.3728355410,1.7007477798,-0.1598477351,-0.1563634567,-0.1709610986,-0.1811015380,-0.1476933122
2024-08-30,1.4839598081,1.5430874568,1.4341418842,1.4009299350,1.7330494274,-0.1430158522,-0.1397906752,-0.1541428765,-0.1643431898,-0.1315057795
2024-09-02,1.4953112882,1.5598598487,1.4432110237,1.4084775140,1.7558126109,-0.1364603926,-0.1304407399,-0.1487938965,-0.1598410476,-0.1200983188
2024-09-03,1.4653003453,1.5218307350,1.4168221114,1.3845032888,1.7076915149,-0.1537916587,-0.1516404444,-0.1643580814,-0.1741417089,-0.1442135535
2024-09-04,1.4649598998,1.5203358286,1.4169292401,1.3849088003,1.7051131984,-0.1539882654,-0.1524737948,-0.1642948968,-0.1738998207,-0.1455056419
2024-09-05,1.4803071247,1.5361260879,1.4318256729,1.3995047051,1.7227143834,-0.1451252704,-0.1436713589,-0.1555089783,-0.1651933416,-0.1366850467
2024-09-06,1.4847416743,1.5419351481,1.4356536762,1.4029283441,1.7301816648,-0.1425643259,-0.1404330410,-0.1532512213,-0.1631511357,-0.1329429198
2024-09-09,1.4436459062,1.4924182340,1.3985306150,1.3684537541,1.6692223627,-0.1662970588,-0.1680367333,-0.1751464090,-0.1837152805,-0.1634918475
2024-09-10,1.4359526731,1.4813660705,1.3922594193,1.3631305834,1.6544189423,-0.1707398872,-0.1741978708,-0.1788451613,-0.1868905598,-0.1709103809
2024-09-11,1.4310124698,1.4753384111,1.3878241802,1.3590319871,1.6469539180,-0.1735928458,-0.1775580490,-0.1814610661,-0.1893353786,-0.1746513766
2024-09-12,1.4547214950,1.5001269898,1.4106862576,1.3813294326,1.6748976822,-0.1599009260,-0.1637394113,-0.1679770090,-0.1760349189,-0.1606477381
2024-09-13,1.4569980475,1.5002056590,1.4137578022,1.3849309721,1.6731992736,-0.1585862210,-0.1636955564,-0.1661654114,-0.1738865952,-0.1614988725
2024-09-18,1.4456207478,1.4862371689,1.4035755619,1.3755454379,1.6558466775,-0.1651565913,-0.1714824290,-0.1721708985,-0.1794850804,-0.1701948908
2024-09-19,1.4411680205,1.4845498706,1.3981536352,1.3694773783,1.6562399470,-0.1677280334,-0.1724230301,-0.1753687518,-0.1831046871,-0.1699978091
2024-09-20,1.4608997812,1.5069295277,1.4165148991,1.3869249777,1.6828241917,-0.1563329767,-0.1599472694,-0.1645392752,-0.1726971678,-0.1566754753
2024-09-23,1.4308111365,1.4771406211,1.3868652385,1.3575679732,1.6505406264,-0.1737091155,-0.1765533893,-0.1820266500,-0.1902086651,-0.1728539463
2024-09-24,1.4281267461,1.4806941175,1.3818535811,1.3510048045,1.6594925710,-0.1752593461,-0.1745724577,-0.1849825264,-0.1941236051,-0.1683678007
2024-09-25,1.4872883854,1.5647017659,1.4304409798,1.3925427095,1.7715254129,-0.1410936048,-0.1277415654,-0.1563256705,-0.1693461824,-0.1122240611
2024-09-26,1.4556299855,1.5307719370,1.4002327574,1.3633012720,1.7326161262,-0.1593762743,-0.1466560832,-0.1741424851,-0.1867887438,-0.1317229225
2024-09-27,1.5165743007,1.6253573988,1.4471180872,1.4008139448,1.8638553685,-0.1241810408,-0.0939284845,-0.1464895098,-0.1644123781,-0.0659541558
2024-09-30,1.7025436541,1.8247657912,1.6245316627,1.5725236685,2.0926036108,-0.0167840702,0.0000000000,-0.0418509532,-0.0619872700,0.0000000000
2024-10-08,2.1692277072,2.3249521408,2.0698318575,2.0035679577,2.6662069556,0.0000000000,0.0000000000,0.0000000000,0.0000000000,0.0000000000
2024-10-09,2.0052533101,2.1539081525,1.9105637484,1.8474373739,2.4787011185,-0.0755911408,-0.0735688212,-0.0769473658,-0.0779262731,-0.0703268127
2024-10-10,1.9481865400,2.0894164984,1.8580988789,1.7980404381,2.3986248458,-0.1018985542,-0.1013077380,-0.1022947723,-0.1025807579,-0.1003605925
2024-10-11,1.9064638955,2.0433097535,1.8191172393,1.7608861351,2.3431971768,-0.1211324246,-0.1211390043,-0.1211280121,-0.1211248272,-0.1211495522
2024-10-14,1.8123382139,1.9372005951,1.7324248344,1.6791492481,2.2119051112,-0.1645237575,-0.1667782914,-0.1630118030,-0.1619204921,-0.1703925659
2024-10-15,1.8575338935,1.9842078769,1.7764051096,1.7223192537,2.2631778131,-0.1436888403,-0.1465596895,-0.1417635673,-0.1403739279,-0.1511619875
2024-10-16,1.8015494039,1.9243752666,1.7228838475,1.6704401433,2.1948771856,-0.1694973294,-0.1722946753,-0.1676213499,-0.1662672899,-0.1767791390
2024-10-17,1.8440353763,1.9676566710,1.7647691316,1.7119249685,2.2403665999,-0.1499115698,-0.1536786343,-0.1473852694,-0.1455618154,-0.1597176674
2024-10-18,1.8375680158,1.9579380294,1.7602620612,1.7087247582,2.2240977887,-0.1528929813,-0.1578587812,-0.1495627749,-0.1471590711,-0.1658195235
2024-10-21,1.9424386659,2.0762264784,1.8568112761,1.7997263496,2.3705756148,-0.1045482872,-0.1069809817,-0.1029168532,-0.1017393033,-0.1108808677
2024-10-22,1.9387390221,2.0690669894,1.8551882493,1.7994877342,2.3564928856,-0.1062537992,-0.1100603952,-0.1037009878,-0.1018583985,-0.1161628017
2024-10-23,1.9000128833,2.0352216653,1.8136627247,1.7560959524,2.3317636758,-0.1241062997,-0.1246178235,-0.1237632573,-0.1235156533,-0.1254378544
2024-10-24,1.8899010975,2.0248237926,1.8037516811,1.7463187369,2.3206481792,-0.1287677678,-0.1290901189,-0.1285515900,-0.1283955554,-0.1296068843
2024-10-25,1.8914450813,2.0301003283,1.8030626134,1.7441409681,2.3333574210,-0.1280560012,-0.1268205944,-0.1288845000,-0.1294825008,-0.1248400969
2024-10-28,1.9008172719,2.0381267082,1.8132105585,1.7548060829,2.3388508387,-0.1237354817,-0.1233683170,-0.1239817129,-0.1241594396,-0.1227797100
2024-10-29,1.9082178843,2.0424451451,1.8224294409,1.7652371453,2.3371601015,-0.1203238470,-0.1215108865,-0.1195277847,-0.1189531962,-0.1234138458
2024-10-30,1.8810375732,2.0127111714,1.7968542371,1.7407320130,2.3019542537,-0.1328537954,-0.1342999557,-0.1318839593,-0.1311839430,-0.1366183151
2024-10-31,1.9059832239,2.0395119093,1.8206184734,1.7637086398,2.3328069762,-0.1213540111,-0.1227725193,-0.1204027193,-0.1197160880,-0.1250465493
2024-11-01,1.9248946680,2.0626383248,1.8369574243,1.7783325951,2.3645808868,-0.1126359572,-0.1128254691,-0.1125088651,-0.1124171315,-0.1131292783
2024-11-04,2.0164480824,2.1689263499,1.9194426419,1.8547723483,2.5014752846,-0.0704304229,-0.0671092485,-0.0726576968,-0.0742653169,-0.0617850278
2024-11-05,1.9901382636,2.1374992880,1.8962659119,1.8336843441,2.4595000219,-0.0825590799,-0.0806265426,-0.0838550943,-0.0847905423,-0.0775284654
2024-11-06,2.0230307798,2.1741794004,1.9267997022,1.8626456505,2.5041861677,-0.0673958418,-0.0648498254,-0.0691032727,-0.0703356762,-0.0607682714
2024-11-07,1.9983854467,2.1443152240,1.9053431894,1.8433150178,2.4635967336,-0.0787571816,-0.0776948969,-0.0794695799,-0.0799837806,-0.0759919336
2024-11-08,2.0466162262,2.2114622626,1.9421374247,1.8724848903,2.5690102341,-0.0565231029,-0.0488138557,-0.0616931430,-0.0654248172,-0.0364550551
2024-11-11,2.0481177947,2.2109668554,1.9448268207,1.8759661714,2.5645726647,-0.0558308895,-0.0490269384,-0.0603938123,-0.0636872764,-0.0381194306
2024-11-12,2.1228781996,2.2979226867,2.0120847395,1.9382224328,2.6768455001,-0.0213668244,-0.0116258110,-0.0278994247,-0.0326145787,0.0000000000
2024-11-13,2.0612755449,2.2298957657,1.9545000061,1.8833163135,2.5951532391,-0.0497652514,-0.0408853040,-0.0557203963,-0.0600187499,-0.0305181083
2024-11-14,2.0572349841,2.2264897927,1.9500925339,1.8786642337,2.5929472353,-0.0516279239,-0.0423502688,-0.0578497829,-0.0623406476,-0.0313422141
2024-11-15,2.0071810361,2.1689453511,1.9046588957,1.8363108021,2.5197917383,-0.0747024715,-0.0671010757,-0.0798001834,-0.0834796519,-0.0586712090
2024-11-18,1.9789813949,2.1353182793,1.8797831323,1.8136509572,2.4749727080,-0.0877023245,-0.0815646302,-0.0918184366,-0.0947893980,-0.0754144354
2024-11-19,1.9550860566,2.1142843041,1.8542501922,1.7870262826,2.4592653785,-0.0987179215,-0.0906116874,-0.1041541923,-0.1080780286,-0.0812822860
2024-11-20,1.9630762502,2.1224331207,1.8621220258,1.7948192096,2.4678473720,-0.0950344937,-0.0871067479,-0.1003510652,-0.1041885040,-0.0780762760
2024-11-21,1.9981489345,2.1608750588,1.8950792964,1.8263662044,2.5134971247,-0.0788662122,-0.0705722407,-0.0844283851,-0.0884430960,-0.0610227133
2024-11-22,2.0107389853,2.1743321414,1.9071144209,1.8380313780,2.5288618072,-0.0730622799,-0.0647841290,-0.0786138429,-0.0826208959,-0.0552828667
2024-11-25,1.9465037639,2.1055840233,1.8457637519,1.7786037439,2.4502038240,-0.1026743032,-0.0943538207,-0.1082542549,-0.1122817985,-0.0846674476
2024-11-26,1.9397496983,2.0988275770,1.8390311037,1.7718853740,2.4433426711,-0.1057878839,-0.0972598790,-0.1115070062,-0.1156350015,-0.0872305962
2024-11-27,1.9452324522,2.1059533075,1.8435167037,1.7757062047,2.4538111949,-0.1032603697,-0.0941949855,-0.1093398736,-0.1137279882,-0.0833198275
2024-11-28,2.0022503577,2.1663489597,1.8983491537,1.8290816844,2.5217563775,-0.0769754825,-0.0682178262,-0.0828486155,-0.0870877739,-0.0579372708
2024-11-29,1.9893791349,2.1536886083,1.8853901389,1.8160641416,2.5093241147,-0.0829090333,-0.0736632507,-0.0891095177,-0.0935849545,-0.0625816415
2024-12-02,1.9899047238,2.1537321287,1.8862019856,1.8170668269,2.5084184143,-0.0826667403,-0.0736445319,-0.0887172894,-0.0930845046,-0.0629199876
2024-12-03,2.0116482844,2.1783129742,1.9061872013,1.8358798126,2.5389536997,-0.0726430989,-0.0630719076,-0.0790618115,-0.0836947629,-0.0515127976
2024-12-04,2.0343232995,2.2050828228,1.9263503078,1.8543683133,2.5741882580,-0.0621900630,-0.0515577572,-0.0693203891,-0.0744669747,-0.0383500811
2024-12-05,1.9800717383,2.1479544089,1.8739769585,1.8032471053,2.5105456374,-0.0871996832,-0.0761296238,-0.0946235793,-0.0999820603,-0.0621253123
2024-12-06,1.9828402386,2.1495418686,1.8774423901,1.8071771578,2.5098294811,-0.0859234224,-0.0754468314,-0.0929493218,-0.0980205334,-0.0623928497
2024-12-09,2.0005389877,2.1672452714,1.8950859616,1.8247839443,2.5278041177,-0.0777644131,-0.0678323079,-0.0844251649,-0.0892328172,-0.0556779920
2024-12-10,2.0270248930,2.1927693807,1.9220676827,1.8520962092,2.5518109442,-0.0655545814,-0.0568539704,-0.0713894582,-0.0756010037,-0.0467096648
2024-12-11,1.9648099402,2.1292846485,1.8607950322,1.7914517602,2.4848844801,-0.0942352738,-0.0841597936,-0.1009921770,-0.1058692303,-0.0717116546
2024-12-12,1.9637728264,2.1271786126,1.8603991774,1.7914834115,2.4806410709,-0.0947133766,-0.0850656341,-0.1011834267,-0.1058534328,-0.0732968822
2024-12-13,1.9742125643,2.1396526694,1.8695934390,1.7998473555,2.4973081908,-0.0899007247,-0.0797003380,-0.0967413936,-0.1016789081,-0.0670704788
2024-12-16,1.9469325665,2.1125886248,1.8422652739,1.7724870788,2.4702690295,-0.1024766280,-0.0913410269,-0.1099444782,-0.1153346848,-0.0771716076
2024-12-17,1.9465346766,2.1156328553,1.8398134805,1.7686660165,2.4801406569,-0.1026600526,-0.0900316535,-0.1111290157,-0.1172418137,-0.0734838238
2024-12-18,1.9412721617,2.1135329963,1.8326783157,1.7602824184,2.4842413915,-0.1050860381,-0.0909348372,-0.1145762352,-0.1214261480,-0.0719518958
2024-12-19,1.9289215207,2.1026406360,1.8194935890,1.7465416346,2.4760611789,-0.1107796041,-0.0956198198,-0.1209461858,-0.1282843051,-0.0750078109
2024-12-20,1.9286974600,2.1013605744,1.8199006659,1.7473694698,2.4726814307,-0.1108828946,-0.0961703953,-0.1207495144,-0.1278711246,-0.0762703971
2024-12-23,1.9383908558,2.1133389754,1.8282011252,1.7547413048,2.4893395087,-0.1064143016,-0.0910182888,-0.1167393049,-0.1241917710,-0.0700473716
2024-12-24,1.9474125418,2.1273559363,1.8342137256,1.7587478482,2.5134066226,-0.1022553624,-0.0849893643,-0.1138344310,-0.1221920667,-0.0610565225
2024-12-25,1.9645748994,2.1457427118,1.8505942465,1.7746071446,2.5344781637,-0.0943436261,-0.0770809110,-0.1059204931,-0.1142765396,-0.0531847417
2024-12-26,1.9508734281,2.1373744140,1.8337492253,1.7556664234,2.5364944423,-0.1006599161,-0.0806802529,-0.1140588456,-0.1237300354,-0.0524315123
2024-12-27,1.9522243964,2.1376940587,1.8357119346,1.7580369601,2.5347867051,-0.1000371285,-0.0805427685,-0.1131105998,-0.1225468778,-0.0530694786
2024-12-30,1.9450789811,2.1311796748,1.8282109235,1.7502988851,2.5294192690,-0.1033311189,-0.0833447117,-0.1167345710,-0.1264090253,-0.0550746134
2024-12-31,1.9362288154,2.1225876419,1.8192328442,1.7412355301,2.5212086713,-0.1074109883,-0.0870402858,-0.1210721597,-0.1309326328,-0.0581418796
2025-01-02,1.9156642641,2.0973605657,1.8015128875,1.7254119698,2.4864211471,-0.1168911139,-0.0978908645,-0.1296332207,-0.1388303236,-0.0711375957
2025-01-03,1.8753662128,2.0517927285,1.7644804127,1.6905565459,2.4297952136,-0.1354682560,-0.1174903378,-0.1475247585,-0.1562270002,-0.0922915747
2025-01-06,1.8497170632,2.0231327850,1.7407047626,1.6680298956,2.3947785661,-0.1472923487,-0.1298174489,-0.1590115128,-0.1674702676,-0.1053728854
2025-01-07,1.8339164827,2.0067923433,1.7252732798,1.6528444779,2.3771324973,-0.1545763146,-0.1368457406,-0.1664669410,-0.1750494554,-0.1119649986
2025-01-08,1.8382585770,2.0134171524,1.7282396482,1.6548936957,2.3883532210,-0.1525746371,-0.1339963017,-0.1650337964,-0.1740266711,-0.1077732275
2025-01-09,1.8230234574,1.9936434187,1.7157593652,1.6442499704,2.3593439183,-0.1595979291,-0.1425013084,-0.1710634084,-0.1793390566,-0.1186103501
2025-01-10,1.8426273062,2.0143640919,1.7346383866,1.6626457736,2.3825719041,-0.1505606811,-0.1335890075,-0.1619423673,-0.1701575346,-0.1099329775
2025-01-13,1.8203528267,1.9927858782,1.7120141549,1.6397883737,2.3620461856,-0.1608290726,-0.1428701506,-0.1728728357,-0.1815658823,-0.1176008531
2025-01-14,1.8574885046,2.0346703489,1.7462046723,1.6720154508,2.4139076661,-0.1437097643,-0.1248549537,-0.1563543357,-0.1654810388,-0.0982267501
2025-01-15,1.9092553654,2.0899393291,1.7957273687,1.7200420375,2.4768953492,-0.1198455749,-0.1010828600,-0.1324283844,-0.1415105083,-0.0746961866
2025-01-16,1.8885090994,2.0653093737,1.7773612397,1.7032626666,2.4442483979,-0.1294094699,-0.1116766072,-0.1413016312,-0.1498852534,-0.0868922402
2025-01-17,1.8864791199,2.0640026438,1.7749054618,1.7005230230,2.4443474108,-0.1303452774,-0.1122386532,-0.1424880937,-0.1512526358,-0.0868552516
2025-01-20,1.9154927852,2.0967841838,1.8015836593,1.7256442421,2.4850384145,-0.1169701646,-0.0981387758,-0.1295990286,-0.1387143943,-0.0716541487
2025-01-21,1.9354788248,2.1198861513,1.8196501965,1.7424311109,2.5146219666,-0.1077567291,-0.0882022412,-0.1208705239,-0.1303359069,-0.0606025015
2025-01-22,1.9437905040,2.1315370609,1.8259436159,1.7473790238,2.5330249444,-0.1039250985,-0.0831909941,-0.1178299777,-0.1278663561,-0.0537276267
2025-01-23,1.9602794425,2.1488795495,1.8418741342,1.7629372620,2.5523059841,-0.0963238041,-0.0757317057,-0.1101334499,-0.1201010900,-0.0465247307
2025-01-24,1.9330963386,2.1185701851,1.8166380093,1.7389991232,2.5153879847,-0.1088550399,-0.0887682598,-0.1223258050,-0.1320488449,-0.0603163370
2025-01-27,1.9429448225,2.1284260696,1.8264529174,1.7487916473,2.5254043482,-0.1043149522,-0.0845290824,-0.1175839183,-0.1271613021,-0.0565744836
2025-02-05,1.9397543336,2.1270797374,1.8221708401,1.7437818444,2.5276718014,-0.1057857470,-0.0851081620,-0.1196527228,-0.1296617428,-0.0557274220
2025-02-06,1.9150174891,2.0996865800,1.7990931551,1.7218102657,2.4946391594,-0.1171892730,-0.0968904077,-0.1308022685,-0.1406279687,-0.0680675596
2025-02-07,2.0100191539,2.2005698440,1.8903020108,1.8104905821,2.6086048691,-0.0733941175,-0.0534988633,-0.0867364400,-0.0963667715,-0.0254929285
2025-02-10,2.0082011323,2.2002082310,1.8876198385,1.8072323092,2.6111076017,-0.0742322138,-0.0536543990,-0.0880322807,-0.0979930068,-0.0245579726
2025-02-11,2.0534168353,2.2520017061,1.9287744865,1.8456795873,2.6766285794,-0.0533880659,-0.0313771769,-0.0681491931,-0.0788036012,-0.0000810359
2025-02-12,2.0376658280,2.2332941631,1.9148352799,1.8329482479,2.6518185681,-0.0606491789,-0.0394235976,-0.0748836564,-0.0851579349,-0.0093494122
2025-02-13,2.0708997929,2.2698300856,1.9459994535,1.8627325605,2.6954014900,-0.0453285351,-0.0237088989,-0.0598272771,-0.0702922986,0.0000000000
2025-02-14,2.0172197038,2.2122583123,1.8948017787,1.8131898287,2.6293093292,-0.0700747104,-0.0484714616,-0.0845624625,-0.0950195516,-0.0245203399
2025-02-17,2.0220620169,2.2131012633,1.9020175323,1.8219878760,2.6222844394,-0.0678424353,-0.0481088946,-0.0810763080,-0.0906283618,-0.0271265898
2025-02-18,2.0607091013,2.2543681719,1.9389860598,1.8578373654,2.6693243090,-0.0500263783,-0.0303593212,-0.0632156652,-0.0727355375,-0.0096746927
2025-02-19,2.1155682599,2.3117127363,1.9921989168,1.9099526881,2.7324149754,-0.0247366595,-0.0056944847,-0.0375068827,-0.0467242797,0.0000000000
2025-02-20,2.1561525599,2.3545188340,2.0313365620,1.9481258967,2.7802325495,-0.0060275587,0.0000000000,-0.0185982718,-0.0276716648,0.0000000000
2025-02-21,2.1540747889,2.3511800402,2.0300178227,1.9473131786,2.7743596197,-0.0069853977,-0.0014180366,-0.0192353957,-0.0280773002,-0.0021123880
2025-02-24,2.2093817935,2.4103450296,2.0828577163,1.9985083314,2.8420021800,0.0000000000,0.0000000000,0.0000000000,-0.0025253081,0.0000000000
2025-02-25,2.1925888792,2.3870820860,2.0699773815,1.9882363830,2.8056463679,-0.0076007299,-0.0096512920,-0.0061839725,-0.0076521361,-0.0127923238
2025-02-26,2.2034716462,2.3932570979,2.0836386441,2.0037499760,2.8026366568,-0.0026750231,-0.0070894131,0.0000000000,0.0000000000,-0.0138513346
2025-02-27,2.2396242154,2.4347987481,2.1164666860,2.0343616665,2.8554118619,0.0000000000,0.0000000000,0.0000000000,0.0000000000,0.0000000000
2025-02-28,2.2342941559,2.4259445725,2.1132564429,2.0325646343,2.8394827206,-0.0023798901,-0.0036365123,-0.0015167936,-0.0008833396,-0.0055785792
2025-03-03,2.1702110169,2.3559169876,2.0529120973,1.9747128175,2.7567056150,-0.0309932345,-0.0323976512,-0.0300286271,-0.0293206709,-0.0345681295
2025-03-04,2.1515948299,2.3352550380,2.0355724264,1.9582241574,2.7317068475,-0.0393054267,-0.0408837528,-0.0382213716,-0.0374257490,-0.0433230022
2025-03-05,2.1874569299,2.3692215497,2.0724600937,1.9957955362,2.7624411109,-0.0232928744,-0.0269333137,-0.0207924805,-0.0189573619,-0.0325594890
2025-03-06,2.2229728879,2.3938786130,2.1143540909,2.0419415595,2.7660668730,-0.0074348756,-0.0168063727,-0.0009981708,0.0000000000,-0.0312897029
2025-03-07,2.2474198066,2.4202507158,2.1375792212,2.0643521642,2.7966227340,0.0000000000,-0.0059750451,0.0000000000,0.0000000000,-0.0205886684
2025-03-10,2.2300073290,2.4014991852,2.1210177625,2.0483580514,2.7749551619,-0.0077477637,-0.0136765155,-0.0077477637,-0.0077477637,-0.0281769159
2025-03-11,2.2360892898,2.4080488605,2.1268024730,2.0539445951,2.7825233740,-0.0050415667,-0.0109864882,-0.0050415667,-0.0050415667,-0.0255264359
2025-03-12,2.2575326399,2.4311412455,2.1471977990,2.0736412384,2.8092068446,0.0000000000,-0.0015021786,0.0000000000,0.0000000000,-0.0161815596
2025-03-13,2.2181892296,2.3887722511,2.1097772618,2.0375026166,2.7602490685,-0.0174276153,-0.0189036145,-0.0174276153,-0.0174276153,-0.0333271689
2025-03-14,2.1897514091,2.3581475075,2.0827293137,2.0113812502,2.7248618857,-0.0300244744,-0.0314815509,-0.0300244744,-0.0300244744,-0.0457201912
2025-03-17,2.2660115846,2.4402722372,2.1552623430,2.0814295153,2.8197577925,0.0000000000,0.0000000000,0.0000000000,0.0000000000,-0.0124864892
2025-03-18,2.3293210537,2.5084503264,2.2154776198,2.1395819972,2.8985382233,0.0000000000,0.0000000000,0.0000000000,0.0000000000,0.0000000000
2025-03-19,2.3120948686,2.4898994146,2.1990933487,2.1237590021,2.8771024682,-0.0073953674,-0.0073953674,-0.0073953675,-0.0073953675,-0.0073953674
2025-03-20,2.3481463614,2.5287233366,2.2333828578,2.1568738554,2.9219638795,0.0000000000,0.0000000000,0.0000000000,0.0000000000,0.0000000000
2025-03-21,2.3315837562,2.5108870351,2.2176297348,2.1416603872,2.9013538634,-0.0070534808,-0.0070534808,-0.0070534807,-0.0070534807,-0.0070534808
2025-03-24,2.2998555647,2.4767188846,2.1874522296,2.1125166728,2.8618722404,-0.0205654969,-0.0205654969,-0.0205654969,-0.0205654969,-0.0205654969
2025-03-25,2.3485136574,2.5291188783,2.2337322025,2.1572112326,2.9224209317,0.0000000000,0.0000000000,0.0000000000,0.0000000000,0.0000000000
2025-03-26,2.3280481195,2.5070795011,2.2142668991,2.1384127521,2.8969542217,-0.0087142512,-0.0087142512,-0.0087142512,-0.0087142512,-0.0087142512
2025-03-27,2.3130146927,2.4908899749,2.1999682173,2.1246039003,2.8782470700,-0.0151155028,-0.0151155028,-0.0151155027,-0.0151155027,-0.0151155028
2025-03-28,2.3909958902,2.5748680766,2.2741381551,2.1962329984,2.9752845657,0.0000000000,0.0000000000,0.0000000000,0.0000000000,0.0000000000
2025-03-31,2.3426844635,2.5228414081,2.2281879051,2.1518568662,2.9151672552,-0.0202055666,-0.0202055666,-0.0202055666,-0.0202055666,-0.0202055666
2025-04-01,2.3708971409,2.5507727516,2.2559794929,2.1793677275,2.9454853813,-0.0084060158,-0.0093578872,-0.0079848545,-0.0076791811,-0.0100155746
2025-04-02,2.4140838445,2.5955610953,2.2977270765,2.2201558978,2.9958676845,0.0000000000,0.0000000000,0.0000000000,0.0000000000,0.0000000000
2025-04-03,2.4204327258,2.5940075971,2.3070415754,2.2314474751,2.9873884778,0.0000000000,-0.0005985211,0.0000000000,0.0000000000,-0.0028303008
2025-04-07,2.3585878503,2.4950192346,2.2604101599,2.1949583663,2.8494763025,-0.0255511648,-0.0387360794,-0.0202126463,-0.0163522150,-0.0488644351
2025-04-08,2.3963738074,2.5141253036,2.3056579312,2.2451806803,2.8499531889,-0.0099399244,-0.0313750240,-0.0005997483,0.0000000000,-0.0487052537
2025-04-09,2.3580702191,2.4767709420,2.2674932998,2.2071086869,2.8109548155,-0.0257650238,-0.0457666566,-0.0171424200,-0.0169572069,-0.0617226421
2025-04-10,2.4835225339,2.6402584188,2.3756507510,2.3037362290,3.0228814486,0.0000000000,0.0000000000,0.0000000000,0.0000000000,0.0000000000
2025-04-11,2.5202827269,2.6741097626,2.4130789126,2.3416097031,3.0563017981,0.0000000000,0.0000000000,0.0000000000,0.0000000000,0.0000000000
2025-04-14,2.5346801026,2.6998454896,2.4225567491,2.3478078467,3.0952968705,0.0000000000,0.0000000000,0.0000000000,0.0000000000,0.0000000000
2025-04-15,2.5467057326,2.7128644246,2.4332193504,2.3575617622,3.1141376438,0.0000000000,0.0000000000,0.0000000000,0.0000000000,0.0000000000
2025-04-16,2.5543800852,2.7211137547,2.4405715769,2.3646992380,3.1234226269,0.0000000000,0.0000000000,0.0000000000,0.0000000000,0.0000000000
2025-04-17,2.5385324915,2.7031995561,2.4259155367,2.3508375668,3.1016172655,-0.0062040860,-0.0065834067,-0.0060051671,-0.0058619172,-0.0069812395
2025-04-18,2.5425322580,2.7092163915,2.4289191756,2.3531771207,3.1105976699,-0.0046382397,-0.0043722403,-0.0047744559,-0.0048725509,-0.0041060588
2025-04-21,2.5179491722,2.6815384698,2.4066853325,2.3325094393,3.0742683711,-0.0142621347,-0.0145437819,-0.0138845526,-0.0136126397,-0.0157373054
2025-04-22,2.5398526668,2.7117561393,2.4240648920,2.3468730421,3.1187915408,-0.0056872580,-0.0034388917,-0.0067634504,-0.0075384622,-0.0014826960
2025-04-23,2.5509623978,2.7285497539,2.4327921851,2.3540120434,3.1418134608,-0.0013379714,0.0000000000,-0.0031875286,-0.0045194731,0.0000000000
2025-04-24,2.5243732428,2.6986571123,2.4075759414,2.3297110737,3.1083597503,-0.0117472112,-0.0109555054,-0.0135196344,-0.0147960315,-0.0106478984
2025-04-25,2.5337655683,2.7207859032,2.4095513780,2.3267419178,3.1548365196,-0.0080702622,-0.0028454129,-0.0127102189,-0.0160516482,0.0000000000
2025-04-28,2.5188160158,2.7002860568,2.3977249234,2.3169975285,3.1242714776,-0.0139227790,-0.0103585053,-0.0175559913,-0.0201724214,-0.0096883125
2025-04-29,2.5529996316,2.7398907936,2.4280412356,2.3447356383,3.1777916115,-0.0005404261,0.0000000000,-0.0051341831,-0.0084423420,0.0000000000
2025-04-30,2.5546258315,2.7256327432,2.4390953809,2.3620750805,3.1322780843,0.0000000000,-0.0052038754,-0.0006048567,-0.0011097215,-0.0143223763
2025-05-06,2.5828672201,2.7698153074,2.4585520963,2.3756753472,3.2044428386,0.0000000000,0.0000000000,0.0000000000,0.0000000000,0.0000000000
2025-05-07,2.5831995444,2.7781895908,2.4571739057,2.3731568132,3.2133277380,0.0000000000,0.0000000000,-0.0005605700,-0.0010601339,0.0000000000
2025-05-08,2.5609002896,2.7351805905,2.4454511262,2.3684850173,3.1381461063,-0.0086324167,-0.0154809450,-0.0053287340,-0.0030266467,-0.0233968141
2025-05-09,2.5665969151,2.7440915513,2.4504831963,2.3730740504,3.1471655091,-0.0064271571,-0.0122734746,-0.0032819724,-0.0010949715,-0.0205899411
2025-05-12,2.5332237957,2.7110490568,2.4178589539,2.3409490594,3.1100480044,-0.0193464531,-0.0241670094,-0.0165516698,-0.0146174383,-0.0321410519
2025-05-13,2.5530061831,2.7512380258,2.4275864052,2.3439732199,3.1801050728,-0.0116883581,-0.0097011252,-0.0125950925,-0.0133444695,-0.0103390217
2025-05-14,2.5399295314,2.7342200078,2.4169343906,2.3349376300,3.1549052355,-0.0167505500,-0.0158267035,-0.0169277299,-0.0171478469,-0.0181813084
2025-05-15,2.5469626938,2.7462233160,2.4209798183,2.3369912347,3.1768770711,-0.0140278945,-0.0115061531,-0.0152822786,-0.0162834171,-0.0113435883
2025-05-16,2.5265812777,2.7240285633,2.4017372317,2.3185078677,3.1508015078,-0.0219178835,-0.0194950797,-0.0231090749,-0.0240636750,-0.0194584043
2025-05-19,2.5372538385,2.7392532485,2.4096617641,2.3246003811,3.1752142109,-0.0177863557,-0.0140150055,-0.0198858232,-0.0214991355,-0.0118610768
2025-05-20,2.5431859261,2.7437272633,2.4164484657,2.3319568255,3.1768732279,-0.0154899448,-0.0124045989,-0.0171253766,-0.0184025657,-0.0113447843
2025-05-21,2.5649640880,2.7910281687,2.4236836212,2.3294966433,3.2713664220,-0.0070592520,0.0000000000,-0.0141825244,-0.0194381374,0.0000000000
2025-05-22,2.5443822084,2.7662272888,2.4057071342,2.3132570848,3.2377575792,-0.0150268438,-0.0088859296,-0.0214943430,-0.0262739025,-0.0102736406
2025-05-23,2.5452589299,2.7643451255,2.4082304706,2.3168781644,3.2304012263,-0.0146874501,-0.0095602916,-0.0204679925,-0.0247496708,-0.0125223501
2025-05-26,2.5312590214,2.7498921102,2.3945349032,2.3033854910,3.2148796126,-0.0201070502,-0.0147386755,-0.0260385750,-0.0304291814,-0.0172670383
2025-05-27,2.5252541518,2.7479457777,2.3861190372,2.2933622941,3.2209297247,-0.0224316363,-0.0154360287,-0.0294616735,-0.0346482752,-0.0154176240
2025-05-28,2.5265972027,2.7456662284,2.3890163193,2.2972957303,3.2145016200,-0.0219117187,-0.0162527705,-0.0282832229,-0.0329925623,-0.0173825841
2025-05-29,2.5096225928,2.7257107144,2.3736436456,2.2829910141,3.1895173289,-0.0284828757,-0.0234026496,-0.0345359575,-0.0390138885,-0.0250198488
2025-05-30,2.5292206313,2.7486054519,2.3917677911,2.3001325643,3.2164848321,-0.0208961454,-0.0151996735,-0.0271640798,-0.0317984454,-0.0167763506
2025-06-03,2.5227196424,2.7335192026,2.3896593412,2.3009524738,3.1880211482,-0.0234127875,-0.0206049393,-0.0280216780,-0.0314533185,-0.0254772053
2025-06-04,2.5588334096,2.7758192022,2.4229537979,2.3323673902,3.2382314676,-0.0094325407,-0.0054492343,-0.0144793753,-0.0182297455,-0.0101287811
2025-06-05,2.5642746118,2.7849868603,2.4269236251,2.3353563006,3.2510295455,-0.0073261598,-0.0021645458,-0.0128646740,-0.0169716147,-0.0062166306
2025-06-06,2.5694859377,2.7943213732,2.4299031035,2.3368478806,3.2674001091,-0.0053087678,0.0000000000,-0.0116527907,-0.0163437595,-0.0012124331
2025-06-09,2.5728385975,2.7964772612,2.4339994452,2.3414400103,3.2670343589,-0.0040108969,0.0000000000,-0.0099866304,-0.0144107809,-0.0013242366
2025-06-10,2.5612517958,2.7846415869,2.4230563695,2.3309260853,3.2522289273,-0.0084963427,-0.0042323513,-0.0144376549,-0.0188364382,-0.0058500003
2025-06-11,2.5319841196,2.7503292042,2.3968932884,2.3068327343,3.2074382756,-0.0198263525,-0.0165022107,-0.0250793172,-0.0289781232,-0.0195417260
2025-06-12,2.5315587506,2.7543525857,2.3944994816,2.3031266356,3.2168550958,-0.0199910200,-0.0150634786,-0.0260529825,-0.0305381422,-0.0166631674
2025-06-13,2.4833736326,2.7004785206,2.3498242940,2.2607914016,3.1511203256,-0.0386442898,-0.0343284538,-0.0442243231,-0.0483584366,-0.0367571470
2025-06-16,2.4806367744,2.6962384714,2.3479911393,2.2595607160,3.1438649494,-0.0397037737,-0.0358446647,-0.0449699468,-0.0488764727,-0.0389749897
2025-06-17,2.4894773164,2.7090818650,2.3553978522,2.2660115427,3.1598746374,-0.0362814511,-0.0312519602,-0.0419573148,-0.0461611073,-0.0340811056
2025-06-18,2.4687171427,2.6884847808,2.3345949968,2.2451802329,3.1393278722,-0.0443180636,-0.0386173283,-0.0504187402,-0.0549296917,-0.0403618955
2025-06-19,2.5016462440,2.7241736639,2.3658378905,2.2752989882,3.1806880116,-0.0315706545,-0.0258552423,-0.0377108974,-0.0422517155,-0.0277188180
2025-06-20,2.5121038418,2.7355660075,2.3757250645,2.2848058797,3.1939977282,-0.0275223425,-0.0217814228,-0.0336893540,-0.0382499518,-0.0236502684
2025-06-23,2.5101847575,2.7317805921,2.3745776194,2.2841728607,3.1882204478,-0.0282652523,-0.0231350600,-0.0341560698,-0.0385164103,-0.0254162828
2025-06-24,2.5413830666,2.7724920826,2.4014308525,2.3081293764,3.2411441372,-0.0161878620,-0.0085769260,-0.0232336927,-0.0284323238,-0.0092384285
2025-06-25,2.5566532386,2.7988729644,2.4120292321,2.3156132278,3.2797732709,-0.0102765216,0.0000000000,-0.0189228710,-0.0252821243,0.0000000000
2025-06-26,2.5910850796,2.8367361988,2.4444465053,2.3466874558,3.3242779508,0.0000000000,0.0000000000,-0.0057373570,-0.0122019582,0.0000000000
2025-06-27,2.5875506443,2.8328666768,2.4411120961,2.3434863973,3.3197433851,-0.0013640754,-0.0013640754,-0.0070936061,-0.0135493892,-0.0013640754
2025-06-30,2.5707823724,2.8145086677,2.4252927994,2.3282997507,3.2982302373,-0.0078356004,-0.0078356003,-0.0135280017,-0.0199419490,-0.0078356004
2025-07-01,2.5996043742,2.8460631760,2.4524836633,2.3544031893,3.3352079289,0.0000000000,0.0000000000,-0.0024682955,-0.0089541519,0.0000000000
2025-07-02,2.5818249755,2.8265981787,2.4357104629,2.3383007879,3.3123975381,-0.0068392710,-0.0068392710,-0.0092906851,-0.0157321830,-0.0068392710
2025-07-03,2.5504203619,2.7922162109,2.4060831464,2.3098583360,3.2721064397,-0.0189198067,-0.0189198067,-0.0213414025,-0.0277045478,-0.0189198067
2025-07-04,2.5353279762,2.7756929723,2.3918448916,2.2961895019,3.2527433993,-0.0247254538,-0.0247254538,-0.0271327196,-0.0334582103,-0.0247254538
2025-07-07,2.5924360392,2.8382152380,2.4457210095,2.3479109896,3.3260111882,-0.0027574715,-0.0027574715,-0.0052189607,-0.0116869326,-0.0027574715
2025-07-08,2.6101816540,2.8576432483,2.4624623377,2.3639827936,3.3487782351,0.0000000000,0.0000000000,0.0000000000,-0.0049217809,0.0000000000
2025-07-09,2.6495894530,2.9007871539,2.4996399115,2.3996735505,3.3993371606,0.0000000000,0.0000000000,0.0000000000,0.0000000000,0.0000000000
2025-07-10,2.6122661569,2.8599253751,2.4644288714,2.3658706810,3.3514525846,-0.0140864450,-0.0140864450,-0.0140864450,-0.0140864450,-0.0140864450
2025-07-11,2.5974643490,2.8437202629,2.4504647496,2.3524650166,3.3324623461,-0.0196728984,-0.0196728984,-0.0196728984,-0.0196728984,-0.0196728984
2025-07-14,2.6232530269,2.8719538693,2.4747939559,2.3758212419,3.3655483818,-0.0099398139,-0.0099398139,-0.0099398139,-0.0099398139,-0.0099398139
2025-07-15,2.6182723723,2.8665010174,2.4700951740,2.3713103751,3.3591583638,-0.0118195975,-0.0118195975,-0.0118195975,-0.0118195975,-0.0118195974
2025-07-16,2.6370992911,2.8871128462,2.4878566115,2.3883614918,3.3833126888,-0.0047139990,-0.0047139990,-0.0047139990,-0.0047139990,-0.0047139989
2025-07-17,2.6295787299,2.8788792887,2.4807616652,2.3815502888,3.3736640531,-0.0075523863,-0.0075523863,-0.0075523863,-0.0075523863,-0.0075523863
2025-07-18,2.6661571870,2.9189256129,2.5152700194,2.4146785744,3.4205930249,0.0000000000,0.0000000000,0.0000000000,0.0000000000,0.0000000000
2025-07-21,2.6362498576,2.8861828812,2.4870552505,2.3875921791,3.3822228933,-0.0112173917,-0.0112173916,-0.0112173917,-0.0112173917,-0.0112173916
2025-07-22,2.6257311877,2.8746669753,2.4771318689,2.3780656564,3.3687277815,-0.0151626467,-0.0151626466,-0.0151626467,-0.0151626467,-0.0151626467
2025-07-23,2.6426359027,2.8931743634,2.4930798869,2.3933758764,3.3904159816,-0.0088221671,-0.0088221671,-0.0088221671,-0.0088221672,-0.0088221671
2025-07-24,2.6730997558,2.9265263809,2.5218196839,2.4209663027,3.4295001151,0.0000000000,0.0000000000,0.0000000000,0.0000000000,0.0000000000
2025-07-25,2.6972486055,2.9529646930,2.5446018657,2.4428373725,3.4604823045,0.0000000000,0.0000000000,0.0000000000,0.0000000000,0.0000000000
2025-07-28,2.7827083830,3.0465265934,2.6252251752,2.5202363701,3.5701244215,0.0000000000,0.0000000000,0.0000000000,0.0000000000,0.0000000000
2025-07-29,2.9059184011,3.1814176942,2.7414623072,2.6318249112,3.7281988708,0.0000000000,0.0000000000,0.0000000000,0.0000000000,0.0000000000
2025-07-30,2.9775656693,3.2598575728,2.8090548056,2.6967142299,3.8201199873,0.0000000000,0.0000000000,0.0000000000,0.0000000000,0.0000000000
2025-07-31,2.9766783437,3.2588861232,2.8082176969,2.6959105991,3.8189815775,-0.0002980037,-0.0002980037,-0.0002980037,-0.0002980037,-0.0002980037
2025-08-01,2.9052902439,3.1807299837,2.7408696996,2.6312560034,3.7273929654,-0.0242733271,-0.0242733271,-0.0242733271,-0.0242733271,-0.0242733271
2025-08-04,2.8608387263,3.1320641834,2.6989338490,2.5909972641,3.6703631130,-0.0392021389,-0.0392021389,-0.0392021389,-0.0392021389,-0.0392021389
2025-08-05,2.8834509552,3.1568201934,2.7202663727,2.6114766510,3.6993738678,-0.0316079390,-0.0316079390,-0.0316079390,-0.0316079390,-0.0316079390
2025-08-06,2.9073931729,3.1830322836,2.7428536165,2.6331605789,3.7300909550,-0.0235670693,-0.0235670693,-0.0235670692,-0.0235670692,-0.0235670693
2025-08-07,2.9149775027,3.1913356553,2.7500087225,2.6400295357,3.7398214035,-0.0210199114,-0.0210199114,-0.0210199114,-0.0210199114,-0.0210199114
2025-08-08,2.8645954872,3.1361771088,2.7024780016,2.5943996779,3.6751829151,-0.0379404502,-0.0379404502,-0.0379404502,-0.0379404502,-0.0379404502
2025-08-11,2.8910308637,3.1651187248,2.7274173076,2.6183416036,3.7090986440,-0.0290622660,-0.0290622660,-0.0290622660,-0.0290622660,-0.0290622660
2025-08-12,2.9416827722,3.2205727519,2.7752026473,2.6642158974,3.7740833965,-0.0120510850,-0.0120510851,-0.0120510850,-0.0120510850,-0.0120510850
2025-08-13,3.0072015365,3.2923031061,2.8370134754,2.7235547680,3.8581418419,0.0000000000,0.0000000000,0.0000000000,0.0000000000,0.0000000000
2025-08-14,3.1115763048,3.4065732572,2.9354813102,2.8180846472,3.9920512776,0.0000000000,0.0000000000,0.0000000000,0.0000000000,0.0000000000
2025-08-15,3.0378272566,3.3299971497,2.8634057555,2.7471247548,3.9099347622,-0.0237015072,-0.0224789258,-0.0245532324,-0.0251801849,-0.0205700052
2025-08-18,3.1984393407,3.5021429980,3.0171453852,2.8962827482,4.1049091183,0.0000000000,0.0000000000,0.0000000000,0.0000000000,0.0000000000
2025-08-19,3.2175000532,3.5170462213,3.0387080364,2.9195133585,4.1114601371,0.0000000000,0.0000000000,0.0000000000,0.0000000000,0.0000000000
2025-08-20,3.1329336749,3.4290149945,2.9561945608,2.8383684848,4.0166292451,-0.0262832562,-0.0250298749,-0.0271541308,-0.0277939724,-0.0230650156
2025-08-21,3.4098959092,3.7303407117,3.2186197049,3.0911022354,4.3662769308,0.0000000000,0.0000000000,0.0000000000,0.0000000000,0.0000000000
2025-08-22,3.3873876100,3.7047652193,3.1979454875,3.0716507391,4.3345982226,-0.0066008758,-0.0068560741,-0.0064233179,-0.0062927379,-0.0072553136
2025-08-25,3.5940025310,3.9181960955,3.4005349038,3.2715564857,4.5613406670,0.0000000000,0.0000000000,0.0000000000,0.0000000000,0.0000000000
2025-08-26,3.5779125488,3.9194686964,3.3740166448,3.2380860421,4.5973920691,-0.0044768978,0.0000000000,-0.0077982611,-0.0102307399,0.0000000000
2025-08-27,3.4940899579,3.8390623162,3.2881163530,3.1508006164,4.5239579825,-0.0277998060,-0.0205146122,-0.0330590786,-0.0369108312,-0.0159729876
2025-08-28,3.4709100770,3.8260245689,3.2588405066,3.1174607931,4.5312579285,-0.0342494066,-0.0238410190,-0.0416682673,-0.0471016451,-0.0143851426
2025-08-29,3.5463842046,3.9097720280,3.3293721844,3.1846975042,4.6314443058,-0.0132493859,-0.0024739752,-0.0209269193,-0.0265497423,0.0000000000
2025-09-01,3.7329476876,4.1091869632,3.5082804994,3.3585023739,4.8562836289,0.0000000000,0.0000000000,0.0000000000,0.0000000000,0.0000000000
2025-09-02,3.8098838591,4.1778109572,3.5902313134,3.4437962830,4.9081465874,0.0000000000,0.0000000000,0.0000000000,0.0000000000,0.0000000000
2025-09-03,3.7675502171,4.1529290673,3.5374074490,3.3839789370,4.9182640572,-0.0111115309,-0.0059557242,-0.0147132203,-0.0173695948,0.0000000000
2025-09-04,3.8397160621,4.2229376119,3.6108915071,3.4583418038,4.9838388369,0.0000000000,0.0000000000,0.0000000000,0.0000000000,0.0000000000
2025-09-05,3.5539197793,3.9407033627,3.3228652173,3.1688288426,4.7091925895,-0.0744316189,-0.0668336298,-0.0797659773,-0.0837143861,-0.0551073693
2025-09-08,3.7213090755,4.1070979496,3.4909053338,3.3373028394,4.8733277839,-0.0308374329,-0.0274310617,-0.0332289611,-0.0349991329,-0.0221738817
2025-09-09,3.6800660725,4.0556115348,3.4557984374,3.3062866807,4.8014042480,-0.0415785925,-0.0396231468,-0.0429514621,-0.0439676387,-0.0366052344
2025-09-10,3.7481727342,4.1097746634,3.5322975295,3.3883807264,4.8275487575,-0.0238411712,-0.0267972106,-0.0217658098,-0.0202296596,-0.0313593767
2025-09-11,3.6250524241,3.9929977460,3.4053296694,3.2588478329,4.7236661976,-0.0559061229,-0.0544502162,-0.0569282786,-0.0576848623,-0.0522032609
2025-09-12,3.8338633600,4.1882098991,3.6223711939,3.4813764165,4.8913241905,-0.0015242539,-0.0082235913,0.0000000000,0.0000000000,-0.0185629290
2025-09-15,3.8955877105,4.2268840609,3.6979528417,3.5661962625,4.8837620543,0.0000000000,0.0000000000,0.0000000000,0.0000000000,-0.0200802606
2025-09-16,3.8634779884,4.2020866506,3.6614430914,3.5267531601,4.8736524734,-0.0082425874,-0.0058665934,-0.0098729626,-0.0110602725,-0.0221087333
2025-09-17,3.8978441495,4.2115035511,3.7107978292,3.5861002823,4.8330757510,0.0000000000,-0.0036387347,0.0000000000,0.0000000000,-0.0302503935
2025-09-18,3.9714997636,4.2494317704,3.8059249554,3.6955417499,4.7993738046,0.0000000000,0.0000000000,0.0000000000,0.0000000000,-0.0370126399
2025-09-19,4.0087253532,4.2866146062,3.8431881479,3.7328300111,4.8364113795,0.0000000000,0.0000000000,0.0000000000,0.0000000000,-0.0295811045
2025-09-22,3.9214616527,4.1992659029,3.7559474940,3.6456047215,4.7490324463,-0.0217684408,-0.0203770834,-0.0227000736,-0.0233670672,-0.0471135601
2025-09-23,4.0599403646,4.3046886020,3.9143148187,3.8172311214,4.7880680943,0.0000000000,0.0000000000,0.0000000000,0.0000000000,-0.0392811142
2025-09-24,4.0924711156,4.3336132341,3.9490208289,3.8533873044,4.8097225494,0.0000000000,0.0000000000,0.0000000000,0.0000000000,-0.0349361794
2025-09-25,4.2206130077,4.4494990485,4.0845613882,3.9938603085,4.9008711054,0.0000000000,0.0000000000,0.0000000000,0.0000000000,-0.0166473544
2025-09-26,4.1398967091,4.3828274038,3.9953879107,3.8990487118,4.8624407009,-0.0191243069,-0.0149840789,-0.0218318368,-0.0237393372,-0.0243583591
2025-09-29,4.0357656774,4.2768869681,3.8923097106,3.7966723994,4.7530455116,-0.0437963229,-0.0387935987,-0.0470678879,-0.0493727607,-0.0463083444
2025-09-30,4.0617582068,4.2849514341,3.9290731619,3.8406164652,4.7251834318,-0.0376378504,-0.0369811551,-0.0380673006,-0.0383698556,-0.0518988301
2025-10-09,4.0765220852,4.2793009589,3.9560969327,3.8758134977,4.6786478477,-0.0341398091,-0.0382510678,-0.0314512241,-0.0295570705,-0.0612361272
2025-10-10,4.0210196121,4.2274120291,3.8984073772,3.8166658873,4.6340807864,-0.0472901437,-0.0499128142,-0.0455750308,-0.0443667048,-0.0701784432
2025-10-13,3.8260593429,4.0409427817,3.6982872554,3.6131058637,4.4649197804,-0.0934825496,-0.0918207336,-0.0945693053,-0.0953349430,-0.1041203525
2025-10-14,4.0123853432,4.2115739228,3.8940949520,3.8152346913,4.6038372987,-0.0493358818,-0.0534723399,-0.0466308174,-0.0447250538,-0.0762467549
2025-10-15,3.8569163198,4.1010444026,3.7115979629,3.6147190583,4.5835081043,-0.0861715318,-0.0783132308,-0.0913105202,-0.0949310244,-0.0803257781
2025-10-16,3.8775315330,4.1243840118,3.7305842755,3.6326194371,4.6122678207,-0.0812871197,-0.0730677843,-0.0866622090,-0.0904490502,-0.0745551829
2025-10-17,3.8716434892,4.1331090714,3.7159217955,3.6121073331,4.6502519573,-0.0826821881,-0.0711068760,-0.0902519408,-0.0955849594,-0.0669337213
2025-10-20,3.7913724178,4.0589530228,3.6319540095,3.5256750707,4.5884644590,-0.1017010063,-0.0877730327,-0.1108092977,-0.1172262427,-0.0793312928
2025-10-21,3.7821664500,4.0555677025,3.6192508347,3.5106404246,4.5967445261,-0.1038821984,-0.0885338645,-0.1139193439,-0.1209906823,-0.0776699094
2025-10-22,3.7949166169,4.0669952109,3.6327991094,3.5247207711,4.6055041542,-0.1008612706,-0.0859655960,-0.1106023966,-0.1174651843,-0.0759123028
2025-10-23,3.8400562888,4.1124787995,3.6777467957,3.5695404670,4.6516037543,-0.0901662195,-0.0757434141,-0.0995981095,-0.1062430352,-0.0666624852
2025-10-24,3.8827737669,4.1495928249,3.7238418402,3.6178872224,4.6774334003,-0.0800450646,-0.0674022447,-0.0883129212,-0.0941377657,-0.0614798043
2025-10-27,3.9793240153,4.2284233594,3.8310605593,3.7322182553,4.7206412954,-0.0571691818,-0.0496855234,-0.0620631703,-0.0655110677,-0.0528102032
2025-10-28,3.9492818117,4.2124143293,3.7925843182,3.6881193225,4.7327692792,-0.0642871534,-0.0532834633,-0.0714830902,-0.0765527491,-0.0503767409
2025-10-29,3.9880134392,4.2350865850,3.8409691384,3.7429396045,4.7232349435,-0.0551103757,-0.0481880008,-0.0596373090,-0.0628266100,-0.0522897914
2025-10-30,3.9724529425,4.1862976982,3.8453513411,3.7606169402,4.6079609494,-0.0587971616,-0.0591530299,-0.0585644392,-0.0584004823,-0.0754193504
2025-10-31,3.8885344917,4.1314628481,3.7439464941,3.6475544957,4.6114744796,-0.0786801622,-0.0714768555,-0.0833908128,-0.0867095457,-0.0747143657
2025-11-03,3.8130742995,4.0755589461,3.6567220594,3.5524872327,4.5948354998,-0.0965591272,-0.0840409445,-0.1047454765,-0.1105128977,-0.0780529527
2025-11-04,3.7956535330,4.0532758626,3.6422146561,3.5399220715,4.5628479174,-0.1006866713,-0.0890489427,-0.1082972418,-0.1136590171,-0.0844712145
2025-11-05,3.7369452137,3.9994984168,3.5805274059,3.4762488673,4.5190342530,-0.1145965747,-0.1011351226,-0.1233997814,-0.1296017891,-0.0932623624
2025-11-06,3.7828864099,4.0367504203,3.6316996358,3.5309084530,4.5388202808,-0.1037116165,-0.0927629434,-0.1108715745,-0.1159158858,-0.0892923248
2025-11-07,3.8523138323,4.1013469795,3.7040493881,3.6052064252,4.5936360537,-0.0872620102,-0.0782452283,-0.0931585950,-0.0973128385,-0.0782936198
2025-11-10,3.8755511137,4.1085697855,3.7369079412,3.6444791596,4.5687669758,-0.0817563452,-0.0766219431,-0.0851140218,-0.0874795616,-0.0832835641
2025-11-11,3.9042766504,4.1426596708,3.7624223599,3.6678528329,4.6135481029,-0.0749503346,-0.0689604323,-0.0788674714,-0.0816271603,-0.0742982962
2025-11-12,3.8323875504,4.0821113595,3.6837020979,3.5845784628,4.5758148133,-0.0919831922,-0.0825683262,-0.0981401067,-0.1024777569,-0.0818694257
2025-11-13,3.8675930889,4.1356090349,3.7079377778,3.6015009037,4.6658696446,-0.0836418592,-0.0705450232,-0.0922066226,-0.0982406430,-0.0638000551
2025-11-14,3.8635122994,4.1299280597,3.7048163042,3.5990189741,4.6569922754,-0.0846087304,-0.0718217906,-0.0929708353,-0.0988620793,-0.0655812863
2025-11-17,3.8691149953,4.1291491766,3.7142517905,3.6110096539,4.6434310195,-0.0832812702,-0.0719968402,-0.0906607987,-0.0958598011,-0.0683023325
2025-11-18,3.8175777855,4.0715773755,3.6663207443,3.5654827169,4.5738629913,-0.0954921054,-0.0849357802,-0.1023954849,-0.1072590322,-0.0822610560
2025-11-19,3.8395657633,4.0806771907,3.6960528032,3.6003774965,4.5571305635,-0.0902824409,-0.0828906476,-0.0951163535,-0.0985219266,-0.0856183932
2025-11-20,3.8738058629,4.1115227463,3.7323416974,3.6380322537,4.5811266907,-0.0821698517,-0.0759582817,-0.0862319494,-0.0890937658,-0.0808036053
2025-11-21,3.7902562616,4.0497339741,3.6357018294,3.5326655412,4.5630284230,-0.1019654598,-0.0898449623,-0.1098917402,-0.1154759385,-0.0844349963
2025-11-24,3.7321638261,3.9930970075,3.5767170176,3.4730858119,4.5093978689,-0.1157294404,-0.1025738035,-0.1243326571,-0.1303937685,-0.0951958889
2025-11-25,3.7697722098,4.0205326229,3.6204443839,3.5208925000,4.5164113391,-0.1068187955,-0.0964078025,-0.1136271340,-0.1184237234,-0.0937886463
2025-11-26,3.8111715858,4.0670528806,3.6587828641,3.5571903830,4.5731151942,-0.0970099417,-0.0859526351,-0.1042409413,-0.1093353026,-0.0824111004
2025-11-27,3.8510827427,4.0845261781,3.7121767297,3.6195727211,4.5456128074,-0.0875536953,-0.0820256093,-0.0911688240,-0.0937157433,-0.0879294142
2025-11-28,3.8308246294,4.0752433527,3.6853234283,3.5883226276,4.5583306348,-0.0923534988,-0.0841118723,-0.0977431655,-0.1015402767,-0.0853776007
2025-12-01,3.9071215334,4.1407430885,3.7681265611,3.6754632463,4.6020963946,-0.0742762897,-0.0693911734,-0.0774709441,-0.0797216321,-0.0765960648
2025-12-02,3.9256627698,4.1639821714,3.7838535288,3.6893140348,4.6347089749,-0.0698832699,-0.0641683196,-0.0736205998,-0.0762536118,-0.0700523980
2025-12-03,3.8560185224,4.0939512357,3.7144190858,3.6200194615,4.5640157049,-0.0863842491,-0.0799073803,-0.0906198407,-0.0936038865,-0.0842368997
2025-12-04,3.8353931286,4.0751728035,3.6926783091,3.5975350961,4.5489672262,-0.0912710733,-0.0841277278,-0.0959425118,-0.0992336191,-0.0872563550
2025-12-05,3.8896767793,4.1191413963,3.7531717091,3.6621683289,4.5722021306,-0.0784095172,-0.0742460328,-0.0811322557,-0.0830504710,-0.0825943053
2025-12-08,3.9465351601,4.1859438722,3.8040786765,3.7091076874,4.6588175781,-0.0649379242,-0.0592325503,-0.0686689916,-0.0712975916,-0.0652150419
2025-12-09,4.0480235509,4.2855002838,3.9067594181,3.8125833296,4.7543442149,-0.0408920355,-0.0368578042,-0.0435302480,-0.0453889132,-0.0460477615
2025-12-10,4.0532374988,4.2857736029,3.9149409995,3.8227433333,4.7447199955,-0.0396566822,-0.0367963773,-0.0415271978,-0.0428450076,-0.0479788471
2025-12-11,4.0603595260,4.2973088845,3.9194159426,3.8254535537,4.7650774429,-0.0379692432,-0.0342038873,-0.0404316229,-0.0421664109,-0.0438941549
2025-12-12,4.0231380311,4.2565639335,3.8842977157,3.7917375054,4.7173396084,-0.0467882216,-0.0433610869,-0.0490294192,-0.0506083807,-0.0534726818
2025-12-15,4.0374107621,4.2623794207,3.9036520817,3.8144796280,4.7062041646,-0.0434065491,-0.0420540887,-0.0442909995,-0.0449141098,-0.0557069924
2025-12-16,3.9971742077,4.2102496463,3.8705423706,3.7861211458,4.6303333935,-0.0529398928,-0.0537699637,-0.0523970623,-0.0520146291,-0.0709303521
2025-12-17,3.9698984180,4.1683232634,3.8520528884,3.7734892019,4.5591260664,-0.0594024113,-0.0631926835,-0.0569237374,-0.0551774698,-0.0852179985
2025-12-18,4.0889116189,4.2887546254,3.9702529010,3.8911470891,4.6822052081,-0.0312043271,-0.0361264091,-0.0279854986,-0.0257177797,-0.0605223481
2025-12-19,4.0748771538,4.2762338440,3.9553052401,3.8755906309,4.6727367226,-0.0345295467,-0.0389403847,-0.0316450497,-0.0296128729,-0.0624221859
2025-12-22,4.0550339006,4.2576001234,3.9347295163,3.8545265935,4.6565558218,-0.0392310564,-0.0431282090,-0.0366824874,-0.0348869776,-0.0656688601
2025-12-23,4.1848923157,4.3733515398,4.0730982952,3.9985689483,4.7438624178,-0.0084633896,-0.0171137263,-0.0028064440,0.0000000000,-0.0481509188
2025-12-24,4.2884030245,4.4670527122,4.1825310637,4.1119497565,4.8177628284,0.0000000000,0.0000000000,0.0000000000,0.0000000000,-0.0333229091
2025-12-25,4.2956583742,4.4761976573,4.1886543767,4.1173183784,4.8306783614,0.0000000000,0.0000000000,0.0000000000,0.0000000000,-0.0307314262
2025-12-26,4.2666821080,4.4464030185,4.1601601049,4.0891454361,4.7992921237,-0.0067454773,-0.0066562384,-0.0068027269,-0.0068425465,-0.0370290291
2025-12-29,4.2304121912,4.4085755553,4.1248135849,4.0544145140,4.7584052228,-0.0151888668,-0.0151070411,-0.0152413606,-0.0152778723,-0.0452329262
2025-12-30,4.1971459110,4.3739082693,4.0923776902,4.0225322096,4.7209870152,-0.0229330302,-0.0228518479,-0.0229851112,-0.0230213358,-0.0527408350
2025-12-31,4.2556483834,4.4348745671,4.1494198369,4.0786008059,4.7867911160,-0.0093140532,-0.0092317394,-0.0093668602,-0.0094035897,-0.0395373381
2026-01-05,4.2400641490,4.4186340043,4.1342246127,4.0636649218,4.7692618307,-0.0129419568,-0.0128599444,-0.0129945704,-0.0130311654,-0.0430545636
2026-01-06,4.4426618109,4.6297640454,4.3317650769,4.2578339209,4.9971454810,0.0000000000,0.0000000000,0.0000000000,0.0000000000,0.0000000000
2026-01-07,4.5689392349,4.7613596298,4.4548903920,4.3788578300,5.1391834495,0.0000000000,0.0000000000,0.0000000000,0.0000000000,0.0000000000
2026-01-08,4.9416946114,5.1498135598,4.8183411318,4.7361054788,5.5584620093,0.0000000000,0.0000000000,0.0000000000,0.0000000000,0.0000000000
2026-01-09,4.9331191599,5.1408769541,4.8099797389,4.7278867915,5.5488162652,-0.0017353261,-0.0017353261,-0.0017353261,-0.0017353261,-0.0017353261
2026-01-12,4.9880581321,5.1981296752,4.8635473367,4.7805401397,5.6106121093,0.0000000000,0.0000000000,0.0000000000,0.0000000000,0.0000000000
2026-01-13,5.1853206400,5.4036998730,5.0558858218,4.9695959430,5.8324947311,0.0000000000,0.0000000000,0.0000000000,0.0000000000,0.0000000000
2026-01-14,5.0615573443,5.2881648435,4.9271432414,4.8375338394,5.7336278592,-0.0238680121,-0.0213807266,-0.0254639019,-0.0265740123,-0.0169510435
2026-01-15,5.0262134954,5.2306845357,4.9050770327,4.8243193909,5.6318958090,-0.0306841477,-0.0320179398,-0.0298283613,-0.0292330712,-0.0343933310
2026-01-16,5.2913667963,5.4957354365,5.1703768316,5.0897168552,5.8963166195,0.0000000000,0.0000000000,0.0000000000,0.0000000000,0.0000000000
2026-01-19,5.4304413604,5.6190015618,5.3189861245,5.2446826339,5.9877175398,0.0000000000,0.0000000000,0.0000000000,0.0000000000,0.0000000000
2026-01-20,5.3576323591,5.5436907523,5.2476556631,5.1743378658,5.9075158389,-0.0134075661,-0.0134028810,-0.0134105372,-0.0134125881,-0.0133943695
2026-01-21,5.3318195299,5.5109114175,5.2260166939,5.1554814699,5.8608337098,-0.0181609236,-0.0192365393,-0.0174787880,-0.0170079241,-0.0211906840
2026-01-22,5.5122146294,5.6967996243,5.4031720139,5.3304769369,6.0574277069,0.0000000000,0.0000000000,0.0000000000,0.0000000000,0.0000000000
2026-01-23,5.3255711348,5.5000638923,5.2225272481,5.1538313236,5.8407905685,-0.0338599832,-0.0345344307,-0.0334330955,-0.0331388008,-0.0357638834
2026-01-26,5.3745871184,5.5517513668,5.2699551981,5.2002005846,5.8977467197,-0.0249677344,-0.0254613585,-0.0246552979,-0.0244399054,-0.0263611874
2026-01-27,5.3094119125,5.4830184867,5.2068948382,5.1385501220,5.8219972840,-0.0367915131,-0.0375265327,-0.0363262867,-0.0360055614,-0.0388664024
2026-01-28,5.5034099951,5.6472305126,5.4188363144,5.3624538606,5.9262783984,-0.0015972953,-0.0087012209,0.0000000000,0.0000000000,-0.0216509903
2026-01-29,5.4833438294,5.6340399868,5.3946361255,5.3354976563,5.9268823488,-0.0052376045,-0.0110166482,-0.0044659383,-0.0050268413,-0.0215512862
2026-01-30,5.3580094762,5.5338606627,5.2541604983,5.1849278463,5.8772543659,-0.0279751722,-0.0286018418,-0.0303895166,-0.0331053691,-0.0297442000
2026-02-02,5.4154714897,5.5396405113,5.3426668094,5.2941303559,5.7794948913,-0.0175506845,-0.0275872636,-0.0140564321,-0.0127410895,-0.0458829769
2026-02-03,5.2564369614,5.3917343094,5.1769007200,5.1238765591,5.6541181682,-0.0464019791,-0.0535502975,-0.0446471494,-0.0444903225,-0.0665809908
2026-02-04,5.2886964692,5.4172661121,5.2132093527,5.1628846084,5.6661320516,-0.0405496112,-0.0490685175,-0.0379467010,-0.0372160316,-0.0645976600
2026-02-05,5.2393586544,5.3960995384,5.1469439388,5.0853341284,5.7014322322,-0.0495002451,-0.0527840377,-0.0501754177,-0.0516777840,-0.0587700740
2026-02-06,5.2826490742,5.4523864969,5.1824461495,5.1156441997,5.7836636975,-0.0416467011,-0.0429035851,-0.0436237877,-0.0460255076,-0.0451947630
2026-02-09,5.3569194109,5.5275318838,5.2562149914,5.1890787118,5.8604415081,-0.0281729267,-0.0297127776,-0.0300103774,-0.0323313083,-0.0325197771
2026-02-10,5.3931246942,5.5477052328,5.3020561859,5.2413438471,5.8484672354,-0.0216047348,-0.0261716053,-0.0215507762,-0.0225848122,-0.0344965688
2026-02-11,5.5351646059,5.6799229650,5.4500381021,5.3932870996,5.9607971247,0.0000000000,-0.0029624808,0.0000000000,0.0000000000,-0.0159524120
2026-02-12,5.4934817651,5.6406322685,5.4069058414,5.3491885590,5.9263613834,-0.0075305513,-0.0098594579,-0.0079141209,-0.0081765609,-0.0216372906
2026-02-13,5.5301862686,5.6404792156,5.4657484675,5.4227899335,5.8523752738,-0.0008994019,-0.0098863243,0.0000000000,0.0000000000,-0.0338514041
2026-02-24,5.7733179905,5.8084317104,5.7540897966,5.7412710007,5.8694589597,0.0000000000,0.0000000000,0.0000000000,0.0000000000,-0.0310311169
2026-02-25,5.7184503133,5.7251672226,5.7162517177,5.7147859873,5.7294432915,-0.0095036645,-0.0143351066,-0.0065758583,-0.0046130924,-0.0541458241
2026-02-26,5.7122059014,5.7408928117,5.6968162578,5.6865564954,5.7891541196,-0.0105852629,-0.0116277340,-0.0099535358,-0.0095300336,-0.0442883680
2026-02-27,5.6889590007,5.6849793440,5.6931723178,5.6959811959,5.6678924152,-0.0146118731,-0.0212539929,-0.0105868141,-0.0078884632,-0.0643070476
2026-03-02,5.7870730381,5.7373333006,5.8187885390,5.8399322063,5.6284955335,0.0000000000,-0.0122405519,0.0000000000,0.0000000000,-0.0708109439
2026-03-03,5.8366776943,5.7725404640,5.8770522140,5.9039685605,5.6348050957,0.0000000000,-0.0061791630,0.0000000000,0.0000000000,-0.0697693199
2026-03-04,5.5165572679,5.4825154236,5.5387622543,5.5535655786,5.4055323358,-0.0548463429,-0.0561108924,-0.0575611629,-0.0593504146,-0.1076191748
2026-03-05,5.5991167044,5.5408169581,5.6359106845,5.6604400046,5.4151468038,-0.0407014062,-0.0460734955,-0.0410310340,-0.0412482813,-0.1060319552
2026-03-06,5.5657494985,5.5253585097,5.5890835220,5.6046395377,5.4490793809,-0.0464182211,-0.0487348763,-0.0489988316,-0.0506996302,-0.1004301422
2026-03-09,5.4584766898,5.4484882839,5.4636752818,5.4671410098,5.4324837296,-0.0647973084,-0.0619691243,-0.0703374612,-0.0739888003,-0.1031698615
2026-03-10,5.5524801420,5.5449204241,5.5562082174,5.5586936010,5.5338397652,-0.0486916645,-0.0453670284,-0.0545926742,-0.0584818425,-0.0864373406
2026-03-11,5.5595040720,5.5984651027,5.5382979289,5.5241605001,5.6655347877,-0.0474882522,-0.0361485885,-0.0576401694,-0.0643309761,-0.0646962602
2026-03-12,5.5454088735,5.5743468037,5.5302980150,5.5202241093,5.6209631659,-0.0499031874,-0.0403008795,-0.0590013814,-0.0649977125,-0.0720544367
2026-03-13,5.4199597930,5.4591530662,5.3986403322,5.3844273584,5.5265570966,-0.0713964216,-0.0601330379,-0.0814033744,-0.0879986397,-0.0876396114
2026-03-16,5.3917242009,5.4386264600,5.3657646755,5.3484583253,5.5215218276,-0.0762340353,-0.0636669705,-0.0869972768,-0.0940909880,-0.0884708667
2026-03-17,5.4513575523,5.4892143561,5.4308533359,5.4171838582,5.5538786347,-0.0660170327,-0.0549575807,-0.0759222246,-0.0824504225,-0.0831291922
2026-03-18,5.4390538852,5.4964170608,5.4068328604,5.3853521771,5.6001590097,-0.0681250242,-0.0537175377,-0.0800093885,-0.0878419961,-0.0754889236
2026-03-19,5.3912232209,5.4647166447,5.3492979375,5.3213477485,5.6008496383,-0.0763198684,-0.0591751927,-0.0897991471,-0.0986829124,-0.0753749101
2026-03-20,5.4025165999,5.4845751789,5.3554533369,5.3240778283,5.6378329147,-0.0743849699,-0.0557562777,-0.0887517854,-0.0982204980,-0.0692694676
2026-03-23,5.3428103195,5.3718091494,5.3186438890,5.3025329354,5.4636424717,-0.0846144675,-0.0751704733,-0.0950150355,-0.1018697202,-0.0980259714
2026-03-24,5.2778982245,5.2910881170,5.2597497861,5.2476508272,5.3686404162,-0.0957358791,-0.0890676897,-0.1050360632,-0.1111655197,-0.1137095355
2026-03-25,5.3398913471,5.3702527954,5.3155231204,5.2992776359,5.4617324807,-0.0851145760,-0.0754384207,-0.0955460447,-0.1024210950,-0.0983412853
2026-03-26,5.3565312969,5.3880254106,5.3331060106,5.3174891530,5.4736577286,-0.0822636477,-0.0723786249,-0.0925542574,-0.0993364720,-0.0963725869
2026-03-27,5.3937441584,5.3828964585,5.3874223435,5.3832078003,5.4253532328,-0.0758879553,-0.0732616433,-0.0833121525,-0.0882052055,-0.1043470108
2026-03-30,5.4199371390,5.4554027843,5.3885974549,5.3677043322,5.5766355593,-0.0714003029,-0.0607786996,-0.0831122034,-0.0908311457,-0.0793723295
2026-03-31,5.5372545067,5.5995408519,5.4923509882,5.4624153092,5.7617720993,-0.0513002779,-0.0359633837,-0.0654581943,-0.0747892281,-0.0488087720
2026-04-01,5.5143642767,5.5919511960,5.4626290704,5.4281389329,5.7730403082,-0.0552220689,-0.0372700455,-0.0705154776,-0.0805948783,-0.0469485419
2026-04-02,5.5171053407,5.6042071244,5.4594138408,5.4209528409,5.8055628401,-0.0547524414,-0.0351600219,-0.0710625596,-0.0818120413,-0.0415795085
2026-04-03,5.4778766621,5.5515740240,5.4263189642,5.3919471655,5.7356651520,-0.0614735044,-0.0442215213,-0.0766937630,-0.0867249528,-0.0531186785
2026-04-07,5.4839666626,5.5247448798,5.4479066807,5.4238666927,5.6642665724,-0.0604301026,-0.0488405209,-0.0730205412,-0.0813185001,-0.0649056255
2026-04-08,5.5994294345,5.6323890798,5.5742686994,5.5574948760,5.7252331098,-0.0406478261,-0.0303081175,-0.0515196230,-0.0586848797,-0.0548408686
2026-04-09,5.6699046995,5.6997764082,5.6506879016,5.6378767031,5.7659886885,-0.0285732747,-0.0187064784,-0.0385166414,-0.0450699990,-0.0481126697
2026-04-10,5.6813280563,5.7153678681,5.6625968170,5.6501093242,5.7749842525,-0.0266161070,-0.0160221979,-0.0364902998,-0.0429980671,-0.0466276228
2026-04-13,5.5968847737,5.6529170903,5.5667899707,5.5467267687,5.7473587885,-0.0410838037,-0.0267739431,-0.0527921536,-0.0605087558,-0.0511882161
2026-04-14,5.7216538231,5.7517349497,5.7073090742,5.6977459083,5.7933775675,-0.0197070795,-0.0097611134,-0.0288823603,-0.0349294970,-0.0435911334
2026-04-15,5.8227119251,5.8858101198,5.7886012147,5.7658607411,5.9932654772,-0.0023927600,0.0000000000,-0.0150502320,-0.0233923704,-0.0105923228
2026-04-16,5.7222115155,5.7816532729,5.6902316440,5.6689117297,5.8821108730,-0.0196115298,-0.0176962635,-0.0317881419,-0.0398133609,-0.0289424558
2026-04-17,5.7537889414,5.8015655219,5.7288363171,5.7122012343,5.8785520628,-0.0142013586,-0.0143131695,-0.0252194283,-0.0324810886,-0.0295299676
2026-04-20,5.7728748646,5.8007918793,5.7598633245,5.7511889645,5.8379325650,-0.0109313608,-0.0144446115,-0.0199400797,-0.0258774406,-0.0362357014
2026-04-21,5.7683705734,5.7924059711,5.7576875983,5.7505656149,5.8217854489,-0.0117030826,-0.0158693785,-0.0203102868,-0.0259830221,-0.0389013736
2026-04-22,5.7204287771,5.7386960981,5.7131792024,5.7083461527,5.7566766501,-0.0199169670,-0.0249946938,-0.0278835385,-0.0331340531,-0.0496499622
2026-04-23,5.8523678095,5.8561502209,5.8539044695,5.8549289095,5.8446845094,0.0000000000,-0.0050392212,-0.0039386658,-0.0083062182,-0.0351210461
2026-04-24,5.7832062427,5.7744249307,5.7922443043,5.7982696787,5.7380159347,-0.0118177068,-0.0189243599,-0.0144303482,-0.0179030225,-0.0527305958
2026-04-27,5.8680411130,5.8178373350,5.9020148192,5.9246639567,5.6981725819,0.0000000000,-0.0115485861,0.0000000000,0.0000000000,-0.0593081985
2026-04-28,6.1362501386,6.0474694884,6.1935696164,6.2317826016,5.8496527496,0.0000000000,0.0000000000,0.0000000000,0.0000000000,-0.0343008563
2026-04-29,6.0786191012,6.0070492951,6.1255633674,6.1568595449,5.8438977701,-0.0093918983,-0.0066838193,-0.0109801380,-0.0120227327,-0.0352509262
2026-04-30,6.2510975602,6.1388484018,6.3225881553,6.3702485521,5.8936445846,0.0000000000,0.0000000000,0.0000000000,0.0000000000,-0.0270383949
2026-05-06,6.5596680430,6.4029271054,6.6580834694,6.7236937536,6.0675909112,0.0000000000,0.0000000000,0.0000000000,0.0000000000,0.0000000000
2026-05-07,6.5920577344,6.4593411632,6.6760639850,6.7320681520,6.1720264818,0.0000000000,0.0000000000,0.0000000000,0.0000000000,0.0000000000
2026-05-08,6.6095785988,6.4761202634,6.6940417927,6.7503505886,6.1872626296,0.0000000000,0.0000000000,0.0000000000,0.0000000000,0.0000000000
2026-05-11,6.5611408709,6.4230476068,6.6483565162,6.7065002798,6.1250626442,-0.0073284139,-0.0081951314,-0.0068247671,-0.0064960046,-0.0100529086
2026-05-12,6.7828628908,6.6264755888,6.8812111552,6.9467766647,6.2911215693,0.0000000000,0.0000000000,0.0000000000,0.0000000000,0.0000000000
2026-05-13,7.1312767641,6.9241320099,7.2603392701,7.3463809407,6.4859642345,0.0000000000,0.0000000000,0.0000000000,0.0000000000,0.0000000000
2026-05-14,7.3717032095,7.0645123575,7.5610149447,7.6872227681,6.4251445337,0.0000000000,0.0000000000,0.0000000000,0.0000000000,-0.0093771255
2026-05-15,7.1507590244,6.8483409514,7.3370602014,7.4612609861,6.2192531392,-0.0299719317,-0.0305996218,-0.0296196668,-0.0293944626,-0.0411212714
2026-05-18,7.3510878062,6.9885453535,7.5736331073,7.7219966413,6.2383613009,-0.0027965590,-0.0107533259,0.0000000000,0.0000000000,-0.0381751926
2026-05-19,7.3396580443,6.9597426183,7.5726309969,7.7279462987,6.1747932809,-0.0043470504,-0.0148304276,-0.0001323157,0.0000000000,-0.0479760514
2026-05-20,7.5931253566,7.1544321528,7.8615681770,8.0405300573,6.2509112546,0.0000000000,0.0000000000,0.0000000000,0.0000000000,-0.0362402522
2026-05-21,8.0019007689,7.4705223435,8.3262810596,8.5425345868,6.3799993151,0.0000000000,0.0000000000,0.0000000000,0.0000000000,-0.0163375738
2026-05-22,7.5711847972,7.1416789416,7.8340949515,8.0093683876,6.2566340261,-0.0538267074,-0.0440187964,-0.0591123582,-0.0624131157,-0.0353579206
2026-05-25,7.4918915791,7.0553503246,7.7589759491,7.9370321958,6.1564697290,-0.0637360053,-0.0555746974,-0.0681342734,-0.0708808826,-0.0508011598
2026-05-26,7.6726398375,7.1831268509,7.9716593457,8.1710056845,6.1775422966,-0.0411478399,-0.0384706021,-0.0425906490,-0.0434916474,-0.0475522107
2026-05-27,7.4669780184,7.0274824578,7.7358206815,7.9150491236,6.1227647027,-0.0668494606,-0.0593050747,-0.0709152590,-0.0734542491,-0.0559977697
2026-05-28,7.2720058623,6.8709389675,7.5176394348,7.6813951498,6.0438379997,-0.0912151910,-0.0802599000,-0.0971191843,-0.1008060814,-0.0681666162
2026-05-29,7.3133349334,6.8698592037,7.5844683012,7.7652238798,5.9576680941,-0.0860502842,-0.0804044366,-0.0890929279,-0.0909929833,-0.0814522130
2026-06-01,7.1029569248,6.7388287661,7.3262932042,7.4751840572,5.9862755275,-0.1123412887,-0.0979440987,-0.1201001802,-0.1249454151,-0.0770415452
2026-06-02,6.8275687058,6.5207724749,7.0162893029,7.1421030344,5.8839657199,-0.1467566391,-0.1271329935,-0.1573321567,-0.1639363046,-0.0928155773
2026-06-03,6.8796906258,6.5352054422,7.0910830412,7.2320113181,5.8227285489,-0.1402429467,-0.1252010045,-0.1483493062,-0.1534115262,-0.1022570680
2026-06-04,6.9000476781,6.5490560715,7.1153614294,7.2589039302,5.8234789219,-0.1376989196,-0.1233469669,-0.1454334320,-0.1502634427,-0.1021413762
2026-06-05,7.1914440004,6.7514018981,7.4604356340,7.6397633897,5.8464858327,-0.1012830316,-0.0962610661,-0.1039894545,-0.1056795484,-0.0985941918
2026-06-08,6.8149269583,6.4508757095,7.0380295993,7.1867646934,5.6994137529,-0.1483364822,-0.1364893360,-0.1547211115,-0.1587081538,-0.1212696298
2026-06-09,7.0989911985,6.6467727187,7.3752364167,7.5593998955,5.7177651074,-0.1128368867,-0.1102666704,-0.1142220201,-0.1150870016,-0.1184402348
2026-06-10,7.2005347217,6.7317587379,7.4867912994,7.6776290179,5.7692518332,-0.1001469614,-0.0988904887,-0.1008240959,-0.1012469496,-0.1105020588
2026-06-11,7.2131348588,6.7709285297,7.4834405527,7.6636443486,5.8616063895,-0.0985723184,-0.0936472420,-0.1012265261,-0.1028840129,-0.0962629183
2026-06-12,7.6306250432,7.0916315170,7.9593377336,8.1784795272,5.9870615911,-0.0463984416,-0.0507181170,-0.0440704948,-0.0426167499,-0.0769203507
2026-06-15,7.3650996291,6.9386243979,7.6260553216,7.8000257832,6.0603211669,-0.0795812343,-0.0711995656,-0.0840982586,-0.0869190281,-0.0656252567
2026-06-16,7.6713739546,7.1620272610,7.9823057704,8.1895936476,6.1167148755,-0.0413060376,-0.0412949816,-0.0413119959,-0.0413157167,-0.0569305265
2026-06-17,7.6480136577,7.1065076093,7.9782468127,8.1984022493,5.9968478831,-0.0442253811,-0.0487268115,-0.0417994834,-0.0402845706,-0.0754115092
2026-06-18,7.9678596482,7.3111759049,8.3674825220,8.6338977712,5.9697452790,-0.0042541293,-0.0213300264,0.0000000000,0.0000000000,-0.0795901637
2026-06-22,8.1351268912,7.3974131065,8.5835293754,8.8824643649,5.8931144703,0.0000000000,-0.0097863621,0.0000000000,0.0000000000,-0.0914050314
2026-06-23,8.2734877010,7.5687634229,8.7021650540,8.9879499561,6.1301009356,0.0000000000,0.0000000000,0.0000000000,0.0000000000,-0.0548666761
2026-06-24,8.1770258328,7.5020721549,8.5877586770,8.8615805731,6.1233616119,-0.0116591541,-0.0088113823,-0.0131468866,-0.0140598672,-0.0559057388
2026-06-25,8.6905761342,7.8368598487,9.2090170821,9.5546443807,6.0983713947,0.0000000000,0.0000000000,0.0000000000,0.0000000000,-0.0597587075
2026-06-26,8.9467330316,8.0674710949,9.4806846949,9.8366524704,6.2769747152,0.0000000000,0.0000000000,0.0000000000,0.0000000000,-0.0322218119
2026-06-29,8.9765646575,8.0050585869,9.5659422448,9.9588606364,6.0296767208,0.0000000000,-0.0077363163,0.0000000000,0.0000000000,-0.0703499892
2026-06-30,9.6602418645,8.5791054478,10.3159139234,10.7530286293,6.3818815701,0.0000000000,0.0000000000,0.0000000000,0.0000000000,-0.0160473695
2026-07-01,9.8285612379,8.6472197027,10.5445311166,11.0218443691,6.2487118443,0.0000000000,0.0000000000,0.0000000000,0.0000000000,-0.0365793553
2026-07-02,9.4368855405,8.4862470697,10.0140285527,10.3987905609,6.5511704792,-0.0398507663,-0.0186155364,-0.0503106831,-0.0565289971,0.0000000000
2026-07-03,9.2995692281,8.4162552702,9.8361843577,10.1939277774,6.6164935803,-0.0538219173,-0.0267096755,-0.0671766958,-0.0751159755,0.0000000000
2026-07-06,9.1839345892,8.3513254132,9.6900186003,10.0274079410,6.6535145338,-0.0655870817,-0.0342184309,-0.0810384556,-0.0902241399,0.0000000000
2026-07-07,9.1034606984,8.3202729115,9.5798073436,9.8973717737,6.7217274725,-0.0737748407,-0.0378094697,-0.0914904383,-0.1020221805,0.0000000000
2026-07-08,9.2937405147,8.3809577243,9.8480523281,10.2175935371,6.5221814474,-0.0544149556,-0.0307916287,-0.0660511862,-0.0729688068,-0.0296867176
2026-07-09,9.5540939787,8.5244713205,10.1787551803,10.5951959814,6.4307879704,-0.0279254768,-0.0141951270,-0.0346886867,-0.0387093460,-0.0432834421
2026-07-10,10.0477205623,8.8781313364,10.7567740305,11.2294763427,6.5024532211,0.0000000000,0.0000000000,0.0000000000,0.0000000000,-0.0326217111
2026-07-13,9.3979960499,8.4585269102,9.9684048864,10.3486774441,6.5459518671,-0.0646638716,-0.0472626964,-0.0732904811,-0.0784363288,-0.0261503618
2026-07-14,9.5030428962,8.5203583075,10.0994774875,10.4971005483,6.5208699400,-0.0542090778,-0.0402982357,-0.0611053594,-0.0652190514,-0.0298818322
2026-07-15,9.3465466093,8.4784393251,9.8922016711,10.2559717123,6.6182713002,-0.0697843803,-0.0450198354,-0.0803746883,-0.0866918991,-0.0153913072
2026-07-16,8.8246235375,8.1822397437,9.2331856933,9.5055604638,6.7818127585,-0.1217288058,-0.0783826648,-0.1416398944,-0.1535170320,0.0000000000
2026-07-17,8.4026018098,7.8837946238,8.7356848748,8.9577402515,6.7371864848,-0.1637305439,-0.1119984234,-0.1878898962,-0.2023011601,-0.0065802869
2026-07-20,8.1647815421,7.6410021250,8.4878765994,8.7032733042,6.5493062558,-0.1873996205,-0.1393456759,-0.2109273119,-0.2249617846,-0.0342838281
2026-07-21,7.9578316575,7.5842828062,8.1983372172,8.3586742571,6.7553038586,-0.2079963203,-0.1457343309,-0.2378442464,-0.2556487941,-0.0039088221
2026-07-22,8.4780211193,7.9271193286,8.8372199901,9.0766859039,6.6820267654,-0.1562244325,-0.1071184883,-0.1784507172,-0.1917088895,-0.0147137641
2026-07-23,8.4574282012,7.9455957043,8.7965943523,9.0227051197,6.7615974456,-0.1582739440,-0.1050373774,-0.1822274664,-0.1965159510,-0.0029808126
2026-07-24,8.1676029811,7.7511020011,8.4409549027,8.6231895171,6.8008433730,-0.1871188166,-0.1269444315,-0.2152893722,-0.2320933538,0.0000000000
2026-07-27,8.3612607274,7.8377306079,8.6955408011,8.9183941836,6.6898603586,-0.1678450176,-0.1171869044,-0.1916218769,-0.2058049804,-0.0163190076
2026-07-28,8.5428863086,7.9654300255,8.9053739542,9.1470323845,6.7304480811,-0.1497687206,-0.1028033126,-0.1721148061,-0.1854444406,-0.0103509650
2026-07-29,8.3153287169,7.8156161573,8.6243912771,8.8304329840,6.7700159155,-0.1724164038,-0.1196777947,-0.1982362693,-0.2136380438,-0.0045328874
2026-07-30,8.2029265109,7.7341965485,8.4909187758,8.6829136190,6.7629651867,-0.1836032402,-0.1288485994,-0.2106444970,-0.2267748420,-0.0055696307
2026-07-31,8.2117800877,7.7634698379,8.4957871635,8.6851252141,6.7917447083,-0.1827220874,-0.1255513639,-0.2101919089,-0.2265778965,-0.0013378730
2026-08-03,7.9830621980,7.5972702840,8.2202388689,8.3783566496,6.7971788430,-0.2054852493,-0.1442714693,-0.2358081665,-0.2538960505,-0.0005388346
2026-08-04,7.6718136866,7.3838022268,7.8507510891,7.9700426908,6.7771266741,-0.2364622763,-0.1683157247,-0.2701574778,-0.2902569588,-0.0034873173
2026-08-05,7.8636457482,7.4758701716,8.1004654030,8.2583451729,6.6795474740,-0.2173701787,-0.1579455306,-0.2469428678,-0.2645832343,-0.0178354202
2026-08-06,7.9853415772,7.6274457655,8.2140517538,8.3665252049,6.8417906940,-0.2052583939,-0.1408726142,-0.2363833496,-0.2549496566,0.0000000000
2026-08-07,8.2168598963,7.7535099180,8.5141027253,8.7122646113,6.7306457515,-0.1822165191,-0.1266732126,-0.2084892086,-0.2241610966,-0.0162450077
2026-08-10,8.4000419734,7.9283253160,8.7087908111,8.9146233696,6.8562977847,-0.1639853118,-0.1069826503,-0.1903900941,-0.2061407765,0.0000000000
2026-08-11,8.5012703338,8.0057498258,8.8233113590,9.0380053758,6.8910652080,-0.1539105530,-0.0982618388,-0.1797437286,-0.1951534426,0.0000000000
2026-08-12,8.4741558167,7.9636273047,8.8009217988,9.0187657868,6.8403259066,-0.1566091270,-0.1030063644,-0.1818251667,-0.1968667539,-0.0073630563
2026-08-13,8.5419779772,8.0436854369,8.8698224565,9.0883854427,6.9027555808,-0.1498591223,-0.0939889114,-0.1754198395,-0.1906670298,0.0000000000
2026-08-14,8.5323078306,8.0267339325,8.8580551937,9.0752201024,6.9035710154,-0.1508215443,-0.0958982664,-0.1765137793,-0.1918394211,0.0000000000
2026-08-17,8.5556938015,8.0444334327,8.8848218895,9.1042406148,6.9100533614,-0.1484940541,-0.0939046599,-0.1740254221,-0.1892551053,0.0000000000
2026-08-18,8.7417424645,8.2099358545,9.0928495928,9.3269210116,6.9862068231,-0.1299775496,-0.0752630769,-0.1546861943,-0.1694251159,0.0000000000
2026-08-19,8.7303668522,8.2182218159,9.0697121788,9.2959423966,7.0336402188,-0.1311097081,-0.0743297768,-0.1568371565,-0.1721838033,0.0000000000
2026-08-20,8.7976831762,8.2757351930,9.1362024901,9.3618820327,7.1050866068,-0.1244100469,-0.0678516819,-0.1506559063,-0.1663117899,0.0000000000
2026-08-21,8.8470702993,8.3237353871,9.1822619385,9.4057230314,7.1711121028,-0.1194947904,-0.0624451169,-0.1463740047,-0.1624076899,0.0000000000
2026-08-24,8.7564166205,8.2569359085,9.0825614545,9.2999913439,7.1256924504,-0.1285171033,-0.0699691640,-0.1556426277,-0.1718232391,-0.0063336972
2026-08-25,8.6197824538,8.1233874929,8.9316259651,9.1395216393,7.0605648974,-0.1421156271,-0.0850115655,-0.1696742964,-0.1861132825,-0.0154156292
