date,base_return,risk_exposure,exposure_turnover,overlay_cost,managed_return,managed_equity,base_equity
2020-01-02,0.0000000000,1.0000000000,1.0000000000,0.0012000000,-0.0012000000,0.9988000000,1.0000000000
2020-01-03,0.0000000000,1.0000000000,0.0000000000,0.0000000000,0.0000000000,0.9988000000,1.0000000000
2020-01-06,-0.0055445125,1.0000000000,0.0000000000,0.0000000000,-0.0055445125,0.9932621409,0.9944554875
2020-01-07,0.0055753553,1.0000000000,0.0000000000,0.0000000000,0.0055753553,0.9987999303,0.9999999302
2020-01-08,-0.0063216177,1.0000000000,0.0000000000,0.0000000000,-0.0063216177,0.9924858989,0.9936783129
2020-01-09,-0.0028235462,1.0000000000,0.0000000000,0.0000000000,-0.0028235462,0.9896835692,0.9908726163
2020-01-10,0.0117322462,1.0000000000,0.0000000000,0.0000000000,0.0117322462,1.0012947805,1.0024977778
2020-01-13,-0.0080041646,1.0000000000,0.0000000000,0.0000000000,-0.0080041646,0.9932802523,0.9944736206
2020-01-14,0.0176462327,1.0000000000,0.0000000000,0.0000000000,0.0176462327,1.0108079067,1.0120223335
2020-01-15,-0.0090279806,1.0000000000,0.0000000000,0.0000000000,-0.0090279806,1.0016823525,1.0028858155
2020-01-16,0.0027075194,1.0000000000,0.0000000000,0.0000000000,0.0027075194,1.0043944269,1.0056011483
2020-01-17,-0.0058566709,1.0000000000,0.0000000000,0.0000000000,-0.0058566709,0.9985120193,0.9997116733
2020-01-20,0.0054607468,1.0000000000,0.0000000000,0.0000000000,0.0054607468,1.0039646406,1.0051708456
2020-01-21,0.0038257260,1.0000000000,0.0000000000,0.0000000000,0.0038257260,1.0078055342,1.0090163538
2020-01-22,-0.0265590136,1.0000000000,0.0000000000,0.0000000000,-0.0265590136,0.9810392133,0.9822178747
2020-01-23,-0.0011009856,1.0000000000,0.0000000000,0.0000000000,-0.0011009856,0.9799591032,0.9811364670
2020-02-03,-0.1310316817,1.0000000000,0.0000000000,0.0000000000,-0.1310316817,0.8515534140,0.8525765058
2020-02-04,-0.0014185165,1.0000000000,0.0000000000,0.0000000000,-0.0014185165,0.8503454715,0.8513671120
2020-02-05,0.0479667339,1.0000000000,0.0000000000,0.0000000000,0.0479667339,0.8911337664,0.8922044117
2020-02-06,0.0182136313,1.0000000000,0.0000000000,0.0000000000,0.0182136313,0.9073645483,0.9084546939
2020-02-07,0.0015454587,1.0000000000,0.0000000000,0.0000000000,0.0015454587,0.9087668427,0.9098586731
2020-02-10,-0.0036613643,1.0000000000,0.0000000000,0.0000000000,-0.0036613643,0.9054395162,0.9065273490
2020-02-11,0.0305490265,1.0000000000,0.0000000000,0.0000000000,0.0305490265,0.9330998119,0.9342208770
2020-02-12,-0.0056703639,1.0000000000,0.0000000000,0.0000000000,-0.0056703639,0.9278087965,0.9289235047
2020-02-13,0.0171439696,1.0000000000,0.0000000000,0.0000000000,0.0171439696,0.9437151223,0.9448489410
2020-02-14,-0.0077780713,1.0000000000,0.0000000000,0.0000000000,-0.0077780713,0.9363748388,0.9374998386
2020-02-17,0.0051087605,1.0000000000,0.0000000000,0.0000000000,0.0051087605,0.9411585535,0.9422893007
2020-02-18,0.0254387231,1.0000000000,0.0000000000,0.0000000000,0.0254387231,0.9651004254,0.9662599373
2020-02-19,-0.0043074243,1.0000000000,0.0000000000,0.0000000000,-0.0043074243,0.9609433284,0.9620978458
2020-02-20,0.0046274363,1.0000000000,0.0000000000,0.0000000000,0.0046274363,0.9653900324,0.9665498923
2020-02-21,0.0204520796,0.6500000000,0.3500000000,0.0004200000,0.0128738517,0.9778183206,0.9863178476
2020-02-24,-0.0054194472,0.6500000000,0.0000000000,0.0000000000,-0.0035226407,0.9743738180,0.9809725501
2020-02-25,-0.0242445849,0.6500000000,0.0000000000,0.0000000000,-0.0157589802,0.9590186803,0.9571892778
2020-02-26,-0.0094162206,0.6500000000,0.0000000000,0.0000000000,-0.0061205434,0.9531489648,0.9481761724
2020-02-27,0.0069566242,0.6500000000,0.0000000000,0.0000000000,0.0045218057,0.9574589193,0.9547722777
2020-02-28,-0.0176044729,0.6500000000,0.0000000000,0.0000000000,-0.0114429074,0.9465028055,0.9379640150
2020-03-02,-0.0174221871,0.6500000000,0.0000000000,0.0000000000,-0.0113244216,0.9357842087,0.9216226304
2020-03-03,0.0285736483,0.6500000000,0.0000000000,0.0000000000,0.0185728714,0.9531644084,0.9479567513
2020-03-04,-0.0133042738,0.6500000000,0.0000000000,0.0000000000,-0.0086477780,0.9449216542,0.9353448751
2020-03-05,0.0135337973,0.6500000000,0.0000000000,0.0000000000,0.0087969682,0.9532341000,0.9480036430
2020-03-06,0.0078683339,0.6500000000,0.0000000000,0.0000000000,0.0051144170,0.9581093367,0.9554628522
2020-03-09,-0.0273376914,0.6500000000,0.0000000000,0.0000000000,-0.0177694994,0.9410842134,0.9293427036
2020-03-10,-0.0234053109,0.6500000000,0.0000000000,0.0000000000,-0.0152134521,0.9267670738,0.9075911487
2020-03-11,0.0259924332,0.6500000000,0.0000000000,0.0000000000,0.0168950816,0.9424248791,0.9311816510
2020-03-12,-0.0170196609,0.6500000000,0.0000000000,0.0000000000,-0.0110627796,0.9319990404,0.9153332551
2020-03-13,-0.0376459823,0.6500000000,0.0000000000,0.0000000000,-0.0244698885,0.9091931279,0.8808746356
2020-03-16,0.0283234826,0.6500000000,0.0000000000,0.0000000000,0.0184102637,0.9259316131,0.9058240730
2020-03-17,-0.0353382902,0.6500000000,0.0000000000,0.0000000000,-0.0229698887,0.9046630670,0.8738137990
2020-03-18,-0.0091864289,0.6500000000,0.0000000000,0.0000000000,-0.0059711788,0.8992611621,0.8657865707
2020-03-19,-0.0275239952,0.6500000000,0.0000000000,0.0000000000,-0.0178905969,0.8831728432,0.8419566653
2020-03-20,-0.0024409849,0.6500000000,0.0000000000,0.0000000000,-0.0015866402,0.8817715657,0.8399014618
2020-03-23,-0.0213055370,0.6500000000,0.0000000000,0.0000000000,-0.0138485991,0.8695602648,0.8220069101
2020-03-24,0.0120362914,0.6500000000,0.0000000000,0.0000000000,0.0078235894,0.8763633473,0.8319008248
2020-03-25,0.0208060226,0.6500000000,0.0000000000,0.0000000000,0.0135239147,0.8882152104,0.8492093722
2020-03-26,-0.0008931816,0.6500000000,0.0000000000,0.0000000000,-0.0005805681,0.8876995411,0.8484508740
2020-03-27,0.0183147271,0.6500000000,0.0000000000,0.0000000000,0.0119045726,0.8982672247,0.8639900202
2020-03-30,-0.0194306092,0.6500000000,0.0000000000,0.0000000000,-0.0126298960,0.8869222031,0.8472021678
2020-03-31,0.0085857286,0.6500000000,0.0000000000,0.0000000000,0.0055807236,0.8918718708,0.8544760157
2020-04-01,-0.0089691130,0.6500000000,0.0000000000,0.0000000000,-0.0058299234,0.8866723261,0.8468121238
2020-04-02,0.0008628744,0.6500000000,0.0000000000,0.0000000000,0.0005608684,0.8871696325,0.8475428163
2020-04-03,0.0172105351,0.6500000000,0.0000000000,0.0000000000,0.0111868478,0.8970942642,0.8621294817
2020-04-07,0.0121892064,0.6500000000,0.0000000000,0.0000000000,0.0079229842,0.9042019279,0.8726381559
2020-04-08,-0.0079421868,0.6500000000,0.0000000000,0.0000000000,-0.0051624214,0.8995340565,0.8657075007
2020-04-09,-0.0010413979,0.6500000000,0.0000000000,0.0000000000,-0.0006769087,0.8989251541,0.8648059547
2020-04-10,-0.0104505423,0.6500000000,0.0000000000,0.0000000000,-0.0067928525,0.8928188881,0.8557682635
2020-04-13,-0.0111017177,0.6500000000,0.0000000000,0.0000000000,-0.0072161165,0.8863762030,0.8462677658
2020-04-14,0.0002678581,0.6500000000,0.0000000000,0.0000000000,0.0001741078,0.8865305280,0.8464944455
2020-04-15,0.0116111539,0.6500000000,0.0000000000,0.0000000000,0.0075472500,0.8932213956,0.8563232228
2020-04-16,-0.0118958645,0.6500000000,0.0000000000,0.0000000000,-0.0077323119,0.8863147291,0.8461365178
2020-04-17,0.0059967112,0.6500000000,0.0000000000,0.0000000000,0.0038978623,0.8897694619,0.8512105541
2020-04-20,0.0007871111,0.6500000000,0.0000000000,0.0000000000,0.0005116222,0.8902246877,0.8518805514
2020-04-21,0.0101274128,0.6500000000,0.0000000000,0.0000000000,0.0065828183,0.8960848751,0.8605078974
2020-04-22,-0.0093056958,0.6500000000,0.0000000000,0.0000000000,-0.0060487022,0.8906647245,0.8525002727
2020-04-23,-0.0010933639,0.6500000000,0.0000000000,0.0000000000,-0.0007106865,0.8900317411,0.8515681797
2020-04-24,-0.0052327226,0.6500000000,0.0000000000,0.0000000000,-0.0034012697,0.8870045031,0.8471121596
2020-04-27,-0.0001565008,0.6500000000,0.0000000000,0.0000000000,-0.0001017255,0.8869142721,0.8469795859
2020-04-28,0.0081560488,0.6500000000,0.0000000000,0.0000000000,0.0053014317,0.8916161875,0.8538875927
2020-04-29,-0.0046408598,0.8109791677,0.1609791677,0.0001931750,-0.0039568156,0.8880882267,0.8499248201
2020-04-30,0.0190463732,0.8105061694,0.0004729983,0.0000005676,0.0154366354,0.9017973208,0.8661128054
2020-05-06,-0.0069895461,0.8595626611,0.0490564917,0.0000588678,-0.0060668207,0.8963262782,0.8600590700
2020-05-07,0.0081676296,0.8682864142,0.0087237531,0.0000104685,0.0070813733,0.9026734992,0.8670837139
2020-05-08,-0.0015400755,0.8661927730,0.0020936412,0.0000025124,-0.0013365147,0.9014670628,0.8657483395
2020-05-11,0.0042251152,0.8664254757,0.0002327027,0.0000002792,0.0036604682,0.9047668544,0.8694062260
2020-05-12,0.0028676550,0.8948756541,0.0284501783,0.0000341402,0.0025320544,0.9070577733,0.8718993831
2020-05-13,-0.0092298215,0.8950855045,0.0002098505,0.0000002518,-0.0082617313,0.8995639057,0.8638519074
2020-05-14,-0.0090606610,0.9035952522,0.0085097476,0.0000102117,-0.0081973820,0.8921898367,0.8560248381
2020-05-15,-0.0134638071,0.9030182195,0.0005770327,0.0000006924,-0.0121587556,0.8813419186,0.8444994848
2020-05-18,-0.0061151054,0.8999169777,0.0031012418,0.0000037215,-0.0055068087,0.8764885372,0.8393352814
2020-05-19,0.0020388109,0.9240642095,0.0241472318,0.0000289767,0.0018550155,0.8781144371,0.8410465273
2020-05-20,0.0004248591,0.9236107607,0.0004534488,0.0000005441,0.0003918603,0.8784585353,0.8414038536
2020-05-21,0.0057910983,0.9249604123,0.0013496516,0.0000016196,0.0053549171,0.8831626079,0.8462765060
2020-05-22,-0.0159116957,0.9409078242,0.0159474119,0.0000191369,-0.0149905758,0.8699234918,0.8328108118
2020-05-25,-0.0305941358,0.9347957970,0.0061120272,0.0000073344,-0.0286066040,0.8450379350,0.8073316847
2020-05-26,0.0046157500,0.9238507338,0.0109450632,0.0000131341,0.0042511299,0.8486303010,0.8110581259
2020-05-27,0.0011528140,0.9236552824,0.0001954514,0.0000002345,0.0010645682,0.8495337259,0.8119931251
2020-05-28,0.0004227170,0.9262818161,0.0026265337,0.0000031518,0.0003884032,0.8498636875,0.8123363684
2020-05-29,0.0068065314,0.9340333308,0.0077515147,0.0000093018,0.0063482254,0.8552588138,0.8178655614
2020-06-01,0.0028978386,0.9396107401,0.0055774093,0.0000066929,0.0027161474,0.8575818227,0.8202356038
2020-06-02,0.0202035902,0.9744058088,0.0347950686,0.0000417541,0.0196447416,0.8744287960,0.8368073078
2020-06-03,0.0308847373,0.9599960951,0.0144097137,0.0000172917,0.0296319356,0.9003398138,0.8626518817
2020-06-04,-0.0093259573,0.9297646367,0.0302314584,0.0000362778,-0.0087072230,0.8925003542,0.8546068271
2020-06-05,-0.0011315718,0.9308147411,0.0010501044,0.0000012601,-0.0010545439,0.8915591734,0.8536397781
2020-06-08,0.0096832719,0.9550321425,0.0242174014,0.0000290609,0.0092187751,0.8997782569,0.8619058042
2020-06-09,0.0133023626,0.9699492551,0.0149171126,0.0000179005,0.0128847161,0.9113716443,0.8733711877
2020-06-10,-0.0021570426,0.9912416951,0.0212924400,0.0000255509,-0.0021637015,0.9093997081,0.8714872888
2020-06-11,-0.0084162588,1.0000000000,0.0087583049,0.0000105100,-0.0084267688,0.9017364070,0.8641526262
2020-06-12,-0.0242746157,1.0000000000,0.0000000000,0.0000000000,-0.0242746157,0.8798471023,0.8431756533
2020-06-15,0.0049838539,1.0000000000,0.0000000000,0.0000000000,0.0049838539,0.8842321317,0.8473779176
2020-06-16,0.0050654304,1.0000000000,0.0000000000,0.0000000000,0.0050654304,0.8887111481,0.8516702515
2020-06-17,0.0057336751,1.0000000000,0.0000000000,0.0000000000,0.0057336751,0.8938067290,0.8565534520
2020-06-18,-0.0001825023,1.0000000000,0.0000000000,0.0000000000,-0.0001825023,0.8936436072,0.8563971290
2020-06-19,0.0197536872,1.0000000000,0.0000000000,0.0000000000,0.0197536872,0.9112963635,0.8733141300
2020-06-22,-0.0024525803,1.0000000000,0.0000000000,0.0000000000,-0.0024525803,0.9090613360,0.8711722570
2020-06-23,-0.0048298916,1.0000000000,0.0000000000,0.0000000000,-0.0048298916,0.9046706683,0.8669645894
2020-06-24,0.0049817829,1.0000000000,0.0000000000,0.0000000000,0.0049817829,0.9091775412,0.8712836188
2020-06-29,-0.0041288474,1.0000000000,0.0000000000,0.0000000000,-0.0041288474,0.9054236859,0.8676862217
2020-06-30,-0.0082810717,1.0000000000,0.0000000000,0.0000000000,-0.0082810717,0.8979258074,0.8605008499
2020-07-01,0.0148624256,1.0000000000,0.0000000000,0.0000000000,0.0148624256,0.9112711630,0.8732899798
2020-07-02,0.0216923573,1.0000000000,0.0000000000,0.0000000000,0.0216923573,0.9310387827,0.8922336981
2020-07-03,0.0500483945,1.0000000000,0.0000000000,0.0000000000,0.0500483945,0.9776357789,0.9368885622
2020-07-06,0.0530246179,1.0000000000,0.0000000000,0.0000000000,0.0530246179,1.0294745425,0.9865667202
2020-07-07,0.0648163109,0.9825127270,0.0174872730,0.0000209847,0.0636618657,1.0950128126,1.0505123355
2020-07-08,-0.0321561978,0.8568208457,0.1256918813,0.0001508303,-0.0277029309,1.0646777483,1.0167318530
2020-07-09,0.0269283628,0.8278627445,0.0289581012,0.0000347497,0.0222582386,1.0883755997,1.0441107772
2020-07-10,0.0067727513,0.8145715138,0.0132912307,0.0000159495,0.0055009408,1.0943626894,1.0511822798
2020-07-13,-0.0062993216,0.8188622577,0.0042907439,0.0000051489,-0.0051634256,1.0887120291,1.0445605446
2020-07-14,0.0177675973,0.8216948296,0.0028325719,0.0000033991,0.0145961437,1.1046030264,1.0631198757
2020-07-15,0.0001860469,0.8173342351,0.0043605946,0.0000052327,0.0001468298,1.1047652151,1.0633176659
2020-07-16,-0.0518948754,0.8184449022,0.0011106672,0.0000013328,-0.0424744290,1.0578409433,1.0081369281
2020-07-17,-0.0473179784,0.7585247562,0.0599201460,0.0000719042,-0.0359637622,1.0197970032,0.9604339267
2020-07-20,-0.0012976171,0.7154386389,0.0430861173,0.0000517033,-0.0009800688,1.0187975320,0.9591876512
2020-07-21,0.0256980107,0.7152771497,0.0001614893,0.0000001938,0.0183810060,1.0375240556,0.9838368657
2020-07-22,0.0015385020,0.7076779414,0.0075992082,0.0000091190,0.0010796449,1.0386442131,0.9853505007
2020-07-23,-0.0112553691,0.7098218846,0.0021439432,0.0000025727,-0.0079918801,1.0303434931,0.9742600171
2020-07-24,-0.0044331563,0.7070952152,0.0027266694,0.0000032720,-0.0031379356,1.0271103416,0.9699409702
2020-07-27,-0.0358895973,0.7072737693,0.0001785541,0.0000002143,-0.0253839850,1.0010381881,0.9351301794
2020-07-28,0.0206215220,0.6861274901,0.0211462792,0.0000253755,0.0141236176,1.0151764687,0.9544139870
2020-07-29,-0.0065308611,0.6818250773,0.0043024128,0.0000051629,-0.0044580678,1.0106507432,0.9481808418
2020-07-30,0.0382262169,0.6814286476,0.0003964297,0.0000004757,0.0260479636,1.0369761369,0.9844262083
2020-07-31,-0.0097855553,0.6679143382,0.0135143095,0.0000162172,-0.0065521299,1.0301817346,0.9747930512
2020-08-03,0.0238483395,0.6671410710,0.0007732672,0.0000009279,0.0159092788,1.0465711831,0.9980402468
2020-08-04,0.0340335166,0.6617235756,0.0054174954,0.0000065010,0.0225142793,1.0701339790,1.0320070661
2020-08-05,-0.0036414477,0.6500665557,0.0116570199,0.0000139884,-0.0023811718,1.0675858061,1.0282490663
2020-08-06,-0.0132156321,0.6500000000,0.0000665557,0.0000000799,-0.0085902408,1.0584149870,1.0146601049
2020-08-07,-0.0061023074,0.6500000000,0.0000000000,0.0000000000,-0.0039664998,1.0542167842,1.0084683370
2020-08-10,-0.0299645655,0.6500000000,0.0000000000,0.0000000000,-0.0194769676,1.0336838381,0.9782500215
2020-08-11,0.0224672410,0.6500000000,0.0000000000,0.0000000000,0.0146037067,1.0487794536,1.0002286005
2020-08-12,0.0186637873,0.6500000000,0.0000000000,0.0000000000,0.0121314618,1.0615026815,1.0188966544
2020-08-13,0.0364074755,0.6500000000,0.0000000000,0.0000000000,0.0236648591,1.0866229928,1.0559921094
2020-08-14,-0.0341789668,0.6500000000,0.0000000000,0.0000000000,-0.0222163284,1.0624822196,1.0198993902
2020-08-17,0.0104815374,0.6500000000,0.0000000000,0.0000000000,0.0068129993,1.0697209102,1.0305895038
2020-08-18,-0.0020965305,0.6500000000,0.0000000000,0.0000000000,-0.0013627448,1.0682631536,1.0284288415
2020-08-19,-0.0153345882,0.6500000000,0.0000000000,0.0000000000,-0.0099674823,1.0576152595,1.0126583087
2020-08-20,-0.0341961150,0.6500000000,0.0000000000,0.0000000000,-0.0222274748,1.0341071430,0.9780293287
2020-08-21,0.0119271860,0.6500000000,0.0000000000,0.0000000000,0.0077526709,1.0421242353,0.9896944664
2020-08-24,-0.0108423970,0.6500000000,0.0000000000,0.0000000000,-0.0070475580,1.0347798043,0.9789638061
2020-08-25,0.0105444486,0.6500000000,0.0000000000,0.0000000000,0.0068538916,1.0418720729,0.9892864396
2020-08-26,-0.0076623043,0.6500000000,0.0000000000,0.0000000000,-0.0049804978,1.0366830313,0.9817062259
2020-08-27,-0.0191720695,0.6500000000,0.0000000000,0.0000000000,-0.0124618452,1.0237640479,0.9628848859
2020-08-28,0.0134858266,0.6500000000,0.0000000000,0.0000000000,0.0087657873,1.0327381458,0.9758701845
2020-08-31,0.0226573144,0.6500000000,0.0000000000,0.0000000000,0.0147272544,1.0479475431,0.9979807821
2020-09-01,-0.0074636782,0.6500000000,0.0000000000,0.0000000000,-0.0048513908,1.0428635400,0.9905321747
2020-09-02,0.0008210591,0.6500000000,0.0000000000,0.0000000000,0.0005336884,1.0434201043,0.9913454602
2020-09-03,0.0040911314,0.6500000000,0.0000000000,0.0000000000,0.0026592354,1.0461948039,0.9954011847
2020-09-04,-0.0147305150,0.6500000000,0.0000000000,0.0000000000,-0.0095748348,1.0361776616,0.9807384126
2020-09-07,0.0256084364,0.6500000000,0.0000000000,0.0000000000,0.0166454837,1.0534253399,1.0058535899
2020-09-08,-0.0143273722,0.6500000000,0.0000000000,0.0000000000,-0.0093127920,1.0436150089,0.9914423511
2020-09-09,0.0032322597,0.6500000000,0.0000000000,0.0000000000,0.0021009688,1.0458076115,0.9946469503
2020-09-10,-0.0136054748,0.6500000000,0.0000000000,0.0000000000,-0.0088435586,1.0365589506,0.9811143063
2020-09-11,-0.0150328958,0.6500000000,0.0000000000,0.0000000000,-0.0097713822,1.0264303369,0.9663653172
2020-09-14,0.0156399714,0.6500000000,0.0000000000,0.0000000000,0.0101659814,1.0368650086,0.9814792431
2020-09-15,0.0160332312,0.6500000000,0.0000000000,0.0000000000,0.0104216003,1.0476708012,0.9972155267
2020-09-16,0.0053253254,0.6500000000,0.0000000000,0.0000000000,0.0034614615,1.0512972734,1.0025260239
2020-09-17,-0.0040223583,0.6500000000,0.0000000000,0.0000000000,-0.0026145329,1.0485486221,0.9984935050
2020-09-18,0.0182220601,0.6500000000,0.0000000000,0.0000000000,0.0118443391,1.0609679875,1.0166881137
2020-09-21,0.0190319861,0.6500000000,0.0000000000,0.0000000000,0.0123707909,1.0740930007,1.0360377077
2020-09-22,-0.0292872698,0.6500000000,0.0000000000,0.0000000000,-0.0190367254,1.0536457872,1.0056949918
2020-09-23,-0.0030739273,0.6500000000,0.0000000000,0.0000000000,-0.0019980528,1.0515405473,1.0026035585
2020-09-24,0.0061396903,0.6500000000,0.0000000000,0.0000000000,0.0039907987,1.0557370339,1.0087592338
2020-09-25,-0.0131441793,0.6500000000,0.0000000000,0.0000000000,-0.0085437165,1.0467171160,0.9954999216
2020-09-28,-0.0125545162,0.6500000000,0.0000000000,0.0000000000,-0.0081604355,1.0381754484,0.9830019017
2020-09-29,-0.0161439970,0.6500000000,0.0000000000,0.0000000000,-0.0104935981,1.0272812525,0.9671323219
2020-09-30,0.0033678382,0.6837207866,0.0337207866,0.0000404649,0.0022621961,1.0296051641,0.9703894671
2020-10-09,0.0269536222,0.6974435586,0.0137227720,0.0000164673,0.0187821629,1.0489433760,0.9965449782
2020-10-12,-0.0007227009,0.6974230952,0.0000204634,0.0000000246,-0.0005040529,1.0484146531,0.9958247742
2020-10-13,0.0281915857,0.6982333567,0.0008102615,0.0000009723,0.0196833332,1.0690509480,1.0238986537
2020-10-14,0.0078965069,0.6869373133,0.0112960434,0.0000135553,0.0054108500,1.0748354224,1.0319838765
2020-10-15,-0.0108709184,0.6905877229,0.0036504096,0.0000043805,-0.0075117033,1.0667615776,1.0207652640
2020-10-16,0.0050937926,0.6890264899,0.0015612330,0.0000018735,0.0035078845,1.0705036540,1.0259648305
2020-10-19,0.0048298963,0.7303129918,0.0412865019,0.0000495438,0.0034777922,1.0742266433,1.0309201342
2020-10-20,0.0028801555,0.7727969431,0.0424839512,0.0000509807,0.0021747946,1.0765628656,1.0338893445
2020-10-21,-0.0001717200,0.7728948800,0.0000979369,0.0000001175,-0.0001328390,1.0764198560,1.0337118050
2020-10-22,-0.0205764052,0.7851705620,0.0122756820,0.0000147308,-0.0161707185,1.0590133736,1.0124417320
2020-10-23,0.0077912012,0.7757607750,0.0094097870,0.0000112917,0.0060328165,1.0654022069,1.0203298692
2020-10-26,-0.0148737472,0.7776988918,0.0019381168,0.0000023257,-0.0115696224,1.0530759057,1.0051537407
2020-10-27,0.0148649352,0.7732644644,0.0044344275,0.0000053213,0.0114892048,1.0651749104,1.0200952859
2020-10-28,0.0056373185,0.7982295204,0.0249650560,0.0000299581,0.0044699160,1.0699361528,1.0258458879
2020-10-29,0.0074016258,0.8060497419,0.0078202215,0.0000093843,0.0059566943,1.0763094354,1.0334388153
2020-10-30,0.0410703492,0.8067038935,0.0006541516,0.0000007850,0.0331308256,1.1119684556,1.0758825083
2020-11-02,-0.0096779969,0.8018197057,0.0048841878,0.0000058610,-0.0077658697,1.1033330535,1.0654701207
2020-11-03,0.0151621269,0.8018743862,0.0000546806,0.0000000656,0.0121580556,1.1167474381,1.0816249139
2020-11-04,0.0165604328,0.8089409723,0.0070665861,0.0000084799,0.0133879327,1.1316983776,1.0995370906
2020-11-05,0.0134559105,0.8288820178,0.0199410455,0.0000239293,0.0111294330,1.1442935389,1.1143323633
2020-11-06,-0.0039497077,0.8258835763,0.0029984415,0.0000035981,-0.0032655968,1.1405567375,1.1099310762
2020-11-09,0.0103440097,0.8305158040,0.0046322277,0.0000055587,0.0085853048,1.1503487648,1.1214122140
2020-11-10,0.0371972460,0.8302315793,0.0002842247,0.0000003411,0.0308819872,1.1858738207,1.1631256600
2020-11-11,-0.0088366075,0.8264336869,0.0037978925,0.0000045575,-0.0073074276,1.1772081336,1.1528475751
2020-11-12,-0.0283139299,0.8327093070,0.0062756201,0.0000075307,-0.0235848037,1.1494439109,1.1202059297
2020-11-13,-0.0132026541,0.8168363093,0.0158729976,0.0000190476,-0.0108034548,1.1370259455,1.1054162383
2020-11-16,0.0222398831,0.8421083049,0.0252719956,0.0000303264,0.0186980639,1.1582861293,1.1300005662
2020-11-17,-0.0171088221,0.8644174375,0.0223091326,0.0000267710,-0.0148159351,1.1411250371,1.1106675875
2020-11-18,-0.0102098183,0.8569050459,0.0075123916,0.0000090149,-0.0087578597,1.1311312241,1.0993278732
2020-11-19,0.0058917544,0.8536175699,0.0032874760,0.0000039450,0.0050253601,1.1368155658,1.1058048430
2020-11-20,0.0041450348,0.8607420277,0.0071244578,0.0000085493,0.0035592563,1.1408617838,1.1103884426
2020-11-23,0.0001275309,0.8991090548,0.0383670271,0.0000460404,0.0000686237,1.1409400740,1.1105300514
2020-11-24,0.0006841084,0.9020179908,0.0029089360,0.0000034907,0.0006135873,1.1416401404,1.1112897743
2020-11-25,-0.0042624250,0.9073611538,0.0053431630,0.0000064118,-0.0038739706,1.1372174600,1.1065529850
2020-11-26,-0.0047010322,0.9083543193,0.0009931655,0.0000011918,-0.0042713947,1.1323599554,1.1013510438
2020-11-27,0.0013447819,0.9099359909,0.0015816716,0.0000018980,0.0012217675,1.1337434359,1.1028321208
2020-11-30,0.0091358876,0.9252270684,0.0152910774,0.0000183493,0.0084344212,1.1433059056,1.1129074711
2020-12-01,-0.0045868569,0.9279209308,0.0026938625,0.0000032326,-0.0042594731,1.1384360248,1.1078027238
2020-12-02,0.0232279695,0.9413515956,0.0134306647,0.0000161168,0.0218495694,1.1633103617,1.1335347317
2020-12-03,0.0186869403,0.9287735991,0.0125779964,0.0000150936,0.0173408432,1.1834831443,1.1547170276
2020-12-04,-0.0280756295,0.9199041892,0.0088694099,0.0000106433,-0.0258375324,1.1529048602,1.1222976202
2020-12-07,-0.0094751603,0.8901592789,0.0297449104,0.0000356939,-0.0084700958,1.1431396456,1.1116636703
2020-12-08,-0.0157849307,0.8947850346,0.0046257557,0.0000055509,-0.0141296707,1.1269874589,1.0941161363
2020-12-09,-0.0045104694,0.9027293579,0.0079443233,0.0000095332,-0.0040812664,1.1223879228,1.0891811589
2020-12-10,-0.0255522093,0.9097163455,0.0069869877,0.0000083844,-0.0232536468,1.0962883105,1.0613501740
2020-12-11,0.0002584161,0.8869020871,0.0228142584,0.0000273771,0.0002018127,1.0965095554,1.0616244440
2020-12-14,-0.0074193245,0.8936878254,0.0067857382,0.0000081429,-0.0066387028,1.0892301543,1.0537479078
2020-12-15,0.0061999389,0.8997495974,0.0060617721,0.0000072741,0.0055711184,1.0952983844,1.0602810804
2020-12-16,-0.0042095698,0.9054336270,0.0056840295,0.0000068208,-0.0038183069,1.0911161991,1.0558177532
2020-12-17,-0.0136644365,0.9115926709,0.0061590439,0.0000073909,-0.0124637910,1.0775167548,1.0413905986
2020-12-18,0.0094685093,0.9053182607,0.0062744102,0.0000075293,0.0085644851,1.0867451310,1.0512510152
2020-12-21,-0.0135571987,0.9037070481,0.0016112126,0.0000019335,-0.0122536695,1.0734285154,1.0369989963
2020-12-22,0.0133671001,0.9070256096,0.0033185615,0.0000039823,0.0121203199,1.0864388123,1.0508606657
2020-12-23,-0.0340124223,0.9128777881,0.0058521784,0.0000070226,-0.0310562074,1.0526981432,1.0151183490
2020-12-24,0.0045156589,0.9030682497,0.0098095384,0.0000117714,0.0040661767,1.0569785999,1.0197022772
2020-12-25,-0.0090702515,0.9028816908,0.0001865589,0.0000002239,-0.0081895879,1.0483223808,1.0104533211
2020-12-28,-0.0108167268,0.9011981109,0.0016835799,0.0000020203,-0.0097500340,1.0381012019,0.9995235236
2020-12-29,0.0052548153,0.9029989261,0.0018008152,0.0000021610,0.0047429316,1.0430248449,1.0047758351
2020-12-30,0.0079264508,0.9075656034,0.0045666773,0.0000054800,0.0071882941,1.0505224142,1.0127401413
2020-12-31,0.0234792660,0.9151399464,0.0075743431,0.0000090892,0.0214777250,1.0730852458,1.0365185365
2021-01-04,0.0491288854,0.8990258977,0.0161140487,0.0000193369,0.0441488034,1.1204606754,1.0874415369
2021-01-05,-0.0190053447,0.8517961705,0.0472297272,0.0000566757,-0.0162453555,1.1022583933,1.0667743356
2021-01-06,-0.0108051043,0.8409288988,0.0108672717,0.0000130407,-0.0090993652,1.0922285416,1.0552477276
2021-01-07,0.0039166330,0.8569416396,0.0160127408,0.0000192153,0.0033371106,1.0958734291,1.0593807457
2021-01-08,-0.0112675748,0.8580973526,0.0011557130,0.0000013869,-0.0096700630,1.0852762641,1.0474440939
2021-01-11,-0.0054446237,0.8578444780,0.0002528746,0.0000003034,-0.0046709438,1.0802069996,1.0417411550
2021-01-12,-0.0127041898,0.8574709539,0.0003735241,0.0000004482,-0.0108939220,1.0684393088,1.0285066776
2021-01-13,0.0330249317,0.8534935849,0.0039773689,0.0000047728,0.0281817945,1.0985498459,1.0624730404
2021-01-14,-0.0284226757,0.8262197432,0.0272738417,0.0000327286,-0.0235161045,1.0727162329,1.0322747137
2021-01-15,0.0372519540,0.8066712126,0.0195485306,0.0000234582,0.0300266206,1.1049262763,1.0707289638
2021-01-18,-0.0176531973,0.7870436688,0.0196275438,0.0000235531,-0.0139173903,1.0895485861,1.0518271741
2021-01-19,0.0241589470,0.7808669779,0.0061766909,0.0000074120,0.0188575119,1.1100947615,1.0772382110
2021-01-20,-0.0039846427,0.7750398139,0.0058271640,0.0000069926,-0.0030952494,1.1066587414,1.0729458016
2021-01-21,0.0011544559,0.7783224325,0.0032826186,0.0000039391,0.0008945998,1.1076487581,1.0741844702
2021-01-22,-0.0184826283,0.7787691781,0.0004467456,0.0000005361,-0.0143942374,1.0917049990,1.0543307179
2021-01-25,-0.0195703527,0.7722224555,0.0065467226,0.0000078561,-0.0151205219,1.0751978496,1.0336970939
2021-01-26,-0.0034695826,0.7997008929,0.0274784374,0.0000329741,-0.0028076025,1.0721791215,1.0301105964
2021-01-27,-0.0162877401,0.8013892601,0.0016883672,0.0000020260,-0.0130548461,1.0581819881,1.0133324227
2021-01-28,-0.0194099550,0.8015479584,0.0001586983,0.0000001904,-0.0155582002,1.0417185809,0.9936636860
2021-01-29,0.0034454913,0.8012472643,0.0003006941,0.0000003608,0.0027603297,1.0445940676,0.9970873456
2021-02-01,-0.0169968834,0.8057859129,0.0045386486,0.0000054464,-0.0137012956,1.0302817755,0.9801399682
2021-02-02,0.0127643339,0.8007043983,0.0050815145,0.0000060978,0.0102143605,1.0408054449,0.9926508020
2021-02-03,-0.0070400413,0.7992575595,0.0014468389,0.0000017362,-0.0056285424,1.0349472273,0.9856624994
2021-02-04,-0.0108789139,0.8355518000,0.0362942405,0.0000435531,-0.0091334492,1.0254945894,0.9749395619
2021-02-05,-0.0219137048,0.8348061587,0.0007456414,0.0000008948,-0.0182945905,1.0067335858,0.9535750241
2021-02-08,-0.0092352653,0.8421774169,0.0073712582,0.0000088455,-0.0077865774,0.9988945768,0.9447685058
2021-02-09,-0.0009809726,0.8439735103,0.0017960935,0.0000021553,-0.0008300702,0.9980654242,0.9438417138
2021-02-10,0.0089975232,0.8605645228,0.0165910125,0.0000199092,0.0077230400,1.0057735234,0.9523339515
2021-02-18,0.0199174896,0.8626022004,0.0020376775,0.0000024452,0.0171784252,1.0230511286,0.9713020531
2021-02-19,0.0114613715,0.8510350689,0.0115671315,0.0000138806,0.0097401486,1.0330157986,0.9824345068
2021-02-22,0.0253364504,0.8479066404,0.0031284285,0.0000037541,0.0214791905,1.0552041417,1.0073259100
2021-02-23,-0.0148358866,0.8300982563,0.0178083840,0.0000213701,-0.0123366137,1.0421864959,0.9923813370
2021-02-24,0.0074914061,0.8258633253,0.0042349310,0.0000050819,0.0061817956,1.0486290798,0.9998156686
2021-02-25,-0.0059714817,0.8239520674,0.0019112579,0.0000022935,-0.0049225082,1.0434671945,0.9938452876
2021-02-26,-0.0019785179,0.8236632570,0.0002888104,0.0000003466,-0.0016299791,1.0417663648,0.9918789469
2021-03-01,-0.0088139283,0.8238896820,0.0002264250,0.0000002717,-0.0072619763,1.0342010822,0.9831365970
2021-03-02,0.0008299409,0.8228822226,0.0010074595,0.0000012090,0.0006817347,1.0349061329,0.9839525423
2021-03-03,-0.0119061179,0.8256366234,0.0027544009,0.0000033053,-0.0098334323,1.0247294536,0.9722374873
2021-03-04,0.0255721755,0.8234025714,0.0022340520,0.0000026809,0.0210535142,1.0463036097,0.9970997150
2021-03-05,-0.0064115358,0.8204193360,0.0029832354,0.0000035799,-0.0052637278,1.0407961523,0.9907067745
2021-03-08,-0.0165533875,0.8306378814,0.0102185454,0.0000122623,-0.0137621329,1.0264725773,0.9743072214
2021-03-09,-0.0080410019,0.8423405739,0.0117026926,0.0000140432,-0.0067873054,1.0195055944,0.9664728152
2021-03-10,-0.0205910936,0.8428282288,0.0004876548,0.0000005852,-0.0173553401,1.0018117281,0.9465720830
2021-03-11,-0.0252112480,0.8388729512,0.0039552776,0.0000047463,-0.0211537803,0.9806196229,0.9227078195
2021-03-12,0.0306267322,0.8260122846,0.0128606666,0.0000154328,0.0252826242,1.0054122603,0.9509673448
2021-03-15,-0.0088751152,0.8134206957,0.0125915890,0.0000151099,-0.0072343123,0.9981387941,0.9425274001
2021-03-16,-0.0001294814,0.8123360762,0.0010846195,0.0000013015,-0.0001064840,0.9980325083,0.9424053603
2021-03-17,0.0014325049,0.8130146017,0.0006785255,0.0000008142,0.0011638332,0.9991940516,0.9437553606
2021-03-18,-0.0161212538,0.8142560334,0.0012414316,0.0000014897,-0.0131283179,0.9860763145,0.9285408409
2021-03-19,-0.0082143856,0.8096791508,0.0045768825,0.0000054923,-0.0066565090,0.9795124886,0.9209134484
2021-03-22,-0.0246890625,0.8119458971,0.0022667463,0.0000027201,-0.0200489031,0.9598743376,0.8981769587
2021-03-23,0.0154195774,0.8034756483,0.0084702489,0.0000101643,0.0123790906,0.9717567090,0.9120264678
2021-03-24,0.0043527645,0.7993838010,0.0040918473,0.0000049102,0.0034746192,0.9751331936,0.9159963042
2021-03-25,-0.0143478766,0.8037847939,0.0044009929,0.0000052812,-0.0115378862,0.9638822177,0.9028537023
2021-03-26,0.0072089827,0.8242151787,0.0204303849,0.0000245165,0.0059172365,0.9695857368,0.9093623590
2021-03-29,0.0083711241,0.8232157626,0.0009994162,0.0000011993,0.0068900420,0.9762662233,0.9169747442
2021-03-30,-0.0080562956,0.8221443413,0.0010714213,0.0000012857,-0.0066247235,0.9697987294,0.9095873246
2021-03-31,-0.0029889167,0.8232091777,0.0010648364,0.0000012778,-0.0024617814,0.9674112969,0.9068686439
2021-04-01,-0.0025524558,0.8242612712,0.0010520935,0.0000012625,-0.0021051529,0.9653747482,0.9045539018
2021-04-02,0.0088359989,0.8264809445,0.0022196733,0.0000026636,0.0073001211,0.9724221008,0.9125465391
2021-04-06,0.0001184866,0.8397202736,0.0132393291,0.0000158872,0.0000836084,0.9725034034,0.9126546636
2021-04-07,0.0004985678,0.9173284833,0.0776082097,0.0000931299,0.0003642206,0.9728576091,0.9131096838
2021-04-08,-0.0044313636,0.9260926873,0.0087642040,0.0000105170,-0.0041143705,0.9688549125,0.9090633628
2021-04-09,0.0000538628,0.9283828200,0.0022901327,0.0000027482,0.0000472571,0.9689006979,0.9091123275
2021-04-12,-0.0131106031,0.9295621804,0.0011793604,0.0000014152,-0.0121885360,0.9570912168,0.8971933166
2021-04-13,-0.0145558018,0.9283137350,0.0012484454,0.0000014981,-0.0135138489,0.9441572307,0.8841339485
2021-04-14,-0.0084953146,0.9236322220,0.0046815129,0.0000056178,-0.0078521641,0.9367435532,0.8766229525
2021-04-15,0.0029420807,0.9259479595,0.0023157375,0.0000027789,0.0027214348,0.9392928397,0.8792020480
2021-04-16,-0.0016115305,0.9722767498,0.0463287903,0.0000555945,-0.0016224482,0.9377688858,0.8777851871
2021-04-19,0.0119669916,0.9994438311,0.0271670813,0.0000326005,0.0119277355,0.9489543450,0.8882896351
2021-04-20,0.0194059451,1.0000000000,0.0005561689,0.0000006674,0.0194052777,0.9673690676,0.9055277350
2021-04-21,-0.0085878569,1.0000000000,0.0000000000,0.0000000000,-0.0085878569,0.9590614404,0.8977511924
2021-04-22,0.0091163506,1.0000000000,0.0000000000,0.0000000000,0.0091163506,0.9678045808,0.9059354070
2021-04-23,-0.0024223327,1.0000000000,0.0000000000,0.0000000000,-0.0024223327,0.9654602360,0.9037409300
2021-04-26,0.0076246374,1.0000000000,0.0000000000,0.0000000000,0.0076246374,0.9728215203,0.9106316269
2021-04-27,-0.0089176144,1.0000000000,0.0000000000,0.0000000000,-0.0089176144,0.9641462731,0.9025109652
2021-04-28,-0.0019004723,1.0000000000,0.0000000000,0.0000000000,-0.0019004723,0.9623139398,0.9007957681
2021-04-29,0.0075751312,1.0000000000,0.0000000000,0.0000000000,0.0075751312,0.9696035941,0.9076194142
2021-04-30,0.0124001784,1.0000000000,0.0000000000,0.0000000000,0.0124001784,0.9816268517,0.9188740569
2021-05-06,-0.0139133709,1.0000000000,0.0000000000,0.0000000000,-0.0139133709,0.9679691132,0.9060894213
2021-05-07,0.0069533355,1.0000000000,0.0000000000,0.0000000000,0.0069533355,0.9746997271,0.9123897650
2021-05-10,-0.0188566343,1.0000000000,0.0000000000,0.0000000000,-0.0188566343,0.9563201709,0.8951851649
2021-05-11,-0.0059722258,1.0000000000,0.0000000000,0.0000000000,-0.0059722258,0.9506088109,0.8898389170
2021-05-12,0.0174209166,1.0000000000,0.0000000000,0.0000000000,0.0174209166,0.9671692878,0.9053407266
2021-05-13,-0.0095248990,1.0000000000,0.0000000000,0.0000000000,-0.0095248990,0.9579570980,0.8967174476
2021-05-14,0.0047730660,1.0000000000,0.0000000000,0.0000000000,0.0047730660,0.9625294905,0.9009975392
2021-05-17,0.0382651087,1.0000000000,0.0000000000,0.0000000000,0.0382651087,0.9993607861,0.9354743080
2021-05-18,-0.0001427209,1.0000000000,0.0000000000,0.0000000000,-0.0001427209,0.9992181564,0.9353407963
2021-05-19,0.0028321241,1.0000000000,0.0000000000,0.0000000000,0.0028321241,1.0020480662,0.9379897975
2021-05-20,0.0021480355,1.0000000000,0.0000000000,0.0000000000,0.0021480355,1.0042005011,0.9400046329
2021-05-21,0.0168389298,1.0000000000,0.0000000000,0.0000000000,0.0168389298,1.0211101628,0.9558333049
2021-05-24,-0.0052987716,1.0000000000,0.0000000000,0.0000000000,-0.0052987716,1.0156995332,0.9507685625
2021-05-25,0.0095275139,1.0000000000,0.0000000000,0.0000000000,0.0095275139,1.0253766247,0.9598270232
2021-05-26,0.0230478879,1.0000000000,0.0000000000,0.0000000000,0.0230478879,1.0490093901,0.9819490088
2021-05-27,0.0007567897,1.0000000000,0.0000000000,0.0000000000,0.0007567897,1.0498032696,0.9826921377
2021-05-28,0.0164599959,1.0000000000,0.0000000000,0.0000000000,0.0164599959,1.0670830272,0.9988672463
2021-05-31,0.0310123572,1.0000000000,0.0000000000,0.0000000000,0.0310123572,1.1001757872,1.0298444741
2021-06-01,0.0087599694,1.0000000000,0.0000000000,0.0000000000,0.0087599694,1.1098132934,1.0388658802
2021-06-02,-0.0038449637,1.0000000000,0.0000000000,0.0000000000,-0.0038449637,1.1055461016,1.0348714786
2021-06-03,-0.0206311863,1.0000000000,0.0000000000,0.0000000000,-0.0206311863,1.0827373740,1.0135208523
2021-06-04,-0.0113837951,1.0000000000,0.0000000000,0.0000000000,-0.0113837951,1.0704117136,1.0019831386
2021-06-07,0.0115654598,1.0000000000,0.0000000000,0.0000000000,0.0115654598,1.0827915172,1.0135715343
2021-06-08,-0.0082276636,1.0000000000,0.0000000000,0.0000000000,-0.0082276636,1.0738826729,1.0052322087
2021-06-09,-0.0063572107,1.0000000000,0.0000000000,0.0000000000,-0.0063572107,1.0670557744,0.9988417357
2021-06-10,-0.0037148523,1.0000000000,0.0000000000,0.0000000000,-0.0037148523,1.0630918198,0.9951311862
2021-06-11,0.0066542244,1.0000000000,0.0000000000,0.0000000000,0.0066542244,1.0701658713,1.0017530124
2021-06-15,-0.0194723209,1.0000000000,0.0000000000,0.0000000000,-0.0194723209,1.0493272581,0.9822465563
2021-06-16,-0.0145046054,1.0000000000,0.0000000000,0.0000000000,-0.0145046054,1.0341071803,0.9679994576
2021-06-17,-0.0032278255,1.0000000000,0.0000000000,0.0000000000,-0.0032278255,1.0307692628,0.9648749243
2021-06-18,-0.0012414000,1.0000000000,0.0000000000,0.0000000000,-0.0012414000,1.0294896659,0.9636771286
2021-06-21,0.0088737950,1.0000000000,0.0000000000,0.0000000000,0.0088737950,1.0386251461,0.9722286019
2021-06-22,-0.0015486660,1.0000000000,0.0000000000,0.0000000000,-0.0015486660,1.0370166626,0.9707229445
2021-06-23,-0.0037094164,1.0000000000,0.0000000000,0.0000000000,-0.0037094164,1.0331699360,0.9671221289
2021-06-24,0.0063404280,1.0000000000,0.0000000000,0.0000000000,0.0063404280,1.0397206756,0.9732540971
2021-06-25,0.0154850692,1.0000000000,0.0000000000,0.0000000000,0.0154850692,1.0558208222,0.9883250041
2021-06-28,0.0141579709,1.0000000000,0.0000000000,0.0000000000,0.0141579709,1.0707691026,1.0023176807
2021-06-29,-0.0085745549,1.0000000000,0.0000000000,0.0000000000,-0.0085745549,1.0615877341,0.9937232527
2021-06-30,-0.0070926241,1.0000000000,0.0000000000,0.0000000000,-0.0070926241,1.0540582914,0.9866751472
2021-07-01,0.0216968160,1.0000000000,0.0000000000,0.0000000000,0.0216968160,1.0769280001,1.0080828563
2021-07-02,-0.0135774711,1.0000000000,0.0000000000,0.0000000000,-0.0135774711,1.0623060414,0.9943956405
2021-07-05,-0.0088767421,1.0000000000,0.0000000000,0.0000000000,-0.0088767421,1.0528762247,0.9855686469
2021-07-06,0.0010816940,1.0000000000,0.0000000000,0.0000000000,0.0010816940,1.0540151146,0.9866347306
2021-07-07,0.0119643091,1.0000000000,0.0000000000,0.0000000000,0.0119643091,1.0666256772,0.9984391335
2021-07-08,0.0080824732,1.0000000000,0.0000000000,0.0000000000,0.0080824732,1.0752466506,1.0065089910
2021-07-09,-0.0215428667,1.0000000000,0.0000000000,0.0000000000,-0.0215428667,1.0520827554,0.9848259020
2021-07-12,0.0127110629,1.0000000000,0.0000000000,0.0000000000,0.0127110629,1.0654558455,0.9973440860
2021-07-13,0.0062733025,1.0000000000,0.0000000000,0.0000000000,0.0062733025,1.0721397723,1.0036007271
2021-07-14,0.0169062518,1.0000000000,0.0000000000,0.0000000000,0.0169062518,1.0902656372,1.0205678537
2021-07-15,-0.0205010667,1.0000000000,0.0000000000,0.0000000000,-0.0205010667,1.0679140287,0.9996451241
2021-07-16,0.0081502950,1.0000000000,0.0000000000,0.0000000000,0.0081502950,1.0766178431,1.0077925268
2021-07-19,0.0071869827,1.0000000000,0.0000000000,0.0000000000,0.0071869827,1.0843554770,1.0150355143
2021-07-20,0.0080271039,1.0000000000,0.0000000000,0.0000000000,0.0080271039,1.0930597110,1.0231833098
2021-07-21,-0.0007976633,1.0000000000,0.0000000000,0.0000000000,-0.0007976633,1.0921878174,1.0223671540
2021-07-22,-0.0163988317,1.0000000000,0.0000000000,0.0000000000,-0.0163988317,1.0742772132,1.0056015271
2021-07-23,0.0158868014,1.0000000000,0.0000000000,0.0000000000,0.0158868014,1.0913440419,1.0215773188
2021-07-26,-0.0050050118,1.0000000000,0.0000000000,0.0000000000,-0.0050050118,1.0858818521,1.0164643123
2021-07-27,-0.0202584247,1.0000000000,0.0000000000,0.0000000000,-0.0202584247,1.0638835964,0.9958723466
2021-07-28,-0.0312413315,1.0000000000,0.0000000000,0.0000000000,-0.0312413315,1.0306464563,0.9647599685
2021-07-29,0.0028239943,1.0000000000,0.0000000000,0.0000000000,0.0028239943,1.0335569961,0.9674844452
2021-07-30,-0.0209930846,1.0000000000,0.0000000000,0.0000000000,-0.0209930846,1.0118594466,0.9471739624
2021-08-02,0.0005093231,0.9973510321,0.0026489679,0.0000031788,0.0005047952,1.0123702284,0.9476563800
2021-08-03,0.0146218273,0.9989912066,0.0016401745,0.0000019682,0.0146051087,1.0271560056,0.9615128479
2021-08-04,0.0062890879,1.0000000000,0.0010087934,0.0000012106,0.0062878773,1.0336146365,0.9675598867
2021-08-05,-0.0153007039,1.0000000000,0.0000000000,0.0000000000,-0.0153007039,1.0177996051,0.9527555394
2021-08-06,-0.0037303656,1.0000000000,0.0000000000,0.0000000000,-0.0037303656,1.0140028404,0.9492014129
2021-08-09,0.0046359682,1.0000000000,0.0000000000,0.0000000000,0.0046359682,1.0187037254,0.9536018805
2021-08-10,0.0226380146,1.0000000000,0.0000000000,0.0000000000,0.0226380146,1.0417651552,0.9751895338
2021-08-11,0.0137693194,1.0000000000,0.0000000000,0.0000000000,0.0137693194,1.0561095524,0.9886172300
2021-08-12,-0.0053919001,1.0000000000,0.0000000000,0.0000000000,-0.0053919001,1.0504151152,0.9832867047
2021-08-13,-0.0145416064,1.0000000000,0.0000000000,0.0000000000,-0.0145416064,1.0351403921,0.9689881365
2021-08-16,0.0042881395,1.0000000000,0.0000000000,0.0000000000,0.0042881395,1.0395792185,0.9731432928
2021-08-17,0.0027708089,1.0000000000,0.0000000000,0.0000000000,0.0027708089,1.0424596939,0.9758396869
2021-08-18,-0.0023576308,1.0000000000,0.0000000000,0.0000000000,-0.0023576308,1.0400019588,0.9735390172
2021-08-19,0.0251264124,1.0000000000,0.0000000000,0.0000000000,0.0251264124,1.0661334769,0.9980005600
2021-08-20,-0.0228311081,1.0000000000,0.0000000000,0.0000000000,-0.0228311081,1.0417924682,0.9752151013
2021-08-23,-0.0034652278,1.0000000000,0.0000000000,0.0000000000,-0.0034652278,1.0381824199,0.9718357588
2021-08-24,0.0008158258,1.0000000000,0.0000000000,0.0000000000,0.0008158258,1.0390293959,0.9726286075
2021-08-25,0.0016823753,1.0000000000,0.0000000000,0.0000000000,0.0016823753,1.0407774333,0.9742649338
2021-08-26,-0.0091843485,1.0000000000,0.0000000000,0.0000000000,-0.0091843485,1.0312185706,0.9653169451
2021-08-27,-0.0243311884,1.0000000000,0.0000000000,0.0000000000,-0.0243311884,1.0061277972,0.9418296366
2021-08-30,-0.0006893394,1.0000000000,0.0000000000,0.0000000000,-0.0006893394,1.0054342337,0.9411803963
2021-08-31,-0.0266717899,1.0000000000,0.0000000000,0.0000000000,-0.0266717899,0.9786175030,0.9160774305
2021-09-01,0.0049766867,1.0000000000,0.0000000000,0.0000000000,0.0049766867,0.9834877758,0.9206364609
2021-09-02,0.0283158421,1.0000000000,0.0000000000,0.0000000000,0.0283158421,1.0113360604,0.9467050576
2021-09-03,0.0126022897,1.0000000000,0.0000000000,0.0000000000,0.0126022897,1.0240812104,0.9586357090
2021-09-06,-0.0059900568,1.0000000000,0.0000000000,0.0000000000,-0.0059900568,1.0179469059,0.9528934267
2021-09-07,0.0109720326,1.0000000000,0.0000000000,0.0000000000,0.0109720326,1.0291158524,0.9633486044
2021-09-08,0.0151609003,1.0000000000,0.0000000000,0.0000000000,0.0151609003,1.0447181752,0.9779538365
2021-09-09,-0.0107207756,1.0000000000,0.0000000000,0.0000000000,-0.0107207756,1.0335179861,0.9674694129
2021-09-10,-0.0038275823,1.0000000000,0.0000000000,0.0000000000,-0.0038275823,1.0295621110,0.9637663441
2021-09-13,0.0262869439,1.0000000000,0.0000000000,0.0000000000,0.0262869439,1.0566261524,0.9891008159
2021-09-14,-0.0004417852,0.9908936033,0.0091063967,0.0000109277,-0.0004486898,1.0561520550,0.9886638458
2021-09-15,-0.0318450498,0.9910234514,0.0001298481,0.0000001558,-0.0315593470,1.0228205859,0.9571797964
2021-09-16,-0.0091862007,0.9509464709,0.0400769805,0.0000480924,-0.0087836775,1.0138364597,0.9483869507
2021-09-17,-0.0078544251,0.9495271111,0.0014193598,0.0000017032,-0.0074596928,1.0062735511,0.9409379164
2021-09-22,-0.0215182482,0.9571326962,0.0076055851,0.0000091267,-0.0206049456,0.9855393394,0.9206905808
2021-09-23,0.0086062254,0.9499678819,0.0071648144,0.0000085978,0.0081670400,0.9935882785,0.9286142515
2021-09-24,-0.0140615221,0.9484623037,0.0015055782,0.0000018067,-0.0133386303,0.9803351718,0.9155565217
2021-09-27,-0.0069422886,0.9435996212,0.0048626825,0.0000058352,-0.0065565761,0.9739075296,0.9092004641
2021-09-28,0.0065671457,0.9624262678,0.0188266465,0.0000225920,0.0062978015,0.9800410060,0.9151713160
2021-09-29,0.0101842824,0.9656491788,0.0032229110,0.0000038675,0.0098305764,0.9896753740,0.9244916791
2021-09-30,0.0130191336,0.9630171954,0.0026319834,0.0000031584,0.0125344912,1.0020804512,0.9365277598
2021-10-08,0.0014127480,0.9557790763,0.0072381191,0.0000086857,0.0013415892,1.0034248315,0.9378508375
2021-10-11,0.0271902282,0.9618640127,0.0060849364,0.0000073019,0.0261460001,1.0296603773,0.9633512158
2021-10-12,0.0000790799,0.9357903564,0.0260736563,0.0000312884,0.0000427138,1.0297043580,0.9634273975
2021-10-13,-0.0073627043,0.9520278151,0.0162374587,0.0000194850,-0.0070289842,1.0224665823,0.9563339665
2021-10-14,0.0115819796,0.9567238765,0.0046960614,0.0000056353,0.0110751212,1.0337905236,0.9674102070
2021-10-15,-0.0148311557,0.9529231624,0.0038007141,0.0000045609,-0.0141375126,1.0191752970,0.9530623956
2021-10-18,0.0092679248,0.9572612712,0.0043381087,0.0000052057,0.0088666197,1.0282119368,0.9618953062
2021-10-19,0.0039425013,0.9683967750,0.0111355039,0.0000133626,0.0038045429,1.0321238133,0.9656875797
2021-10-20,0.0214111031,0.9705995538,0.0022027788,0.0000026433,0.0207789637,1.0535702766,0.9863640160
2021-10-21,-0.0192449553,0.9543264673,0.0162730866,0.0000195277,-0.0183854979,1.0341998624,0.9673814846
2021-10-22,0.0127561485,0.9441856997,0.0101407676,0.0000121689,0.0120320041,1.0466433594,0.9797215465
2021-10-25,0.0026222077,0.9376288767,0.0065568230,0.0000078682,0.0024507895,1.0492084620,0.9822905799
2021-10-26,0.0185379463,0.9465248295,0.0088959528,0.0000106751,0.0175359513,1.0676073305,1.0005002299
2021-10-27,-0.0152647423,0.9431341995,0.0033906300,0.0000040688,-0.0144007693,1.0522329636,0.9852278517
2021-10-28,-0.0286929700,0.9358913492,0.0072428503,0.0000086914,-0.0268621938,1.0239676778,0.9569587385
2021-10-29,-0.0057586366,0.9218184683,0.0140728809,0.0000168875,-0.0053253050,1.0185147376,0.9514479609
2021-11-01,0.0074450726,0.9549847057,0.0331662374,0.0000397995,0.0070701309,1.0257157701,0.9585315600
2021-11-02,0.0103903624,0.9531660811,0.0018186246,0.0000021823,0.0099015587,1.0358719550,0.9684910503
2021-11-03,-0.0095676128,0.9664418919,0.0132758108,0.0000159310,-0.0092624728,1.0262772192,0.9592249029
2021-11-04,0.0109177090,0.9625823097,0.0038595822,0.0000046315,0.0105045621,1.0370578120,0.9696974413
2021-11-05,0.0154337231,0.9661844291,0.0036021194,0.0000043225,0.0149075004,1.0525177517,0.9846634831
2021-11-08,0.0022502028,0.9587271846,0.0074572445,0.0000089487,0.0021483819,1.0547789618,0.9868791756
2021-11-09,0.0081789405,0.9683566483,0.0096294637,0.0000115554,0.0079085761,1.0631207615,0.9949508017
2021-11-10,0.0176647137,0.9670120338,0.0013446145,0.0000016135,0.0170803772,1.0812792651,1.0125263228
2021-11-11,0.0079965422,0.9567951793,0.0102168545,0.0000122602,0.0076387928,1.0895389334,1.0206230323
2021-11-12,0.0569587990,0.9731579845,0.0163628053,0.0000196354,0.0554102747,1.1499105850,1.0787564945
2021-11-15,0.0003163498,0.8730865897,0.1000713948,0.0001200857,0.0001561151,1.1500901034,1.0790977589
2021-11-16,-0.0256455340,0.8744632354,0.0013766457,0.0000016520,-0.0224277286,1.1242961947,1.0514237206
2021-11-17,0.0108506044,0.8608222706,0.0136409648,0.0000163692,0.0093240728,1.1347792142,1.0628323035
2021-11-18,-0.0058872875,0.8586423404,0.0021799302,0.0000026159,-0.0050576902,1.1290398525,1.0565751042
2021-11-19,-0.0228369708,0.8571782387,0.0014641017,0.0000017569,-0.0195771113,1.1069365136,1.0324461294
2021-11-22,0.0189418596,0.8420502372,0.0151280015,0.0000181536,0.0159318437,1.1245720532,1.0520025790
2021-11-23,0.0053727101,0.8488514581,0.0068012209,0.0000081615,0.0045524714,1.1296916353,1.0576546839
2021-11-24,-0.0093752168,0.8641904115,0.0153389533,0.0000184067,-0.0081203792,1.1205181107,1.0477389419
2021-11-25,0.0144809591,0.8616029822,0.0025874293,0.0000031049,0.0124737327,1.1344951541,1.0629112067
2021-11-26,-0.0006903501,0.8569747508,0.0046282314,0.0000055539,-0.0005971665,1.1338176716,1.0621774258
2021-11-29,-0.0290398409,0.8568329015,0.0001418493,0.0000001702,-0.0248824614,1.1056054971,1.0313319623
2021-11-30,0.0287761309,0.8354244487,0.0214084528,0.0000256901,0.0240145931,1.1321561633,1.0610097058
2021-12-01,-0.0032469004,0.8339780464,0.0014464023,0.0000017357,-0.0027095793,1.1290884964,1.0575647130
2021-12-02,0.0102606720,0.8334543145,0.0005237319,0.0000006285,0.0085511728,1.1387435273,1.0684160376
2021-12-03,0.0104777063,0.8538393548,0.0203850403,0.0000244620,0.0089218160,1.1489031875,1.0796105871
2021-12-06,0.0143768487,0.8523624707,0.0014768841,0.0000017723,0.0122525140,1.1629801399,1.0951319852
2021-12-07,0.0198422904,0.8667030248,0.0143405540,0.0000172087,0.0171801645,1.1829603300,1.1168619121
2021-12-08,-0.0053382878,0.8611914921,0.0055115327,0.0000066138,-0.0046039019,1.1775140967,1.1108997818
2021-12-09,0.0077961073,0.8614932109,0.0003017188,0.0000003621,0.0067159314,1.1854222007,1.1195604757
2021-12-10,0.0104281264,0.8626800302,0.0011868193,0.0000014242,0.0089947123,1.1960847323,1.1312353939
2021-12-13,0.0098803176,0.8653815519,0.0027015217,0.0000032418,0.0085470028,1.2063076718,1.1424123589
2021-12-14,-0.0109344474,0.8690533780,0.0036718261,0.0000044062,-0.0095070247,1.1948392750,1.1299207110
2021-12-15,-0.0082751939,0.8649448159,0.0041085621,0.0000049303,-0.0071625164,1.1862812191,1.1205703980
2021-12-16,-0.0020928631,0.8778661689,0.0129213529,0.0000155056,-0.0018527593,1.1840833256,1.1182251976
2021-12-17,0.0028158978,0.8775310055,0.0003351634,0.0000004022,0.0024706355,1.1870087638,1.1213740055
2021-12-20,-0.0147801917,0.9142271080,0.0366961025,0.0000440353,-0.0135564873,1.1709170946,1.1047998827
2021-12-21,-0.0056355102,0.9088253523,0.0054017557,0.0000064821,-0.0051281766,1.1649124249,1.0985737717
2021-12-22,0.0032987818,0.9101909391,0.0013655868,0.0000016387,0.0030008826,1.1684081904,1.1021977269
2021-12-23,-0.0136714674,0.9303552743,0.0201643352,0.0000241972,-0.0127435190,1.1535185584,1.0871290666
2021-12-24,-0.0013547083,0.9219690305,0.0083862438,0.0000100635,-0.0012590626,1.1520662063,1.0856563238
2021-12-27,-0.0077557144,0.9312290673,0.0092600368,0.0000111120,-0.0072334587,1.1437327829,1.0772362834
2021-12-28,0.0131000661,0.9306427011,0.0005863662,0.0000007036,0.0121907772,1.1576757745,1.0913481499
2021-12-29,0.0189638656,0.9275335652,0.0031091359,0.0000037310,0.0175858909,1.1780345343,1.1120443295
2021-12-30,-0.0140134263,0.9206491466,0.0068844186,0.0000082613,-0.0129097103,1.1628264498,1.0964607782
2021-12-31,0.0024036478,0.9143662615,0.0062828850,0.0000075395,0.0021902750,1.1653733594,1.0990962837
2022-01-04,0.0067846340,0.9144218388,0.0000555773,0.0000000667,0.0062039508,1.1726032784,1.1065532497
2022-01-05,-0.0017084987,0.9345584982,0.0201366595,0.0000241640,-0.0016208560,1.1707026574,1.1046627049
2022-01-06,-0.0125698940,0.9341508619,0.0004076363,0.0000004892,-0.0117426665,1.1569554865,1.0907772118
2022-01-07,-0.0254188496,0.9296474766,0.0045033854,0.0000054041,-0.0236359735,1.1296097174,1.0630509099
2022-01-10,0.0003053492,0.9074684031,0.0221790735,0.0000266149,0.0002504798,1.1298926618,1.0633755116
2022-01-11,-0.0155767574,0.9165121248,0.0090437218,0.0000108525,-0.0142871395,1.1137497277,1.0468115692
2022-01-12,-0.0152197278,0.9085049999,0.0080071249,0.0000096085,-0.0138368073,1.0983389873,1.0308793821
2022-01-13,-0.0000606161,0.8998936754,0.0086113245,0.0000103336,-0.0000648816,1.0982677253,1.0308168942
2022-01-14,-0.0270897101,0.9132855327,0.0133918573,0.0000160702,-0.0247567105,1.0710782291,1.0028923634
2022-01-17,0.0010429852,0.9011129246,0.0121726081,0.0000146071,0.0009252403,1.0720692339,1.0039383653
2022-01-18,0.0253488049,0.9058190158,0.0047060912,0.0000056473,0.0229557822,1.0966794218,1.0293870031
2022-01-19,0.0075042187,0.8869696764,0.0188493393,0.0000226192,0.0066333952,1.1039541298,1.0371117483
2022-01-20,-0.0142128331,0.8952421965,0.0082725201,0.0000099270,-0.0127338550,1.0898965380,1.0223714521
2022-01-21,0.0005383824,0.8962568504,0.0010146539,0.0000012176,0.0004813113,1.0904211176,1.0229218789
2022-01-24,-0.0180425545,0.9250874836,0.0288306331,0.0000345968,-0.0167255381,1.0721832377,1.0044657552
2022-01-25,0.0255446326,0.9142908189,0.0107966647,0.0000129560,0.0233422671,1.0972104252,1.0301244639
2022-01-26,-0.0191960335,0.8964312199,0.0178595990,0.0000214315,-0.0172293552,1.0783061970,1.0103501602
2022-01-27,0.0053501697,0.8864714289,0.0099597910,0.0000119517,0.0047308208,1.0834074704,1.0157557050
2022-01-28,-0.0191919404,0.8892438053,0.0027723764,0.0000033269,-0.0170696410,1.0649140938,0.9962613820
2022-02-07,-0.0063546355,0.8802655603,0.0089782451,0.0000107739,-0.0056045406,1.0589457395,0.9899305041
2022-02-08,-0.0147506054,0.8856634550,0.0053978947,0.0000064775,-0.0130705496,1.0451047367,0.9753284299
2022-02-09,-0.0064370777,0.8792572028,0.0064062522,0.0000076875,-0.0056675344,1.0391815696,0.9690501650
2022-02-10,0.0093127420,0.8801772521,0.0009200493,0.0000011041,0.0081957596,1.0476984520,0.9780746792
2022-02-11,-0.0164593419,0.8871153124,0.0069380603,0.0000083257,-0.0146096599,1.0323919340,0.9619762137
2022-02-14,-0.0125898209,0.8818699075,0.0052454048,0.0000062945,-0.0111088786,1.0209232173,0.9498651055
2022-02-15,-0.0087154670,0.9996694420,0.1177995344,0.0001413594,-0.0088539455,1.0118840188,0.9415865875
2022-02-16,0.0340451542,0.9980276847,0.0016417573,0.0000019701,0.0339760363,1.0462638270,0.9736430481
2022-02-17,-0.0045837021,0.9690846621,0.0289430225,0.0000347316,-0.0044767270,1.0415799894,0.9691801584
2022-02-18,0.0099475426,0.9745425103,0.0054578482,0.0000065494,0.0096877537,1.0516705598,0.9788211193
2022-02-21,-0.0029960362,0.9703305558,0.0042119545,0.0000050543,-0.0029121998,1.0486078850,0.9758885358
2022-02-22,-0.0039302606,0.9896263532,0.0192957974,0.0000231550,-0.0039126445,1.0445050552,0.9720530395
2022-02-23,-0.0054591889,1.0000000000,0.0103736468,0.0000124484,-0.0054716373,1.0387899023,0.9667464183
2022-02-24,0.0813651942,1.0000000000,0.0000000000,0.0000000000,0.0813651942,1.1233112445,1.0454059284
2022-02-25,0.0015004849,0.8001693151,0.1998306849,0.0002397968,0.0009608451,1.1243905726,1.0469745442
2022-02-28,-0.0156560985,0.8048198317,0.0046505167,0.0000055806,-0.0126059192,1.1102165960,1.0305830076
2022-03-01,-0.0046081192,0.7994961689,0.0053236628,0.0000063884,-0.0036905620,1.1061192728,1.0258339583
2022-03-02,-0.0048889179,0.8181952894,0.0186991205,0.0000224389,-0.0040225285,1.1016698764,1.0208187403
2022-03-03,0.0033971046,0.8383975434,0.0202022540,0.0000242427,0.0028238814,1.1047808615,1.0242865683
2022-03-04,-0.0242293957,0.8382177224,0.0001798210,0.0000002158,-0.0203097247,1.0823430664,0.9994687237
2022-03-07,-0.0046421324,0.8273322707,0.0108854517,0.0000130625,-0.0038536484,1.0781720967,0.9948290576
2022-03-08,-0.0285646595,0.8303335905,0.0030013199,0.0000036016,-0.0237217979,1.0525959161,0.9664121043
2022-03-09,0.0017446881,0.8188227200,0.0115108706,0.0000138130,0.0014147772,1.0540851049,0.9680981920
2022-03-10,0.0235192433,0.8301638334,0.0113411134,0.0000136093,0.0195112158,1.0746515868,0.9908671289
2022-03-11,-0.0232891105,0.8147130886,0.0154507447,0.0000185409,-0.0189924841,1.0542412837,0.9677907148
2022-03-14,0.0085838383,0.8064877131,0.0082253755,0.0000098705,0.0069128897,1.0615291374,0.9760980738
2022-03-15,-0.0310805742,0.8074802969,0.0009925838,0.0000011911,-0.0250981424,1.0348867279,0.9457603852
2022-03-16,-0.0001820776,0.7930053839,0.0144749130,0.0000173699,-0.0001617584,1.0347193263,0.9455881834
2022-03-17,0.0711187846,0.7942432957,0.0012379117,0.0000014855,0.0564841323,1.0931645497,1.0128372657
2022-03-18,-0.0241297264,0.6987949776,0.0954483181,0.0001145380,-0.0169762696,1.0746066935,0.9883977796
2022-03-21,0.0028999871,0.6914497635,0.0073452141,0.0000088143,0.0019963811,1.0767520181,0.9912641204
2022-03-22,-0.0041275153,0.6914383882,0.0000113753,0.0000000137,-0.0028539362,1.0736790366,0.9871726626
2022-03-23,0.0014873703,0.6937989598,0.0023605716,0.0000028327,0.0010291033,1.0747839632,0.9886409539
2022-03-24,-0.0207382128,0.6938926721,0.0000937123,0.0000001125,-0.0143902064,1.0593176001,0.9681383074
2022-03-25,-0.0158671410,0.6890935921,0.0047990800,0.0000057589,-0.0109397041,1.0477289791,0.9527767204
2022-03-28,-0.0361181376,0.6882975994,0.0007959927,0.0000009552,-0.0248609826,1.0216814072,0.9183641997
2022-03-29,0.0182675092,0.6726663679,0.0156312315,0.0000187575,0.0122691816,1.0342166019,0.9351404262
2022-03-30,-0.0142095795,0.6674916872,0.0051746807,0.0000062096,-0.0094909858,1.0244008668,0.9218524740
2022-03-31,0.0208712671,0.6687756484,0.0012839612,0.0000015408,0.0139566544,1.0386980757,0.9410927032
2022-04-01,-0.0001698495,0.6676644366,0.0011112118,0.0000013335,-0.0001147359,1.0385788998,0.9409328591
2022-04-06,0.0069837107,0.6693296127,0.0016651761,0.0000019982,0.0046724062,1.0434315622,0.9475040620
2022-04-07,-0.0022359832,0.6684978904,0.0008317223,0.0000009981,-0.0014957481,1.0418708514,0.9453854588
2022-04-08,-0.0084809859,0.6695784468,0.0010805564,0.0000012967,-0.0056799820,1.0359530437,0.9373676581
2022-04-11,-0.0033151908,0.6691152965,0.0004631503,0.0000005558,-0.0022188006,1.0336544705,0.9342601055
2022-04-12,-0.0191504236,0.6704415904,0.0013262939,0.0000015916,-0.0128408320,1.0203814870,0.9163686287
2022-04-13,0.0219829095,0.6737389940,0.0032974036,0.0000039569,0.0148067864,1.0354900578,0.9365130773
2022-04-14,-0.0049783669,0.6662555670,0.0074834269,0.0000089801,-0.0033258448,1.0320461786,0.9318507716
2022-04-15,0.0084886143,0.6685693948,0.0023138277,0.0000027766,0.0056724511,1.0379004101,0.9397608934
2022-04-18,-0.0232130130,0.6697013975,0.0011320028,0.0000013584,-0.0155471456,1.0217640213,0.9179462116
2022-04-19,-0.0153615800,0.6636811800,0.0060202176,0.0000072243,-0.0102024158,1.0113395599,0.9038451074
2022-04-20,-0.0070058983,0.6695923544,0.0059111744,0.0000070934,-0.0046981893,1.0065880951,0.8975128605
2022-04-21,-0.0133582533,0.6693005494,0.0002918050,0.0000003502,-0.0089410364,0.9975881543,0.8855236564
2022-04-22,-0.0130988242,0.6774781880,0.0081776386,0.0000098132,-0.0088839809,0.9887256002,0.8739243377
2022-04-25,-0.0048342068,0.6772978626,0.0001803254,0.0000002164,-0.0032744143,0.9854881030,0.8696996067
2022-04-26,-0.0490335436,0.6790639466,0.0017660840,0.0000021193,-0.0332990309,0.9526723041,0.8270551531
2022-04-27,-0.0446896405,0.6520164929,0.0270474537,0.0000324569,-0.0291708396,0.9248820531,0.7900943556
2022-04-28,0.0199871671,0.6500000000,0.0020164929,0.0000024198,0.0129892388,0.9368955670,0.8058861035
2022-04-29,0.0206756850,0.6500000000,0.0000000000,0.0000000000,0.0134391952,0.9494866894,0.8225483507
2022-05-05,0.0293986193,0.6500000000,0.0000000000,0.0000000000,0.0191091025,0.9676305279,0.8467301365
2022-05-06,-0.0064818704,0.6500000000,0.0000000000,0.0000000000,-0.0042132158,0.9635536917,0.8412417415
2022-05-09,-0.0037233576,0.6500000000,0.0000000000,0.0000000000,-0.0024201824,0.9612217160,0.8381094977
2022-05-10,-0.0163792994,0.6500000000,0.0000000000,0.0000000000,-0.0106465446,0.9509880261,0.8243818513
2022-05-11,0.0414474980,0.6500000000,0.0000000000,0.0000000000,0.0269408737,0.9766084744,0.8585504164
2022-05-12,-0.0002503033,0.6500000000,0.0000000000,0.0000000000,-0.0001626971,0.9764495830,0.8583355184
2022-05-13,0.0219828067,0.6500000000,0.0000000000,0.0000000000,0.0142888244,0.9904018996,0.8772041422
2022-05-16,0.0049978794,0.6500000000,0.0000000000,0.0000000000,0.0032486216,0.9936193406,0.8815883027
2022-05-17,-0.0106473263,0.6500000000,0.0000000000,0.0000000000,-0.0069207621,0.9867427376,0.8722017444
2022-05-18,0.0234703314,0.6500000000,0.0000000000,0.0000000000,0.0152557154,1.0017962040,0.8926726084
2022-05-19,-0.0265551194,0.6500000000,0.0000000000,0.0000000000,-0.0172608276,0.9845043724,0.8689675807
2022-05-20,0.0343737022,0.6500000000,0.0000000000,0.0000000000,0.0223429064,1.0065010614,0.8988372135
2022-05-23,0.0128302899,0.6500000000,0.0000000000,0.0000000000,0.0083396884,1.0148949667,0.9103695555
2022-05-24,-0.0004833439,0.6500000000,0.0000000000,0.0000000000,-0.0003141736,1.0145761135,0.9099295339
2022-05-25,-0.0365724554,0.6500000000,0.0000000000,0.0000000000,-0.0237720960,0.9904575127,0.8766511766
2022-05-26,0.0010194061,0.6500000000,0.0000000000,0.0000000000,0.0006626140,0.9911138037,0.8775448402
2022-05-27,0.0023859353,0.6528607014,0.0028607014,0.0000034328,0.0015542505,0.9926542429,0.8796386054
2022-05-30,-0.0079542263,0.6527618466,0.0000988548,0.0000001186,-0.0051923341,0.9875000505,0.8726417609
2022-05-31,0.0068113051,0.6544779592,0.0017161127,0.0000020593,0.0044557897,0.9919001431,0.8785855902
2022-06-01,0.0290809222,0.6534934380,0.0009845213,0.0000011814,0.0190030104,1.0107492318,0.9041356694
2022-06-02,0.0171384208,0.6500000000,0.0034934380,0.0000041921,0.0111357814,1.0220047143,0.9196311270
2022-06-06,0.0349123326,0.6500000000,0.0000000000,0.0000000000,0.0226930162,1.0451970839,0.9517375948
2022-06-07,0.0213952796,0.6500000000,0.0000000000,0.0000000000,0.0139069317,1.0597325683,0.9721002867
2022-06-08,0.0054888617,0.6500000000,0.0000000000,0.0000000000,0.0035677601,1.0635134399,0.9774360107
2022-06-09,0.0058369835,0.6500000000,0.0000000000,0.0000000000,0.0037940393,1.0675484517,0.9831412886
2022-06-10,-0.0331079982,0.6500000000,0.0000000000,0.0000000000,-0.0215201988,1.0445745968,0.9505914486
2022-06-13,0.0077219911,0.6500000000,0.0000000000,0.0000000000,0.0050192942,1.0498176240,0.9579319073
2022-06-14,-0.0063497869,0.6500000000,0.0000000000,0.0000000000,-0.0041273615,1.0454846471,0.9518492438
2022-06-15,-0.0195243878,0.6500000000,0.0000000000,0.0000000000,-0.0126908521,1.0322165561,0.9332649700
2022-06-16,0.0261636943,0.6500000000,0.0000000000,0.0000000000,0.0170064013,1.0497708451,0.9576826294
2022-06-17,-0.0102258025,0.6500000000,0.0000000000,0.0000000000,-0.0066467716,1.0427932581,0.9478895560
2022-06-20,0.0184253357,0.6949842214,0.0449842214,0.0000539811,0.0127513365,1.0560902658,0.9653547393
2022-06-21,-0.0040615250,0.6978558505,0.0028716291,0.0000034460,-0.0028378049,1.0530932877,0.9614339269
2022-06-22,0.0140396946,0.6977886235,0.0000672270,0.0000000807,0.0097966585,1.0634100830,0.9749321656
2022-06-23,-0.0270632623,0.6950643922,0.0027242313,0.0000032691,-0.0188139790,1.0434031080,0.9485473207
2022-06-24,0.0611463493,0.6848597435,0.0102046487,0.0000122456,0.0418644275,1.0870845818,1.0065475265
2022-06-27,0.0289717412,0.6500000000,0.0348597435,0.0000418317,0.0187898001,1.1075106837,1.0357089609
2022-06-28,0.0110779100,0.6500000000,0.0000000000,0.0000000000,0.0072006415,1.1154854711,1.0471824516
2022-06-29,0.0044098291,0.6539323631,0.0039323631,0.0000047188,0.0028790111,1.1186969662,1.0518003472
2022-06-30,-0.0128976710,0.6569935852,0.0030612221,0.0000036735,-0.0084773606,1.1092133686,1.0382345724
2022-07-01,0.0067712720,0.6575025857,0.0005090005,0.0000006108,0.0044515181,1.1141510520,1.0452647411
2022-07-04,-0.0017649516,0.6616217698,0.0041191841,0.0000049430,-0.0011726734,1.1128445166,1.0434198994
2022-07-05,-0.0033260046,0.6615045686,0.0001172012,0.0000001406,-0.0022003079,1.1103959161,1.0399494800
2022-07-06,0.0156282468,0.6614970938,0.0000074748,0.0000000090,0.0103380308,1.1218752233,1.0562020671
2022-07-07,-0.0026815352,0.6593646221,0.0021324718,0.0000025590,-0.0017706684,1.1198887543,1.0533698241
2022-07-08,-0.0073268467,0.6604781687,0.0011135466,0.0000013363,-0.0048405585,1.1144678672,1.0456519449
2022-07-11,-0.0047173760,0.6597318174,0.0007463513,0.0000008956,-0.0031130987,1.1109984188,1.0407192115
2022-07-12,-0.0090795806,0.6648816194,0.0051498020,0.0000061798,-0.0060430260,1.1042846264,1.0312699175
2022-07-13,-0.0211926795,0.6683716270,0.0034900076,0.0000041880,-0.0141687737,1.0886382675,1.0094145447
2022-07-14,-0.0152988846,0.6622507311,0.0061208959,0.0000073451,-0.0101390426,1.0776005177,0.9939716281
2022-07-15,0.0190111656,0.6594159064,0.0028348247,0.0000034018,0.0125328632,1.0911059376,1.0128681873
2022-07-18,-0.0107147081,0.6632398182,0.0038239118,0.0000045887,-0.0071110098,1.0833470726,1.0020156003
2022-07-19,0.0077912809,0.6650040000,0.0017641818,0.0000021170,0.0051791159,1.0889578527,1.0098225853
2022-07-20,0.0071797413,0.6656344966,0.0006304966,0.0000007566,0.0047783269,1.0941612493,1.0170728502
2022-07-21,0.0072370939,0.6685143764,0.0028798798,0.0000034559,0.0048346454,1.0994511310,1.0244335019
2022-07-22,0.0100808579,0.6715004157,0.0029860393,0.0000035832,0.0067657170,1.1068897063,1.0347606705
2022-07-25,-0.0195151124,0.6716436926,0.0001432768,0.0000001719,-0.0131073741,1.0923812888,1.0145671997
2022-07-26,0.0022177183,0.7029053649,0.0312616723,0.0000375140,0.0015213321,1.0940431635,1.0168172239
2022-07-27,-0.0054195256,0.7415409988,0.0386356339,0.0000463628,-0.0040651632,1.0895956995,1.0113065569
2022-07-28,-0.0016226030,0.7443515849,0.0028105861,0.0000033727,-0.0012111599,1.0882760249,1.0096656078
2022-07-29,0.0025641998,0.7489821659,0.0046305809,0.0000055567,0.0019149832,1.0903600552,1.0122545921
2022-08-01,-0.0071495282,0.7616364205,0.0126542547,0.0000151851,-0.0054605262,1.0844061155,1.0050174493
2022-08-02,0.0033076804,0.7613817315,0.0002546891,0.0000003056,0.0025181018,1.0871367605,1.0083417258
2022-08-03,0.0166228540,0.7622989527,0.0009172212,0.0000011007,0.0126704835,1.1009113089,1.0251032431
2022-08-04,0.0007600630,0.7666540778,0.0043551251,0.0000052262,0.0005774792,1.1015470623,1.0258823861
2022-08-05,0.0173629303,0.7963642751,0.0297101973,0.0000356522,0.0137915652,1.1167391205,1.0436947105
2022-08-08,0.0424838476,0.7923141648,0.0040501103,0.0000048601,0.0336556941,1.1543237507,1.0880348775
2022-08-09,-0.0151005341,0.7681212177,0.0241929471,0.0000290315,-0.0116280722,1.1409011907,1.0716049697
2022-08-10,0.0118816535,0.7613805578,0.0067406599,0.0000080888,0.0090383712,1.1512130792,1.0843374086
2022-08-11,-0.0012600447,0.7639766826,0.0025961247,0.0000031153,-0.0009657601,1.1501012835,1.0829710950
2022-08-12,0.0067907055,0.7712690839,0.0072924013,0.0000087509,0.0052287103,1.1561148300,1.0903252328
2022-08-15,-0.0022131872,0.7899072918,0.0186382079,0.0000223658,-0.0017705786,1.1540678378,1.0879121389
2022-08-16,-0.0165056658,0.8101293820,0.0202220902,0.0000242665,-0.0133959914,1.1386079550,1.0699554247
2022-08-17,0.0017874360,0.8035440396,0.0065853424,0.0000079024,0.0014283811,1.1402343211,1.0718679015
2022-08-18,0.0069616787,0.8037700799,0.0002260403,0.0000002712,0.0055953178,1.1466142945,1.0793299014
2022-08-19,-0.0015680342,0.8417025358,0.0379324560,0.0000455189,-0.0013653373,1.1450487792,1.0776374752
2022-08-22,-0.0073630491,0.8411862868,0.0005162490,0.0000006195,-0.0061943154,1.1379559859,1.0697027776
2022-08-23,-0.0062392990,0.8381957626,0.0029905242,0.0000035886,-0.0052333426,1.1320006723,1.0630285821
2022-08-24,-0.0050877132,0.8391185208,0.0009227582,0.0000011073,-0.0042703016,1.1271666880,1.0576201976
2022-08-25,-0.0237112456,0.8376165440,0.0015019768,0.0000018024,-0.0198627340,1.1047780759,1.0325427053
2022-08-26,0.0017048977,0.8373301457,0.0002863982,0.0000003437,0.0014272186,1.1063548357,1.0343030850
2022-08-29,-0.0185747374,0.8430483341,0.0057181884,0.0000068618,-0.0156662633,1.0890223896,1.0150911768
2022-08-30,0.0214243630,0.8617888450,0.0187405108,0.0000224886,0.0184407884,1.1091048210,1.0368388586
2022-08-31,-0.0137444411,0.8617562067,0.0000326383,0.0000000392,-0.0118443966,1.0959681437,1.0225880880
2022-09-01,0.0178585584,0.8562859671,0.0054702395,0.0000065643,0.0152854687,1.1127205304,1.0408500371
2022-09-02,-0.0105371024,0.8492572118,0.0070287554,0.0000084345,-0.0089571447,1.1027537316,1.0298824937
2022-09-05,0.0024075241,0.8783963770,0.0291391652,0.0000349670,0.0020797934,1.1050472316,1.0323619606
2022-09-06,0.0222622602,0.8795394256,0.0011430487,0.0000013717,0.0195791639,1.1266831324,1.0553446712
2022-09-07,-0.0056577982,0.8690089125,0.0105305132,0.0000126366,-0.0049293137,1.1211293578,1.0493737440
2022-09-08,0.0075404959,0.8807349864,0.0117260739,0.0000140713,0.0066271073,1.1285592023,1.0572865424
2022-09-09,0.0079035802,0.8976948740,0.0169598876,0.0000203519,0.0070746516,1.1365433655,1.0656428914
2022-09-13,0.0178783782,0.9012212186,0.0035263446,0.0000042316,0.0161081421,1.1548509676,1.0846948580
2022-09-14,-0.0031807676,0.9017805987,0.0005593801,0.0000006713,-0.0028690258,1.1515376703,1.0812446957
2022-09-15,0.0288805714,0.9020996649,0.0003190662,0.0000003829,0.0260527709,1.1815384174,1.1124716603
2022-09-16,-0.0073026656,0.8844236591,0.0176760058,0.0000212112,-0.0064798614,1.1738822122,1.1043476518
2022-09-19,-0.0073183727,0.9087247829,0.0243011238,0.0000291613,-0.0066795480,1.1660412096,1.0962656241
2022-09-20,-0.0063687077,1.0000000000,0.0912752171,0.0001095303,-0.0064782379,1.1584873172,1.0892838288
2022-09-21,-0.0092894836,1.0000000000,0.0000000000,0.0000000000,-0.0092894836,1.1477255683,1.0791649445
2022-09-22,-0.0136111577,1.0000000000,0.0000000000,0.0000000000,-0.0136111577,1.1321036946,1.0644762603
2022-09-23,0.0026324032,1.0000000000,0.0000000000,0.0000000000,0.0026324032,1.1350838480,1.0672783910
2022-09-26,-0.0142205550,1.0000000000,0.0000000000,0.0000000000,-0.0142205550,1.1189423257,1.0521010999
2022-09-27,0.0126655971,1.0000000000,0.0000000000,0.0000000000,0.0126655971,1.1331143983,1.0654265885
2022-09-28,0.0208306712,1.0000000000,0.0000000000,0.0000000000,0.0208306712,1.1567179317,1.0876201394
2022-09-29,0.0024742015,1.0000000000,0.0000000000,0.0000000000,0.0024742015,1.1595798850,1.0903111308
2022-09-30,-0.0021276807,1.0000000000,0.0000000000,0.0000000000,-0.0021276807,1.1571126693,1.0879912969
2022-10-10,-0.0248791902,1.0000000000,0.0000000000,0.0000000000,-0.0248791902,1.1283246431,1.0609229545
2022-10-11,-0.0493805390,1.0000000000,0.0000000000,0.0000000000,-0.0493805390,1.0726073641,1.0085340072
2022-10-12,-0.0196954266,0.9297826433,0.0702173567,0.0000842608,-0.0183967266,1.0528748996,0.9886704997
2022-10-13,0.0218116789,0.9196674373,0.0101152059,0.0000121382,0.0200473526,1.0739822540,1.0102350632
2022-10-14,0.0189998853,0.9181032853,0.0015641520,0.0000018770,0.0174419801,1.0927146311,1.0294294135
2022-10-17,0.0048636937,0.9148110974,0.0032921880,0.0000039506,0.0044454104,1.0975721961,1.0344362429
2022-10-18,0.0511508594,0.9256750306,0.0108639332,0.0000130367,0.0473360366,1.1495269137,1.0873485457
2022-10-19,0.0042076709,0.8532367676,0.0724382629,0.0000869259,0.0035032136,1.1535539520,1.0919237505
2022-10-20,-0.0191916348,0.8541140843,0.0008773167,0.0000010528,-0.0163928983,1.1346438594,1.0709679487
2022-10-21,0.0431072651,0.8440002289,0.0101138554,0.0000121366,0.0363704050,1.1759113161,1.1171344480
2022-10-24,0.0103631911,0.8025773145,0.0414229145,0.0000497075,0.0082675546,1.1856332271,1.1287115258
2022-10-25,-0.0258282657,0.8024680768,0.0001092377,0.0000001311,-0.0207264898,1.1610592121,1.0995588646
2022-10-26,0.0025545355,0.7956989788,0.0067690980,0.0000081229,0.0020245184,1.1634097979,1.1023677268
2022-10-27,0.0179850705,0.7956858644,0.0000131143,0.0000000157,0.0143104506,1.1800587163,1.1221938881
2022-10-28,-0.0116360689,0.7910314186,0.0046544458,0.0000055853,-0.0092100814,1.1691902795,1.1091359627
2022-10-31,-0.0219238588,0.7874286152,0.0036028034,0.0000043234,-0.0172677971,1.1490009389,1.0848194225
2022-11-01,0.0175076015,0.7760623251,0.0113662901,0.0000136395,0.0135733504,1.1645967313,1.1038120087
2022-11-02,0.0193254057,0.7724274803,0.0036348448,0.0000043618,0.0149231126,1.1819761395,1.1251436236
2022-11-03,0.0058261770,0.7664386836,0.0059887967,0.0000071866,0.0044582209,1.1872456502,1.1316989095
2022-11-04,0.0090169262,0.7704019391,0.0039632555,0.0000047559,0.0069419015,1.1954873926,1.1419033550
2022-11-07,0.0109959750,0.7694182150,0.0009837242,0.0000011805,0.0084593230,1.2056004066,1.1544596958
2022-11-08,0.0010942821,0.7725283262,0.0031101112,0.0000037321,0.0008416318,1.2066150782,1.1557230004
2022-11-09,-0.0069612178,0.8084929748,0.0359646486,0.0000431576,-0.0056712532,1.1997720585,1.1476777609
2022-11-10,-0.0134297095,0.8131053002,0.0046123255,0.0000055348,-0.0109253027,1.1866641856,1.1322647820
2022-11-11,0.0354686269,0.8109276503,0.0021776499,0.0000026132,0.0287598771,1.2207925017,1.1724246591
2022-11-14,0.0546709132,0.7851349132,0.0257927371,0.0000309513,0.0428930914,1.2731560661,1.2365221859
2022-11-15,0.0105636384,0.7328441005,0.0522908127,0.0000627490,0.0076787511,1.2829323147,1.2495843592
2022-11-16,0.0175789031,0.7320634328,0.0007806677,0.0000009368,0.0128679354,1.2994410048,1.2715506816
2022-11-17,-0.0119105367,0.7346734656,0.0026100328,0.0000031320,-0.0087534873,1.2880663644,1.2564058305
2022-11-18,-0.0048394703,0.7309289750,0.0037444905,0.0000044934,-0.0035418025,1.2835042878,1.2503254918
2022-11-21,-0.0120663569,0.7302619766,0.0006669985,0.0000008004,-0.0088124020,1.2721935320,1.2352386182
2022-11-22,0.0037265026,0.7269627791,0.0032991975,0.0000039590,0.0027050696,1.2756349041,1.2398417381
2022-11-23,0.0089588829,0.7285832957,0.0016205167,0.0000019446,0.0065253478,1.2839588656,1.2509493351
2022-11-24,0.0043642834,0.7293033952,0.0007200994,0.0000008641,0.0031820226,1.2880444517,1.2564088325
2022-11-25,0.0018752493,0.7303673042,0.0010639090,0.0000012767,0.0013683441,1.2898069397,1.2587649123
2022-11-28,-0.0040088937,0.7429559947,0.0125886905,0.0000151064,-0.0029935380,1.2859458536,1.2537186576
2022-11-29,0.0363675537,0.7420255514,0.0009304433,0.0000011165,0.0269845376,1.3206465077,1.2993133382
2022-11-30,0.0574647814,0.7323730931,0.0096524583,0.0000115829,0.0420740767,1.3762114902,1.3739780951
2022-12-01,0.0161283023,0.6929874033,0.0393856898,0.0000472628,0.0111294475,1.3915279638,1.3961380292
2022-12-02,-0.0021318698,0.6964275887,0.0034401853,0.0000041282,-0.0014888212,1.3894562275,1.3931616447
2022-12-05,0.0035080221,0.6979742315,0.0015466428,0.0000018560,0.0024466531,1.3928557449,1.3980488866
2022-12-06,0.0090925748,0.7016068795,0.0036326480,0.0000043592,0.0063750539,1.4017352753,1.4107607507
2022-12-07,0.0022629481,0.7015278910,0.0000789885,0.0000000948,0.0015874264,1.4039604268,1.4139532290
2022-12-08,-0.0154282871,0.7057709853,0.0042430943,0.0000050917,-0.0108939291,1.3886657815,1.3921383527
2022-12-09,0.0173790526,0.7011842300,0.0045867552,0.0000055041,0.0121804135,1.4055803049,1.4163323983
2022-12-12,0.0233378414,0.6989980703,0.0021861597,0.0000026234,0.0163104827,1.4285059982,1.4493865392
2022-12-13,-0.0099033290,0.6942831391,0.0047149312,0.0000056579,-0.0068813723,1.4186759166,1.4350327874
2022-12-14,0.0130050099,0.6933833176,0.0008998215,0.0000010798,0.0090163771,1.4314672337,1.4536954030
2022-12-15,-0.0214745091,0.6934283758,0.0000450582,0.0000000541,-0.0148910880,1.4101511291,1.4224780079
2022-12-16,-0.0098626943,0.6919462001,0.0014821757,0.0000017786,-0.0068262324,1.4005251098,1.4084485422
2022-12-19,0.0018853716,0.6910012780,0.0009449221,0.0000011339,0.0013016603,1.4023481177,1.4111039911
2022-12-20,-0.0274171864,0.6928677798,0.0018665018,0.0000022398,-0.0189987248,1.3757052917,1.3724154900
2022-12-21,0.0023884072,0.6803752439,0.0124925359,0.0000149910,0.0016100221,1.3779202076,1.3756933771
2022-12-22,-0.0049265496,0.6828177293,0.0024424854,0.0000029310,-0.0033668664,1.3732809343,1.3689159554
2022-12-23,-0.0199916334,0.6861041724,0.0032864431,0.0000039437,-0.0137202869,1.3544391260,1.3415490894
2022-12-26,-0.0227587723,0.6780714231,0.0080327493,0.0000096393,-0.0154417124,1.3335242665,1.3110170791
2022-12-27,0.0400036779,0.6729455819,0.0051258412,0.0000061510,0.0269141473,1.3694149350,1.3634625840
2022-12-28,0.0112038692,0.6574327698,0.0155128121,0.0000186154,0.0073471754,1.3794762667,1.3787386405
2022-12-29,-0.0045353059,0.6602417487,0.0028089790,0.0000033708,-0.0029977691,1.3753409154,1.3724856390
2022-12-30,-0.0007118153,0.6593417907,0.0008999581,0.0000010799,-0.0004704095,1.3746939419,1.3715086827
2023-01-03,-0.0085132916,0.6595353537,0.0001935630,0.0000002323,-0.0056150490,1.3669749680,1.3598326294
2023-01-04,0.0320171163,0.6682271173,0.0086917636,0.0000104301,0.0213842752,1.3962067369,1.4033705488
2023-01-05,-0.0137379084,0.6991635543,0.0309364369,0.0000371237,-0.0096421686,1.3827442761,1.3840911727
2023-01-06,0.0053653638,0.7031699392,0.0040063850,0.0000048077,0.0037679549,1.3879543942,1.3915173254
2023-01-09,0.0123388439,0.7071285418,0.0039586026,0.0000047503,0.0087203984,1.4000579095,1.4086870405
2023-01-10,0.0130236524,0.7092192860,0.0020907442,0.0000025089,0.0092341165,1.4129862074,1.4270332908
2023-01-11,0.0216480016,0.7083503617,0.0008689243,0.0000010427,0.0153333271,1.4346519870,1.4579257098
2023-01-12,-0.0144011470,0.7384459951,0.0300956333,0.0000361148,-0.0106705841,1.4193434123,1.4369299073
2023-01-13,-0.0073002066,0.7320184268,0.0064275682,0.0000077131,-0.0053515988,1.4117476558,1.4264400221
2023-01-16,0.0040312239,0.7394601209,0.0074416940,0.0000089300,0.0029719993,1.4159433688,1.4321903212
2023-01-17,0.0587881159,0.7668708409,0.0274107201,0.0000328929,0.0450499990,1.4797316162,1.5163860918
2023-01-18,0.0251207223,0.7158608226,0.0510100184,0.0000612120,0.0179217289,1.5062509650,1.5544788057
2023-01-19,-0.0123250442,0.7256194026,0.0097585800,0.0000117103,-0.0089550015,1.4927624854,1.5353197857
2023-01-20,0.0210524404,0.7203843734,0.0052350292,0.0000062820,0.0151595671,1.5153921184,1.5676420140
2023-01-30,-0.0090199428,0.7190175872,0.0013667862,0.0000016401,-0.0064871377,1.5055615611,1.5535019727
2023-01-31,-0.0103749684,0.7203817662,0.0013641790,0.0000016370,-0.0074755750,1.4943066227,1.5373844389
2023-02-01,-0.0177447045,0.7287913310,0.0084095649,0.0000100915,-0.0129422783,1.4749668906,1.5101040064
2023-02-02,0.0458046016,0.7219835774,0.0068077536,0.0000081693,0.0330620008,1.5237322471,1.5792737188
2023-02-03,-0.0028117203,0.6997684243,0.0222151531,0.0000266582,-0.0019942113,1.5206936031,1.5748332428
2023-02-06,-0.0107742267,0.6986715744,0.0010968499,0.0000013162,-0.0075289622,1.5092443585,1.5578656324
2023-02-07,0.0088414117,0.6949358473,0.0037357271,0.0000044829,0.0061397311,1.5185107130,1.5716393639
2023-02-08,-0.0102587089,0.6952215726,0.0002857254,0.0000003429,-0.0071324186,1.5076800589,1.5555163731
2023-02-09,-0.0165822020,0.6919876177,0.0032339549,0.0000038807,-0.0114785592,1.4903740641,1.5297224864
2023-02-10,0.0271415409,0.6873721516,0.0046154661,0.0000055386,0.0186508008,1.5181707339,1.5712415118
2023-02-13,-0.0119580561,0.6856436905,0.0017284611,0.0000020742,-0.0082010399,1.5057201551,1.5524525176
2023-02-14,0.0235262084,0.6943964138,0.0087527232,0.0000105033,0.0163260115,1.5303025597,1.5889758391
2023-02-15,-0.0122544080,0.7278636524,0.0334672386,0.0000401607,-0.0089596989,1.5165915095,1.5695038808
2023-02-16,0.0190760940,0.7240589499,0.0038047025,0.0000045656,0.0138076509,1.5375320757,1.5994438843
2023-02-17,-0.0148638016,0.7233533466,0.0007056033,0.0000008467,-0.0107526274,1.5209995662,1.5756700677
2023-02-20,-0.0261957546,0.7216739611,0.0016793856,0.0000020153,-0.0189068092,1.4922423175,1.5343942013
2023-02-21,0.0167145018,0.7085934563,0.0130805048,0.0000156966,0.0118280900,1.5098926939,1.5600408359
2023-02-22,-0.0133525150,0.7099500719,0.0013566156,0.0000016279,-0.0094812469,1.4955770285,1.5392103673
2023-02-23,0.0190486613,0.7053510411,0.0045990308,0.0000055188,0.0134304743,1.5156633373,1.5685302643
2023-02-24,0.0027708983,0.7022625938,0.0030884473,0.0000037061,0.0019421921,1.5186070466,1.5728765021
2023-02-27,-0.0234557389,0.7022439712,0.0000186226,0.0000000223,-0.0164716736,1.4935930471,1.5359835216
2023-02-28,0.0006036026,0.6914433860,0.0108005852,0.0000129607,0.0004043963,1.4941970506,1.5369106452
2023-03-01,0.0033800305,0.6921406967,0.0006973107,0.0000008368,0.0023386199,1.4976914095,1.5421054500
2023-03-02,0.0136290350,0.7084058346,0.0162651379,0.0000195182,0.0096353698,1.5121222201,1.5631228592
2023-03-03,0.0239745190,0.7575222175,0.0491163828,0.0000589397,0.0181022911,1.5394950967,1.6005979779
2023-03-06,0.0172722751,0.7523463703,0.0051758472,0.0000062110,0.0129885225,1.5594908634,1.6282439465
2023-03-07,0.0320581611,0.7488146511,0.0035317192,0.0000042381,0.0240013827,1.5969208004,1.6804424533
2023-03-08,-0.0279850500,0.7339041005,0.0149105506,0.0000178927,-0.0205562356,1.5640941202,1.6334151873
2023-03-09,0.0085528933,0.7186422144,0.0152618861,0.0000183143,0.0061281559,1.5736791328,1.6473856131
2023-03-10,0.0162045082,0.7180906383,0.0005515761,0.0000006619,0.0116356438,1.5919899026,1.6740806868
2023-03-13,-0.0096489589,0.7207582115,0.0026675731,0.0000032011,-0.0069577675,1.5809132070,1.6579275510
2023-03-14,-0.0063827806,0.7214870446,0.0007288332,0.0000008746,-0.0046059681,1.5736315712,1.6473453632
2023-03-15,0.0228599937,0.7272845819,0.0057975373,0.0000069570,0.0166187639,1.5997833828,1.6850036678
2023-03-16,-0.0298838567,0.7230675247,0.0042170573,0.0000050605,-0.0216131068,1.5652070937,1.6346492596
2023-03-17,-0.0005332720,0.7081448323,0.0149226923,0.0000179072,-0.0003955410,1.5645879901,1.6337775470
2023-03-20,-0.0091423861,0.7169038229,0.0087589906,0.0000105108,-0.0065647223,1.5543169044,1.6188409219
2023-03-21,-0.0065621584,0.7171804560,0.0002766330,0.0000003320,-0.0047065837,1.5470013818,1.6082178314
2023-03-22,-0.0072678173,0.7158924505,0.0012880055,0.0000015456,-0.0052045211,1.5389499805,1.5965295981
2023-03-23,-0.0015535061,0.7289954965,0.0131030460,0.0000157237,-0.0011482226,1.5371829234,1.5940493797
2023-03-24,0.0200198689,0.7286971366,0.0002983599,0.0000003580,0.0145880631,1.5596074449,1.6259620393
2023-03-27,-0.0181249422,0.7247907503,0.0039063863,0.0000046877,-0.0131414781,1.5391118977,1.5964915713
2023-03-28,-0.0095135890,0.7261593166,0.0013685663,0.0000016423,-0.0069100236,1.5284765982,1.5813032066
2023-03-29,-0.0185653095,0.7348194341,0.0086601174,0.0000103921,-0.0136525423,1.5076090068,1.5519458232
2023-03-30,0.0424096359,0.7512926742,0.0164732402,0.0000197679,0.0318422809,1.5556147162,1.6177632805
2023-03-31,-0.0073221969,0.7249373101,0.0263553641,0.0000316264,-0.0053397601,1.5473081068,1.6059176993
2023-04-03,0.0302766395,0.7241320561,0.0008052540,0.0000009663,0.0219233189,1.5812302358,1.6545394905
2023-04-04,0.0189688999,0.7124521806,0.0116798755,0.0000140159,0.0135004183,1.6025775054,1.6859242845
2023-04-06,-0.0126116292,0.7110078968,0.0014442838,0.0000017331,-0.0089687011,1.5882044667,1.6646620325
2023-04-07,0.0626182564,0.7199397494,0.0089318525,0.0000107182,0.0450706536,1.6597858801,1.7689002665
2023-04-10,0.0037493926,0.6734983161,0.0464414333,0.0000557297,0.0024694799,1.6638846879,1.7755325681
2023-04-11,-0.0183169024,0.6735096694,0.0000113533,0.0000000136,-0.0123366245,1.6433579673,1.7430103113
2023-04-12,-0.0197006913,0.6678817504,0.0056279190,0.0000067535,-0.0131644857,1.6217240049,1.7086718033
2023-04-13,-0.0037764446,0.6621743249,0.0057074255,0.0000068489,-0.0025075136,1.6176575099,1.7022190989
2023-04-14,0.0214719354,0.6660027542,0.0038284292,0.0000045941,0.0142957740,1.6407831762,1.7387690375
2023-04-17,0.0283099444,0.6656006752,0.0004020789,0.0000004825,0.0188426356,1.6716998556,1.7879934922
2023-04-18,-0.0026801252,0.6594795310,0.0061211443,0.0000073454,-0.0017748331,1.6687328674,1.7832014457
2023-04-19,0.0040131966,0.6589358684,0.0005436626,0.0000006524,0.0026437868,1.6731446412,1.7903577836
2023-04-20,0.0138377295,0.7006334401,0.0416975717,0.0000500371,0.0096451390,1.6892823538,1.8151322704
2023-04-21,0.0006232633,0.7062938979,0.0056604578,0.0000067925,0.0004334145,1.6900145133,1.8162635758
2023-04-24,-0.0227981377,0.7097780688,0.0034841709,0.0000041810,-0.0161857992,1.6626602779,1.7748561487
2023-04-25,-0.0223149644,0.7050623555,0.0047157132,0.0000056589,-0.0157391002,1.6364915012,1.7352502970
2023-04-26,-0.0168467125,0.6979655423,0.0070968133,0.0000085162,-0.0117669410,1.6172350022,1.7060170341
2023-04-27,0.0083650682,0.6950060439,0.0029594984,0.0000035514,0.0058102216,1.6266314959,1.7202879830
2023-04-28,0.0157536845,0.7002681419,0.0052620980,0.0000063145,0.0110254888,1.6445659033,1.7473888571
2023-05-04,0.0054686668,0.7274370088,0.0271688669,0.0000326026,0.0039455080,1.6510545512,1.7569447445
2023-05-05,0.0149064921,0.7276051667,0.0001681579,0.0000002018,0.0108458389,1.6689616229,1.7831346275
2023-05-08,-0.0019363205,0.7277366270,0.0001314603,0.0000001578,-0.0014092891,1.6666095734,1.7796819073
2023-05-09,0.0144983902,0.7281367474,0.0004001204,0.0000004801,0.0105563306,1.6842028550,1.8054844301
2023-05-10,-0.0320186156,0.7284189594,0.0002822120,0.0000003387,-0.0233233053,1.6449216776,1.7476753181
2023-05-11,0.0013185547,0.7149097427,0.0135092167,0.0000162111,0.0009264365,1.6464455931,1.7499797236
2023-05-12,-0.0147073893,0.7249733121,0.0100635694,0.0000120763,-0.0106745410,1.6288705421,1.7242420905
2023-05-15,-0.0178735282,0.7235874747,0.0013858374,0.0000016630,-0.0129347242,1.6078015509,1.6934238008
2023-05-16,0.0384218966,0.7252791704,0.0016916957,0.0000020300,0.0278645712,1.6526022517,1.7584883549
2023-05-17,-0.0031310866,0.7068486940,0.0184304764,0.0000221166,-0.0022353210,1.6489081552,1.7529823756
2023-05-18,0.0012204830,0.7110165044,0.0041678103,0.0000050014,0.0008627822,1.6503308037,1.7551218608
2023-05-19,0.0015678111,0.7154080763,0.0043915720,0.0000052699,0.0011163548,1.6521731585,1.7578735603
2023-05-22,0.0175617680,0.7285813547,0.0131732784,0.0000158079,0.0127793688,1.6732868886,1.7887449280
2023-05-23,-0.0076030380,0.7281641966,0.0004171582,0.0000005006,-0.0055367606,1.6640222997,1.7751450324
2023-05-24,-0.0101711011,0.7306789923,0.0025147958,0.0000030178,-0.0074348277,1.6516505806,1.7570898528
2023-05-25,-0.0039179048,0.7327893378,0.0021103455,0.0000025324,-0.0028735313,1.6469045111,1.7502057421
2023-05-26,-0.0018522037,0.7321987905,0.0005905474,0.0000007087,-0.0013568900,1.6446698428,1.7469640045
2023-05-29,0.0128161906,0.7433342275,0.0111354370,0.0000133625,0.0095133506,1.6603161637,1.7693534282
2023-05-30,-0.0136159395,0.7414745261,0.0018597014,0.0000022316,-0.0100981039,1.6435501186,1.7452620190
2023-05-31,-0.0065112535,0.7370063794,0.0044681467,0.0000053618,-0.0048041972,1.6356541798,1.7338981755
2023-06-01,-0.0077765507,0.7380488911,0.0010425117,0.0000012510,-0.0057407256,1.6262643379,1.7204144284
2023-06-02,-0.0029676429,0.7453096563,0.0072607653,0.0000087129,-0.0022205258,1.6226531759,1.7153088527
2023-06-05,0.0043876786,0.7496712658,0.0043616094,0.0000052339,0.0032840827,1.6279821030,1.7228350767
2023-06-06,-0.0137759381,0.7679366284,0.0182653626,0.0000219184,-0.0106009659,1.6107239203,1.6991014074
2023-06-07,-0.0189234746,0.7802755054,0.0123388770,0.0000148067,-0.0147803303,1.5869168887,1.6669485051
2023-06-08,0.0157444038,0.7738213453,0.0064541602,0.0000077450,0.0121756107,1.6062385709,1.6931936154
2023-06-09,0.0001125022,0.7741105387,0.0002891934,0.0000003470,0.0000867421,1.6063778994,1.6933841034
2023-06-12,0.0238782172,0.7761608761,0.0020503374,0.0000024604,0.0185308776,1.6361454916,1.7338190968
2023-06-13,0.0047204787,0.7665383118,0.0096225643,0.0000115471,0.0036068807,1.6420468732,1.7420035529
2023-06-14,0.0287544741,0.7758707050,0.0093323932,0.0000111989,0.0222985552,1.6786621461,1.7920939490
2023-06-15,-0.0021568156,0.7801015208,0.0042308158,0.0000050770,-0.0016876121,1.6758292156,1.7882287329
2023-06-16,-0.0014176774,0.7798995280,0.0002019928,0.0000002424,-0.0011058883,1.6739759357,1.7856936015
2023-06-19,0.0060426574,0.7821372376,0.0022377096,0.0000026853,0.0047235021,1.6818829646,1.7964839362
2023-06-20,-0.0046050112,0.7832681196,0.0011308820,0.0000013571,-0.0036083155,1.6758142002,1.7882111076
2023-06-21,-0.0120614507,0.7841534967,0.0008853771,0.0000010625,-0.0094590912,1.6599625209,1.7666426875
2023-06-26,-0.0339698288,0.7803276493,0.0038258475,0.0000045910,-0.0265121877,1.6159532831,1.7066301379
2023-06-27,-0.0155679070,0.7622834735,0.0180441758,0.0000216530,-0.0118888112,1.5967415196,1.6800614787
2023-06-28,0.0078207401,0.7640428273,0.0017593539,0.0000021112,0.0059732692,1.6062792864,1.6932008029
2023-06-29,0.0104258610,0.7653911546,0.0013483273,0.0000016180,0.0079782438,1.6190945743,1.7108538792
2023-06-30,0.0017630983,0.7718032971,0.0064121425,0.0000076946,0.0013530705,1.6212853234,1.7138702828
2023-07-03,0.0106243027,0.8076199559,0.0358166588,0.0000429800,0.0085374189,1.6351269154,1.7320789595
2023-07-04,-0.0027226118,0.8072974736,0.0003224824,0.0000003870,-0.0021983446,1.6315323429,1.7273631809
2023-07-05,0.0059602177,0.8270505373,0.0197530638,0.0000237037,0.0049056976,1.6395361472,1.7376586415
2023-07-06,-0.0136236812,0.8346353242,0.0075847868,0.0000091017,-0.0113799073,1.6208783778,1.7139853342
2023-07-07,-0.0127153156,0.8339341232,0.0007012010,0.0000008414,-0.0106045770,1.6036896483,1.6921914698
2023-07-10,-0.0060549329,0.9484553264,0.1145212032,0.0001374254,-0.0058802588,1.5942595381,1.6819453640
2023-07-11,-0.0058631719,0.9481367370,0.0003185894,0.0000003823,-0.0055594710,1.5853962985,1.6720838292
2023-07-12,0.0096761550,0.9588137709,0.0106770340,0.0000128124,0.0092648182,1.6000847070,1.6882631715
2023-07-13,0.0249429134,0.9694812753,0.0106675043,0.0000128010,0.0241688864,1.6387569726,1.7303733735
2023-07-14,0.0356474863,0.9466043862,0.0228768891,0.0000274523,0.0337166146,1.6940103099,1.7920568346
2023-07-17,-0.0045390116,0.9186174975,0.0279868887,0.0000335843,-0.0042031998,1.6868900461,1.7839226678
2023-07-18,-0.0086469987,0.9452365731,0.0266190756,0.0000319429,-0.0082054023,1.6730484346,1.7684970908
2023-07-19,-0.0016683005,0.9427611576,0.0024754155,0.0000029705,-0.0015757794,1.6704120794,1.7655467063
2023-07-20,-0.0051843072,0.9432779732,0.0005168157,0.0000006202,-0.0048908630,1.6622423229,1.7563935698
2023-07-21,-0.0084111271,0.9497305101,0.0064525369,0.0000077430,-0.0079960470,1.6489509550,1.7416203203
2023-07-24,-0.0100149644,0.9474708287,0.0022596813,0.0000027116,-0.0094915982,1.6332997751,1.7241780548
2023-07-25,0.0020071024,0.9628587547,0.0153879260,0.0000184655,0.0019140906,1.6364260588,1.7276386567
2023-07-26,0.0101433007,0.9822252413,0.0193664865,0.0000232398,0.0099397662,1.6526917512,1.7451626151
2023-07-27,0.0055127968,0.9903197947,0.0080945535,0.0000097135,0.0054497183,1.6616984558,1.7547833420
2023-07-28,-0.0066378054,0.9918829011,0.0015631064,0.0000018757,-0.0065858014,1.6507548397,1.7431354316
2023-07-31,0.0302211976,1.0000000000,0.0081170989,0.0000097405,0.0302114571,1.7006265488,1.7958150720
2023-08-01,-0.0036474793,0.9643969722,0.0356030278,0.0000427236,-0.0035603416,1.6945717373,1.7892648737
2023-08-02,-0.0075815153,0.9721677218,0.0077707496,0.0000093249,-0.0073798293,1.6820660870,1.7756995347
2023-08-03,-0.0231115046,0.9699830383,0.0021846835,0.0000026216,-0.0224203891,1.6443535109,1.7346604467
2023-08-04,0.0287659069,0.9581193284,0.0118637099,0.0000142365,0.0275469349,1.6896504101,1.7845595276
2023-08-07,-0.0014615766,0.9654886910,0.0073693625,0.0000088432,-0.0014199789,1.6872511422,1.7819512572
2023-08-08,-0.0097783180,0.9653803986,0.0001082924,0.0000001300,-0.0094399265,1.6713236155,1.7645267712
2023-08-09,-0.0094386490,0.9703004646,0.0049200660,0.0000059041,-0.0091642296,1.6560072222,1.7478720224
2023-08-10,0.0052711551,0.9799457750,0.0096453104,0.0000115744,0.0051538718,1.6645420712,1.7570853270
2023-08-11,0.0047697479,1.0000000000,0.0200542250,0.0000240651,0.0047456828,1.6724414599,1.7654661810
2023-08-14,-0.0275985369,1.0000000000,0.0000000000,0.0000000000,-0.0275985369,1.6262845225,1.7167418974
2023-08-15,0.0097673266,1.0000000000,0.0000000000,0.0000000000,0.0097673266,1.6421689745,1.7335098762
2023-08-16,-0.0323836014,1.0000000000,0.0000000000,0.0000000000,-0.0323836014,1.5889896291,1.6773725834
2023-08-17,-0.0269346900,0.9748804517,0.0251195483,0.0000301435,-0.0262882462,1.5472178785,1.6321930729
2023-08-18,0.0110783144,0.9507262932,0.0241541585,0.0000289850,0.0105034598,1.5634690193,1.6502750209
2023-08-21,-0.0190659216,0.9482501828,0.0024761104,0.0000029713,-0.0180822349,1.5351980052,1.6188110068
2023-08-22,0.0004676865,0.9367746196,0.0114755632,0.0000137707,0.0004243461,1.5358494605,1.6195681028
2023-08-23,0.0029756362,0.9366953701,0.0000792496,0.0000000951,0.0027871696,1.5401301334,1.6243873483
2023-08-24,-0.0115357356,0.9431692275,0.0064738575,0.0000077686,-0.0108879195,1.5233613205,1.6056488453
2023-08-25,0.0056532170,0.9448818657,0.0017126382,0.0000020552,0.0053395671,1.5314954105,1.6147259267
2023-08-28,0.0619814091,0.9442139844,0.0006678813,0.0000008015,0.0585229118,1.6211229813,1.7148089149
2023-08-29,-0.0772845099,0.8288000505,0.1154139339,0.0001384967,-0.0641919024,1.5170600130,1.5822807483
2023-08-30,0.0736406413,0.7131153910,0.1156846595,0.0001388216,0.0523754531,1.5965167186,1.6988009173
2023-08-31,0.0095424607,0.6500000000,0.0631153910,0.0000757385,0.0061268610,1.6062983546,1.7150116583
2023-09-01,0.0167251488,0.6500000000,0.0000000000,0.0000000000,0.0108713467,1.6237609809,1.7436954835
2023-09-04,0.0051380219,0.6500000000,0.0000000000,0.0000000000,0.0033397142,1.6291838786,1.7526546291
2023-09-05,-0.0100501103,0.6500000000,0.0000000000,0.0000000000,-0.0065325717,1.6185411181,1.7350402568
2023-09-06,0.0036288742,0.6500000000,0.0000000000,0.0000000000,0.0023587683,1.6223588815,1.7413364997
2023-09-07,0.0207451686,0.6500000000,0.0000000000,0.0000000000,0.0134843596,1.6442353521,1.7774608190
2023-09-08,-0.0420164130,0.6500000000,0.0000000000,0.0000000000,-0.0273106685,1.5993301855,1.7027782911
2023-09-11,0.0142276599,0.6500000000,0.0000000000,0.0000000000,0.0092479789,1.6141207574,1.7270048415
2023-09-12,-0.0079051197,0.6500000000,0.0000000000,0.0000000000,-0.0051383278,1.6058268758,1.7133526615
2023-09-13,-0.0098350253,0.6500000000,0.0000000000,0.0000000000,-0.0063927665,1.5955611996,1.6965017947
2023-09-14,-0.0055369664,0.6500000000,0.0000000000,0.0000000000,-0.0035990281,1.5898187300,1.6871083213
2023-09-15,-0.0130027794,0.6500000000,0.0000000000,0.0000000000,-0.0084518066,1.5763818895,1.6651712240
2023-09-18,-0.0151942103,0.6500000000,0.0000000000,0.0000000000,-0.0098762367,1.5608131688,1.6398702622
2023-09-19,-0.0172261796,0.6500000000,0.0000000000,0.0000000000,-0.0111970168,1.5433367176,1.6116215625
2023-09-20,-0.0159039181,0.6500000000,0.0000000000,0.0000000000,-0.0103375467,1.5273824022,1.5859904652
2023-09-21,-0.0154975415,0.6500000000,0.0000000000,0.0000000000,-0.0100734020,1.5119964653,1.5614115122
2023-09-22,-0.0146699714,0.6500000000,0.0000000000,0.0000000000,-0.0095354814,1.4975788511,1.5385056500
2023-09-25,0.0244057279,0.6500000000,0.0000000000,0.0000000000,0.0158637231,1.5213360274,1.5760540003
2023-09-26,-0.0046161920,0.6500000000,0.0000000000,0.0000000000,-0.0030005248,1.5167712210,1.5687786325
2023-09-27,-0.0010433797,0.6500000000,0.0000000000,0.0000000000,-0.0006781968,1.5157425516,1.5671418007
2023-09-28,0.0061203663,0.6500000000,0.0000000000,0.0000000000,0.0039782381,1.5217725363,1.5767332826
2023-10-09,0.0119280289,0.6500000000,0.0000000000,0.0000000000,0.0077532188,1.5335711717,1.5955406027
2023-10-10,-0.0006082528,0.6500000000,0.0000000000,0.0000000000,-0.0003953643,1.5329648524,1.5945701106
2023-10-11,-0.0029394731,0.6500000000,0.0000000000,0.0000000000,-0.0019106575,1.5300358815,1.5898829146
2023-10-12,0.0263449364,0.6500000000,0.0000000000,0.0000000000,0.0171242087,1.5562365352,1.6317682789
2023-10-13,0.0114744653,0.6500000000,0.0000000000,0.0000000000,0.0074584024,1.5678435736,1.6504919474
2023-10-16,-0.0027458270,0.6500000000,0.0000000000,0.0000000000,-0.0017847876,1.5650453059,1.6459599820
2023-10-17,-0.0287333488,0.6500000000,0.0000000000,0.0000000000,-0.0186766767,1.5358154607,1.5986660398
2023-10-18,0.0201197933,0.6500000000,0.0000000000,0.0000000000,0.0130778657,1.5559006490,1.6308308701
2023-10-19,-0.0098720588,0.6500000000,0.0000000000,0.0000000000,-0.0064168382,1.5459166862,1.6147312118
2023-10-20,-0.0133623445,0.6500000000,0.0000000000,0.0000000000,-0.0086855239,1.5324895898,1.5931546171
2023-10-23,0.0053214853,0.6500000000,0.0000000000,0.0000000000,0.0034589655,1.5377904184,1.6016325660
2023-10-24,-0.0011890180,0.6500000000,0.0000000000,0.0000000000,-0.0007728617,1.5366019191,1.5997281961
2023-10-25,0.0157783795,0.6500000000,0.0000000000,0.0000000000,0.0102559466,1.5523612264,1.6249693146
2023-10-26,-0.0210472805,0.6500000000,0.0000000000,0.0000000000,-0.0136807323,1.5311237880,1.5907681296
2023-10-27,0.0252075393,0.6500000000,0.0000000000,0.0000000000,0.0163849005,1.5562110989,1.6308674797
2023-10-30,0.0194031138,0.6500000000,0.0000000000,0.0000000000,0.0126120240,1.5758380706,1.6625113870
2023-10-31,0.0160477722,0.6500000000,0.0000000000,0.0000000000,0.0104310519,1.5922757193,1.6891909910
2023-11-01,-0.0007147594,0.6500000000,0.0000000000,0.0000000000,-0.0004645936,1.5915359582,1.6879836259
2023-11-02,-0.0058343971,0.6500000000,0.0000000000,0.0000000000,-0.0037923581,1.5855002840,1.6781352592
2023-11-03,-0.0193518821,0.6500000000,0.0000000000,0.0000000000,-0.0125787234,1.5655567145,1.6456601835
2023-11-06,0.0471020689,0.6500000000,0.0000000000,0.0000000000,0.0306163448,1.6134883387,1.7231741829
2023-11-07,0.0186505867,0.6500000000,0.0000000000,0.0000000000,0.0121228814,1.6330484664,1.7553123924
2023-11-08,-0.0013299877,0.6500000000,0.0000000000,0.0000000000,-0.0008644920,1.6316367090,1.7529778485
2023-11-09,0.0114681109,0.6500000000,0.0000000000,0.0000000000,0.0074542721,1.6437993730,1.7730811928
2023-11-10,-0.0038396582,0.6500000000,0.0000000000,0.0000000000,-0.0024957779,1.6396968149,1.7662731670
2023-11-13,0.0109298136,0.6500000000,0.0000000000,0.0000000000,0.0071043788,1.6513458422,1.7855782034
2023-11-14,-0.0066881770,0.6500000000,0.0000000000,0.0000000000,-0.0043473150,1.6441669216,1.7736359404
2023-11-15,0.0166338157,0.6500000000,0.0000000000,0.0000000000,0.0108119802,1.6619436218,1.8031382737
2023-11-16,-0.0173357115,0.6500000000,0.0000000000,0.0000000000,-0.0112682125,1.6432164880,1.7718795888
2023-11-17,-0.0133362750,0.6500000000,0.0000000000,0.0000000000,-0.0086685787,1.6289721365,1.7482493154
2023-11-20,0.0059766415,0.6500000000,0.0000000000,0.0000000000,0.0038848170,1.6353003951,1.7586979748
2023-11-21,-0.0062907819,0.6500000000,0.0000000000,0.0000000000,-0.0040890082,1.6286136383,1.7476343895
2023-11-22,-0.0033934939,0.6500000000,0.0000000000,0.0000000000,-0.0022057711,1.6250212895,1.7417038028
2023-11-23,-0.0098435595,0.6500000000,0.0000000000,0.0000000000,-0.0063983137,1.6146238936,1.7245592378
2023-11-24,0.0025906509,0.6500000000,0.0000000000,0.0000000000,0.0016839231,1.6173427961,1.7290269688
2023-11-27,-0.0109807533,0.6500000000,0.0000000000,0.0000000000,-0.0071374896,1.6057990286,1.7100409502
2023-11-28,-0.0053599531,0.6500000000,0.0000000000,0.0000000000,-0.0034839695,1.6002044737,1.7008752109
2023-11-29,-0.0025090345,0.6733029223,0.0233029223,0.0000279635,-0.0017173037,1.5974564366,1.6966076564
2023-11-30,-0.0125335007,0.7717402753,0.0984373530,0.0001181248,-0.0097907321,1.5818161686,1.6753432232
2023-12-01,-0.0043933805,0.9012627049,0.1295224296,0.0001554269,-0.0041150169,1.5753069683,1.6679828029
2023-12-04,0.0017239961,0.9037557965,0.0024930916,0.0000029917,0.0015550797,1.5777566962,1.6708583987
2023-12-05,-0.0106032784,0.9132189851,0.0094631887,0.0000113558,-0.0096944709,1.5624611798,1.6531418220
2023-12-06,-0.0249370567,0.9111398493,0.0020791358,0.0000024950,-0.0227236410,1.5269563729,1.6119173307
2023-12-07,-0.0001764394,0.8954221608,0.0157176885,0.0000188612,-0.0001768490,1.5266863321,1.6116329249
2023-12-08,-0.0008727181,0.8961020141,0.0006798532,0.0000008158,-0.0007828603,1.5254911501,1.6102264237
2023-12-11,-0.0129599141,0.9117368769,0.0156348629,0.0000187618,-0.0118347935,1.5074372774,1.5893580275
2023-12-12,0.0120918952,0.9663465077,0.0546096308,0.0000655316,0.0116194291,1.5249528380,1.6085763782
2023-12-13,0.0058360560,0.9687341614,0.0023876537,0.0000028652,0.0056507217,1.5335699220,1.6179641201
2023-12-14,-0.0065953304,0.9688073072,0.0000731458,0.0000000878,-0.0063896920,1.5237708825,1.6072931122
2023-12-15,-0.0028738420,0.9707018960,0.0018945887,0.0000022735,-0.0027919174,1.5195166401,1.6026740057
2023-12-18,-0.0124832610,0.9714275207,0.0007256247,0.0000008707,-0.0121274540,1.5010887719,1.5826674078
2023-12-19,-0.0102976787,0.9719235448,0.0004960241,0.0000005952,-0.0100091516,1.4860641467,1.5663696073
2023-12-20,0.0164403003,0.9766553006,0.0047317558,0.0000056781,0.0160508284,1.5099167073,1.5921211941
2023-12-21,-0.0201097248,0.9766813952,0.0000260946,0.0000000313,-0.0196408254,1.4802606970,1.5601040751
2023-12-22,0.0113178023,0.9706615968,0.0060197984,0.0000072238,0.0109785323,1.4965117868,1.5777610246
2023-12-25,-0.0146467693,0.9752489622,0.0045873654,0.0000055048,-0.0142897514,1.4751270054,1.5546519228
2023-12-26,0.0062450175,0.9752768511,0.0000278888,0.0000000335,0.0060905875,1.4841113955,1.5643607512
2023-12-27,-0.0141802370,0.9982909536,0.0230141026,0.0000276169,-0.0141836192,1.4630613245,1.5421777450
2023-12-28,0.0143779337,0.9907073857,0.0075835679,0.0000091003,0.0142352248,1.4838883314,1.5643510744
2023-12-29,0.0314071087,0.9820689148,0.0086384709,0.0000103662,0.0308335790,1.5296419196,1.6134828187
2024-01-02,0.0052255712,0.9457695779,0.0362993369,0.0000435592,0.0048986270,1.5371350648,1.6219141880
2024-01-03,-0.0264967199,0.9498012697,0.0040316918,0.0000048380,-0.0251714562,1.4984431369,1.5789387821
2024-01-04,-0.0110196693,0.9244518154,0.0253494543,0.0000304193,-0.0102175727,1.4831326852,1.5615393988
2024-01-05,-0.0237136225,0.9206749986,0.0037768168,0.0000045322,-0.0218370715,1.4507454107,1.5245096430
2024-01-08,-0.0002913794,0.9272531877,0.0065781891,0.0000078938,-0.0002780763,1.4503419928,1.5240654323
2024-01-09,-0.0178115689,0.9327646237,0.0055114360,0.0000066137,-0.0166206151,1.4262364168,1.4969194359
2024-01-10,-0.0063665246,0.9234260930,0.0093385307,0.0000112062,-0.0058902212,1.4178355689,1.4873892615
2024-01-11,-0.0082648093,0.9493398641,0.0259137711,0.0000310965,-0.0078772095,1.4066669811,1.4750962729
2024-01-12,0.0041926930,0.9650194143,0.0156795502,0.0000188155,0.0040272147,1.4123319310,1.4812808987
2024-01-15,-0.0090735374,0.9665454886,0.0015260743,0.0000018313,-0.0087718179,1.3999432125,1.4678404411
2024-01-16,0.0027180556,0.9698962212,0.0033507326,0.0000040209,0.0026322110,1.4036281585,1.4718301131
2024-01-17,0.0188690919,0.9709914345,0.0010952133,0.0000013143,0.0183204123,1.4293432051,1.4996022107
2024-01-18,-0.0342135397,0.9554702169,0.0155212177,0.0000186255,-0.0327086437,1.3825913275,1.4482955109
2024-01-19,0.0153030158,0.9271555146,0.0283147023,0.0000339776,0.0141542979,1.4021609369,1.4704588000
2024-01-22,-0.0067175955,0.9306185543,0.0034630397,0.0000041556,-0.0062556746,1.3933894743,1.4605808526
2024-01-23,-0.0302064195,0.9554960264,0.0248774721,0.0000298530,-0.0288919668,1.3531317119,1.4164619346
2024-01-24,0.0157060354,0.9434955653,0.0120004611,0.0000144006,0.0148041742,1.3731637094,1.4387089359
2024-01-25,0.0076009935,0.9439551312,0.0004595660,0.0000005515,0.0071744454,1.3830153974,1.4496445532
2024-01-26,0.0317469390,0.9403716197,0.0035835116,0.0000043002,0.0298496202,1.4242978818,1.4956663304
2024-01-29,-0.0027161138,0.9019916019,0.0383800177,0.0000460560,-0.0024959678,1.4207428802,1.4916039305
2024-01-30,-0.0139413563,0.9120888855,0.0100972836,0.0000121167,-0.0127278728,1.4026598454,1.4708089487
2024-01-31,-0.0194400265,0.9975641652,0.0854752797,0.0001025703,-0.0194952441,1.3753146493,1.4422163838
2024-02-01,-0.0263237533,1.0000000000,0.0024358348,0.0000029230,-0.0263266763,1.3391071857,1.4042518355
2024-02-02,0.0041412981,0.9834593582,0.0165406418,0.0000198488,0.0040529496,1.3445345197,1.4100672610
2024-02-05,-0.0431605005,0.9904618728,0.0070025146,0.0000084030,-0.0427572332,1.2870459438,1.3492080523
2024-02-06,-0.0223143508,0.9316338970,0.0588279758,0.0000705936,-0.0208593992,1.2601989387,1.3191013505
2024-02-07,0.1085088070,0.9292007282,0.0024331688,0.0000029198,0.1008235427,1.3872566602,1.4622354644
2024-02-08,0.0533044468,0.6658901411,0.2633105871,0.0003159727,0.0351789329,1.4360588691,1.5401791169
2024-02-19,-0.0015558722,0.6500000000,0.0158901411,0.0000190682,-0.0010303851,1.4345791755,1.5377827950
2024-02-20,-0.0182963723,0.6500000000,0.0000000000,0.0000000000,-0.0118926420,1.4175182389,1.5096469485
2024-02-21,-0.0043158547,0.6500000000,0.0000000000,0.0000000000,-0.0028053056,1.4135416671,1.5031315316
2024-02-22,0.0379495563,0.6500000000,0.0000000000,0.0000000000,0.0246672116,1.4484097985,1.5601747063
2024-02-23,0.0294423344,0.6500000000,0.0000000000,0.0000000000,0.0191375173,1.4761287662,1.6061098917
2024-02-26,0.0246254467,0.6500000000,0.0000000000,0.0000000000,0.0160065404,1.4997564809,1.6456610653
2024-02-27,-0.0115007123,0.6500000000,0.0000000000,0.0000000000,-0.0074754630,1.4885451068,1.6267347908
2024-02-28,0.0459419765,0.6500000000,0.0000000000,0.0000000000,0.0298622848,1.5329964646,1.7014702024
2024-02-29,-0.0464564133,0.6500000000,0.0000000000,0.0000000000,-0.0301966686,1.4867050784,1.6224259995
2024-03-01,0.0746318531,0.6500000000,0.0000000000,0.0000000000,0.0485107045,1.5588261892,1.7435106584
2024-03-04,-0.0085274934,0.6500000000,0.0000000000,0.0000000000,-0.0055428707,1.5501858172,1.7286428828
2024-03-05,0.0073880713,0.6500000000,0.0000000000,0.0000000000,0.0048022464,1.5576301913,1.7414142197
2024-03-06,-0.0255287608,0.6500000000,0.0000000000,0.0000000000,-0.0165936945,1.5317833518,1.6969580726
2024-03-07,0.0056899712,0.6500000000,0.0000000000,0.0000000000,0.0036984813,1.5374486238,1.7066137151
2024-03-08,-0.0350937056,0.6500000000,0.0000000000,0.0000000000,-0.0228109086,1.5023780237,1.6467223158
2024-03-11,0.0139558601,0.6500000000,0.0000000000,0.0000000000,0.0090713090,1.5160065590,1.6697037420
2024-03-12,0.0491150816,0.6500000000,0.0000000000,0.0000000000,0.0319248031,1.5644047699,1.7517113776
2024-03-13,0.0077893708,0.6500000000,0.0000000000,0.0000000000,0.0050630910,1.5723254936,1.7653561071
2024-03-14,0.0286986545,0.6500000000,0.0000000000,0.0000000000,0.0186541254,1.6016558506,1.8160194521
2024-03-15,-0.0345919830,0.6500000000,0.0000000000,0.0000000000,-0.0224847890,1.5656429568,1.7531997380
2024-03-18,0.0261682327,0.6500000000,0.0000000000,0.0000000000,0.0170093513,1.5922735278,1.7990778768
2024-03-19,0.0196587087,0.6500000000,0.0000000000,0.0000000000,0.0127781607,1.6126198548,1.8344454247
2024-03-20,-0.0109732755,0.6500000000,0.0000000000,0.0000000000,-0.0071326291,1.6011176355,1.8143155497
2024-03-21,0.0289939520,0.6500000000,0.0000000000,0.0000000000,0.0188460688,1.6312924087,1.8669197277
2024-03-22,-0.0087109684,0.6500000000,0.0000000000,0.0000000000,-0.0056621295,1.6220558198,1.8506570489
2024-03-25,0.0008410015,0.6500000000,0.0000000000,0.0000000000,0.0005466510,1.6229425183,1.8522134543
2024-03-26,-0.0190194004,0.6500000000,0.0000000000,0.0000000000,-0.0123626103,1.6028787124,1.8169854650
2024-03-27,-0.0187770962,0.6500000000,0.0000000000,0.0000000000,-0.0122051125,1.5833153974,1.7828677542
2024-03-28,-0.0257232419,0.6500000000,0.0000000000,0.0000000000,-0.0167201073,1.5568421941,1.7370066156
2024-03-29,0.0056603582,0.6500000000,0.0000000000,0.0000000000,0.0036792329,1.5625701791,1.7468386953
2024-04-01,0.0170494637,0.6500000000,0.0000000000,0.0000000000,0.0110821514,1.5798868184,1.7766213583
2024-04-02,-0.0248888913,0.6500000000,0.0000000000,0.0000000000,-0.0161777793,1.5543277581,1.7324032225
2024-04-03,0.0002604237,0.6500000000,0.0000000000,0.0000000000,0.0001692754,1.5545908676,1.7328543813
2024-04-08,-0.0160363660,0.6500000000,0.0000000000,0.0000000000,-0.0104236379,1.5383863753,1.7050656943
2024-04-09,-0.0003325359,0.6500000000,0.0000000000,0.0000000000,-0.0002161483,1.5380538557,1.7044986988
2024-04-10,0.0097485434,0.6500000000,0.0000000000,0.0000000000,0.0063365532,1.5477998158,1.7211150783
2024-04-11,-0.0133619897,0.6500000000,0.0000000000,0.0000000000,-0.0086852933,1.5343567204,1.6981175564
2024-04-12,-0.0020674906,0.6500000000,0.0000000000,0.0000000000,-0.0013438689,1.5322947462,1.6946067143
2024-04-15,0.0010263477,0.6500000000,0.0000000000,0.0000000000,0.0006671260,1.5333169798,1.6963459700
2024-04-16,-0.0208405791,0.6500000000,0.0000000000,0.0000000000,-0.0135463764,1.5125460909,1.6609931377
2024-04-17,-0.0269711550,0.6500000000,0.0000000000,0.0000000000,-0.0175312507,1.4860292661,1.6161942344
2024-04-18,0.0106116585,0.6500000000,0.0000000000,0.0000000000,0.0068975780,1.4962792690,1.6333447357
2024-04-19,-0.0180448339,0.6500000000,0.0000000000,0.0000000000,-0.0117291420,1.4787291969,1.6038713013
2024-04-22,-0.0292910216,0.6500000000,0.0000000000,0.0000000000,-0.0190391641,1.4505754291,1.5568922723
2024-04-23,0.0196843059,0.6500000000,0.0000000000,0.0000000000,0.0127947989,1.4691352500,1.5875386161
2024-04-24,0.0281206961,0.6500000000,0.0000000000,0.0000000000,0.0182784525,1.4959887688,1.6321813071
2024-04-25,0.0031678715,0.6500000000,0.0000000000,0.0000000000,0.0020591165,1.4990691839,1.6373518477
2024-04-26,0.0416967948,0.6500000000,0.0000000000,0.0000000000,0.0271029166,1.5396983310,1.7056241717
2024-04-29,0.0299006796,0.6500000000,0.0000000000,0.0000000000,0.0194354417,1.5696230482,1.7566234936
2024-04-30,0.0292669366,0.6500000000,0.0000000000,0.0000000000,0.0190235088,1.5994827861,1.8080344821
2024-05-06,-0.0013052501,0.6500000000,0.0000000000,0.0000000000,-0.0008484126,1.5981257648,1.8056745449
2024-05-07,0.0001355027,0.6500000000,0.0000000000,0.0000000000,0.0000880768,1.5982665226,1.8059192187
2024-05-08,0.0005600084,0.6500000000,0.0000000000,0.0000000000,0.0003640054,1.5988483003,1.8069305486
2024-05-09,-0.0079178731,0.6500000000,0.0000000000,0.0000000000,-0.0051466175,1.5906196397,1.7926235019
2024-05-10,0.0074250106,0.6500000000,0.0000000000,0.0000000000,0.0048262569,1.5982963787,1.8059337504
2024-05-13,-0.0273272327,0.6500000000,0.0000000000,0.0000000000,-0.0177627013,1.5699063176,1.7565825785
2024-05-14,-0.0005895008,0.6500000000,0.0000000000,0.0000000000,-0.0003831755,1.5693047679,1.7555470716
2024-05-15,-0.0166625385,0.6500000000,0.0000000000,0.0000000000,-0.0108306500,1.5523081772,1.7262952010
2024-05-16,0.0178378380,0.6500000000,0.0000000000,0.0000000000,0.0115945947,1.5703065613,1.7570885751
2024-05-17,0.0095589589,0.6500000000,0.0000000000,0.0000000000,0.0062133233,1.5800633836,1.7738845125
2024-05-20,0.0279471207,0.6500000000,0.0000000000,0.0000000000,0.0181656285,1.6087662280,1.8234594771
2024-05-21,-0.0031028774,0.6500000000,0.0000000000,0.0000000000,-0.0020168703,1.6055215551,1.8178015059
2024-05-22,0.0049484781,0.6500000000,0.0000000000,0.0000000000,0.0032165107,1.6106857325,1.8267968568
2024-05-23,0.0051807513,0.6500000000,0.0000000000,0.0000000000,0.0033674883,1.6161096979,1.8362610370
2024-05-24,0.0189119663,0.6500000000,0.0000000000,0.0000000000,0.0122927781,1.6359761758,1.8709883438
2024-05-27,-0.0436442392,0.6500000000,0.0000000000,0.0000000000,-0.0283687555,1.5895655676,1.7893304809
2024-05-28,0.0342650815,0.6500000000,0.0000000000,0.0000000000,0.0222723030,1.6249688535,1.8506420356
2024-05-29,-0.0230063671,0.6500000000,0.0000000000,0.0000000000,-0.0149541386,1.6006688441,1.8080654856
2024-05-30,-0.0082613786,0.6500000000,0.0000000000,0.0000000000,-0.0053698961,1.5920734187,1.7931283721
2024-05-31,0.0151998890,0.6500000000,0.0000000000,0.0000000000,0.0098799278,1.6078029892,1.8203837243
2024-06-03,0.0214109861,0.6730506840,0.0230506840,0.0000276608,0.0143830180,1.6309280486,1.8593599350
2024-06-04,0.0053922631,0.6689216523,0.0041290316,0.0000049548,0.0036020467,1.6368027276,1.8693860930
2024-06-05,0.0040900616,0.6691797857,0.0002581333,0.0000003098,0.0027366768,1.6412821277,1.8770319973
2024-06-06,0.0020083579,0.6789098529,0.0097300673,0.0000116761,0.0013518179,1.6435008422,1.8808017493
2024-06-07,0.0023258478,0.6791088241,0.0001989712,0.0000002388,0.0015792650,1.6460963655,1.8851762079
2024-06-11,0.0043605023,0.6987706585,0.0196618344,0.0000235942,0.0030233968,1.6510731681,1.8933965230
2024-06-12,0.0380232039,0.7007063930,0.0019357345,0.0000023229,0.0266407792,1.6950590437,1.9653895250
2024-06-13,0.0007347030,0.7148207011,0.0141143081,0.0000169372,0.0005082438,1.6959205469,1.9668335026
2024-06-14,0.0070445218,0.7153160118,0.0004953107,0.0000005944,0.0050384648,1.7044653829,1.9806889040
2024-06-17,-0.0161043761,0.7266252752,0.0113092634,0.0000135711,-0.0117154178,1.6844968588,1.9487911450
2024-06-18,0.0212082627,0.7439230305,0.0172977553,0.0000207573,0.0157565577,1.7110387308,1.9901216195
2024-06-19,0.0026847248,0.7478149266,0.0038918961,0.0000046703,0.0020030070,1.7144659533,1.9954645483
2024-06-20,-0.0190822300,0.7537100321,0.0058951055,0.0000070741,-0.0143895423,1.6897955730,1.9573866349
2024-06-21,-0.0101977506,0.7487779120,0.0049321201,0.0000059185,-0.0076417690,1.6768825456,1.9374256941
2024-06-24,-0.0000768604,0.7608990571,0.0121211451,0.0000145454,-0.0000730284,1.6767600856,1.9372767828
2024-06-25,-0.0074900232,0.7626377079,0.0017386508,0.0000020864,-0.0057142605,1.6671786417,1.9227665348
2024-06-26,-0.0296666297,0.7612999774,0.0013377305,0.0000016053,-0.0225868098,1.6295223948,1.8657245320
2024-06-27,0.0116328210,0.7512915797,0.0100083978,0.0000120101,0.0087276304,1.6437442640,1.8874281716
2024-06-28,-0.0208578610,0.7563063485,0.0050147688,0.0000060177,-0.0157809504,1.6178044173,1.8480604572
2024-07-01,0.0030908617,0.7608118850,0.0045055365,0.0000054066,0.0023461576,1.6216000415,1.8537725564
2024-07-02,0.0033532948,0.7611260839,0.0003141989,0.0000003770,0.0025519031,1.6257382077,1.8599888023
2024-07-03,-0.0063891773,0.7659718084,0.0048457245,0.0000058149,-0.0048997446,1.6177725057,1.8481050040
2024-07-04,0.0081633154,0.7783281219,0.0123563135,0.0000148276,0.0063389104,1.6280274206,1.8631916680
2024-07-05,-0.0220458236,0.7773890068,0.0009391151,0.0000011269,-0.0171393079,1.6001241574,1.8221160731
2024-07-08,0.0045163166,0.7724486381,0.0049403687,0.0000059284,0.0034826941,1.6056969004,1.8303453261
2024-07-09,-0.0495564224,0.7722967415,0.0001518966,0.0000001823,-0.0382724458,1.5442429528,1.7396399600
2024-07-10,-0.0327723986,0.7273414615,0.0449552799,0.0000539463,-0.0238906706,1.5073499531,1.6826277858
2024-07-11,0.0214816761,0.7127157449,0.0146257166,0.0000175509,0.0152927779,1.5304015212,1.7187734509
2024-07-12,0.0118306891,0.7058084160,0.0069073289,0.0000082888,0.0083419111,1.5431679946,1.7391077252
2024-07-15,0.0150507060,0.7038684669,0.0019399490,0.0000023279,0.0105913894,1.5595122878,1.7652825243
2024-07-16,-0.0132985270,0.7080361407,0.0041676737,0.0000050012,-0.0094208389,1.5448203737,1.7418068670
2024-07-17,0.0259087930,0.7172489542,0.0092128135,0.0000110554,0.0185719993,1.5735107767,1.7869349806
2024-07-18,0.0343866514,0.7092078333,0.0080411208,0.0000096493,0.0243776332,1.6118692452,1.8483816909
2024-07-19,0.0099614008,0.6995981736,0.0096096598,0.0000115316,0.0069574462,1.6230837389,1.8667941618
2024-07-22,0.0014423026,0.7147192138,0.0151210402,0.0000181452,0.0010126961,1.6247274294,1.8694866438
2024-07-23,-0.0073659057,0.7190917031,0.0043724893,0.0000052470,-0.0053020087,1.6161131105,1.8557161814
2024-07-24,-0.0507904893,0.7281437285,0.0090520254,0.0000108624,-0.0369936387,1.5563272060,1.7614634485
2024-07-25,-0.0172579738,0.6857308059,0.0424129226,0.0000508955,-0.0118852198,1.5378299150,1.7310641584
2024-07-26,0.0119544492,0.7051443279,0.0194135221,0.0000232962,0.0084063158,1.5507573990,1.7517580770
2024-07-29,0.0078968926,0.7166895059,0.0115451779,0.0000138542,0.0056457658,1.5595126122,1.7655915224
2024-07-30,-0.0133141129,0.7297475584,0.0130580525,0.0000156697,-0.0097316111,1.5443360420,1.7420842375
2024-07-31,-0.0029196058,0.7269309693,0.0028165891,0.0000033799,-0.0021257318,1.5410531977,1.7369980382
2024-08-01,0.0593281727,0.7268340029,0.0000969664,0.0000001164,0.0431216169,1.6075059033,1.8400509578
2024-08-02,-0.0088269418,0.6744957584,0.0523382445,0.0000628059,-0.0060165407,1.5978342787,1.8238089351
2024-08-05,-0.0264490642,0.6742809249,0.0002148334,0.0000002578,-0.0178343573,1.5693379313,1.7755708955
2024-08-06,-0.0015077094,0.6656811514,0.0085997735,0.0000103197,-0.0010139735,1.5677466642,1.7728938505
2024-08-07,0.0232445755,0.6755230057,0.0098418543,0.0000118102,0.0156904353,1.5923452918,1.8141040154
2024-08-08,-0.0118704429,0.6687631219,0.0067598837,0.0000081119,-0.0079466263,1.5796915187,1.7925697972
2024-08-09,0.0241781416,0.6706452491,0.0018821272,0.0000022586,0.0162126972,1.6053025791,1.8359108036
2024-08-12,-0.0224893250,0.6673320720,0.0033131771,0.0000039758,-0.0150118237,1.5812040598,1.7946224088
2024-08-13,-0.0026488711,0.6615034359,0.0058286361,0.0000069944,-0.0017592317,1.5784223555,1.7898686854
2024-08-14,-0.0023229954,0.6713170153,0.0098135794,0.0000117763,-0.0015712426,1.5759422710,1.7857108287
2024-08-15,-0.0235894798,0.6713707278,0.0000537125,0.0000000645,-0.0158373507,1.5509835206,1.7435868391
2024-08-16,0.0136515162,0.6647265912,0.0066441366,0.0000079730,0.0090665528,1.5650455946,1.7673894430
2024-08-19,-0.0000981824,0.6625984460,0.0021281452,0.0000025538,-0.0000676093,1.5649397830,1.7672159164
2024-08-20,0.0037169348,0.6674418383,0.0048433923,0.0000058121,0.0024750257,1.5688130492,1.7737845427
2024-08-21,-0.0212669699,0.6927966089,0.0253547706,0.0000304257,-0.0147641103,1.5456509203,1.7360615203
2024-08-22,0.0038234086,0.7041369443,0.0113403355,0.0000136084,0.0026785949,1.5497910929,1.7426991929
2024-08-23,-0.0083339409,0.7115215070,0.0073845626,0.0000088615,-0.0059386397,1.5405874420,1.7281756408
2024-08-26,-0.0098228225,0.7115036494,0.0000178576,0.0000000214,-0.0069889955,1.5298202833,1.7112000782
2024-08-27,0.0106243236,0.7141161117,0.0026124623,0.0000031350,0.0075838657,1.5414222348,1.7293804215
2024-08-28,-0.0143313104,0.7199648766,0.0058487649,0.0000070185,-0.0103250586,1.5255069599,1.7045961339
2024-08-29,-0.0022576339,0.7178767349,0.0020881417,0.0000025058,-0.0016232087,1.5230307438,1.7007477798
2024-08-30,0.0189926149,0.7183498906,0.0004731557,0.0000005678,0.0136427750,1.5438091096,1.7330494274
2024-09-02,0.0131347572,0.7119805682,0.0063693224,0.0000076432,0.0093440487,1.5582345372,1.7558126109
2024-09-03,-0.0274067379,0.7090156398,0.0029649285,0.0000035579,-0.0194353637,1.5279496822,1.7076915149
2024-09-04,-0.0015098257,0.6991397329,0.0098759069,0.0000118511,-0.0010674302,1.5263187025,1.7051131984
2024-09-05,0.0103225903,0.7239775535,0.0248378206,0.0000298054,0.0074435183,1.5376798837,1.7227143834
2024-09-06,0.0043346021,0.7215805329,0.0023970206,0.0000028764,0.0031248881,1.5424849613,1.7301816648
2024-09-09,-0.0352328911,0.7222647908,0.0006842579,0.0000008211,-0.0254482978,1.5032313446,1.6692223627
2024-09-10,-0.0088684532,0.7080351305,0.0142296603,0.0000170756,-0.0062962520,1.4937666212,1.6544189423
2024-09-11,-0.0045121729,0.7163368436,0.0083017131,0.0000099621,-0.0032421977,1.4889235345,1.6469539180
2024-09-12,0.0169669375,0.7168040158,0.0004671721,0.0000005606,0.0121614083,1.5070309416,1.6748976822
2024-09-13,-0.0010140372,0.7149120133,0.0018920025,0.0000022704,-0.0007272178,1.5059350018,1.6731992736
2024-09-18,-0.0103709082,0.7158680141,0.0009560008,0.0000011472,-0.0074253487,1.4947529094,1.6558466775
2024-09-19,0.0002375036,0.7149243695,0.0009436446,0.0000011324,0.0001686647,1.4950050214,1.6562399470
2024-09-20,0.0160509621,0.7152348343,0.0003104648,0.0000003726,0.0114798347,1.5121674320,1.6828241917
2024-09-23,-0.0191841581,0.7224450994,0.0072102652,0.0000086523,-0.0138681533,1.4911964622,1.6505406264
2024-09-24,0.0054236439,0.7204516537,0.0019934458,0.0000023921,0.0039050811,1.4970197053,1.6594925710
2024-09-25,0.0675103004,0.7255270098,0.0050753561,0.0000060904,0.0489744559,1.5703354308,1.7715254129
2024-09-26,-0.0219637192,0.6584659520,0.0670610578,0.0000804733,-0.0145428345,1.5474983025,1.7326161262
2024-09-27,0.0757462893,0.6531626312,0.0053033208,0.0000063640,0.0494682816,1.6240503844,1.8638553685
2024-09-30,0.1227285369,0.6500000000,0.0031626312,0.0000037952,0.0797697538,1.7536004837,2.0926036108
2024-10-08,0.2741098896,0.6500000000,0.0000000000,0.0000000000,0.1781714283,2.0660419865,2.6662069556
2024-10-09,-0.0703268127,0.6500000000,0.0000000000,0.0000000000,-0.0457124282,1.9715981904,2.4787011185
2024-10-10,-0.0323057395,0.6500000000,0.0000000000,0.0000000000,-0.0209987307,1.9301971310,2.3986248458
2024-10-11,-0.0231081026,0.6500000000,0.0000000000,0.0000000000,-0.0150202667,1.9012050553,2.3431971768
2024-10-14,-0.0560311641,0.6500000000,0.0000000000,0.0000000000,-0.0364202567,1.8319626792,2.2119051112
2024-10-15,0.0231803352,0.6500000000,0.0000000000,0.0000000000,0.0150672179,1.8595652600,2.2631778131
2024-10-16,-0.0301790814,0.6500000000,0.0000000000,0.0000000000,-0.0196164029,1.8230872786,2.1948771856
2024-10-17,0.0207252664,0.6500000000,0.0000000000,0.0000000000,0.0134714231,1.8476468588,2.2403665999
2024-10-18,-0.0072616737,0.6500000000,0.0000000000,0.0000000000,-0.0047200879,1.8389258032,2.2240977887
2024-10-21,0.0658594361,0.6500000000,0.0000000000,0.0000000000,0.0428086334,1.9176477038,2.3705756148
2024-10-22,-0.0059406370,0.6500000000,0.0000000000,0.0000000000,-0.0038614140,1.9102428720,2.3564928856
2024-10-23,-0.0104940736,0.6500000000,0.0000000000,0.0000000000,-0.0068211478,1.8972128230,2.3317636758
2024-10-24,-0.0047669911,0.6500000000,0.0000000000,0.0000000000,-0.0030985442,1.8913342252,2.3206481792
2024-10-25,0.0054765914,0.6500000000,0.0000000000,0.0000000000,0.0035597844,1.8980669673,2.3333574210
2024-10-28,0.0023542976,0.6500000000,0.0000000000,0.0000000000,0.0015302934,1.9009715667,2.3388508387
2024-10-29,-0.0007228923,0.6500000000,0.0000000000,0.0000000000,-0.0004698800,1.9000783382,2.3371601015
2024-10-30,-0.0150635157,0.6500000000,0.0000000000,0.0000000000,-0.0097912852,1.8814741293,2.3019542537
2024-10-31,0.0134028391,0.6500000000,0.0000000000,0.0000000000,0.0087118454,1.8978652411,2.3328069762
2024-11-01,0.0136204628,0.6500000000,0.0000000000,0.0000000000,0.0088533008,1.9146676130,2.3645808868
2024-11-04,0.0578937259,0.6500000000,0.0000000000,0.0000000000,0.0376309219,1.9867183203,2.5014752846
2024-11-05,-0.0167802029,0.6500000000,0.0000000000,0.0000000000,-0.0109071319,1.9650489216,2.4595000219
2024-11-06,0.0181687926,0.6500000000,0.0000000000,0.0000000000,0.0118097152,1.9882555897,2.5041861677
2024-11-07,-0.0162086328,0.6500000000,0.0000000000,0.0000000000,-0.0105356113,1.9673081016,2.4635967336
2024-11-08,0.0427884560,0.6500000000,0.0000000000,0.0000000000,0.0278124964,2.0220238511,2.5690102341
2024-11-11,-0.0017273459,0.6500000000,0.0000000000,0.0000000000,-0.0011227749,2.0197535736,2.5645726647
2024-11-12,0.0437783795,0.6500000000,0.0000000000,0.0000000000,0.0284559467,2.0772275736,2.6768455001
2024-11-13,-0.0305181083,0.6500000000,0.0000000000,0.0000000000,-0.0198367704,2.0360220871,2.5951532391
2024-11-14,-0.0008500476,0.6500000000,0.0000000000,0.0000000000,-0.0005525309,2.0348971219,2.5929472353
2024-11-15,-0.0282132610,0.6500000000,0.0000000000,0.0000000000,-0.0183386196,1.9975799176,2.5197917383
2024-11-18,-0.0177867994,0.6500000000,0.0000000000,0.0000000000,-0.0115614196,1.9744850579,2.4749727080
2024-11-19,-0.0063464657,0.6500000000,0.0000000000,0.0000000000,-0.0041252027,1.9663399067,2.4592653785
2024-11-20,0.0034896573,0.6500000000,0.0000000000,0.0000000000,0.0022682773,1.9708001109,2.4678473720
2024-11-21,0.0184978023,0.6500000000,0.0000000000,0.0000000000,0.0120235715,1.9944961668,2.5134971247
2024-11-22,0.0061128705,0.6500000000,0.0000000000,0.0000000000,0.0039733658,2.0024210298,2.5288618072
2024-11-25,-0.0311041050,0.6500000000,0.0000000000,0.0000000000,-0.0202176683,1.9619367457,2.4502038240
2024-11-26,-0.0028002376,0.6500000000,0.0000000000,0.0000000000,-0.0018201544,1.9583657178,2.4433426711
2024-11-27,0.0042845091,0.6500000000,0.0000000000,0.0000000000,0.0027849309,1.9638196310,2.4538111949
2024-11-28,0.0276896538,0.6500000000,0.0000000000,0.0000000000,0.0179982750,1.9991649968,2.5217563775
2024-11-29,-0.0049300015,0.6500000000,0.0000000000,0.0000000000,-0.0032045010,1.9927586705,2.5093241147
2024-12-02,-0.0003609340,0.6500000000,0.0000000000,0.0000000000,-0.0002346071,1.9922911552,2.5084184143
2024-12-03,0.0121731228,0.6500000000,0.0000000000,0.0000000000,0.0079125298,2.0080552184,2.5389536997
2024-12-04,0.0138775899,0.6500000000,0.0000000000,0.0000000000,0.0090204335,2.0261687469,2.5741882580
2024-12-05,-0.0247233746,0.6500000000,0.0000000000,0.0000000000,-0.0160701935,1.9936078230,2.5105456374
2024-12-06,-0.0002852592,0.6500000000,0.0000000000,0.0000000000,-0.0001854185,1.9932381713,2.5098294811
2024-12-09,0.0071616963,0.6500000000,0.0000000000,0.0000000000,0.0046551026,2.0025168995,2.5278041177
2024-12-10,0.0094971071,0.6500000000,0.0000000000,0.0000000000,0.0061731196,2.0148786759,2.5518109442
2024-12-11,-0.0262270464,0.6500000000,0.0000000000,0.0000000000,-0.0170475802,1.9805298701,2.4848844801
2024-12-12,-0.0017076887,0.6500000000,0.0000000000,0.0000000000,-0.0011099977,1.9783314866,2.4806410709
2024-12-13,0.0067188761,0.6500000000,0.0000000000,0.0000000000,0.0043672694,1.9869713932,2.4973081908
2024-12-16,-0.0108273226,0.6500000000,0.0000000000,0.0000000000,-0.0070377597,1.9729875661,2.4702690295
2024-12-17,0.0039961750,0.6500000000,0.0000000000,0.0000000000,0.0025975138,1.9781124285,2.4801406569
2024-12-18,0.0016534282,0.6500000000,0.0000000000,0.0000000000,0.0010747284,1.9802383620,2.4842413915
2024-12-19,-0.0032928413,0.6500000000,0.0000000000,0.0000000000,-0.0021403468,1.9759999651,2.4760611789
2024-12-20,-0.0013649696,0.6500000000,0.0000000000,0.0000000000,-0.0008872302,1.9742467982,2.4726814307
2024-12-23,0.0067368476,0.6500000000,0.0000000000,0.0000000000,0.0043789509,1.9828919281,2.4893395087
2024-12-24,0.0096680721,0.6500000000,0.0000000000,0.0000000000,0.0062842469,1.9953529105,2.5134066226
2024-12-25,0.0083836578,0.6500000000,0.0000000000,0.0000000000,0.0054493776,2.0062263419,2.5344781637
2024-12-26,0.0007955399,0.6500000000,0.0000000000,0.0000000000,0.0005171010,2.0072637635,2.5364944423
2024-12-27,-0.0006732667,0.6500000000,0.0000000000,0.0000000000,-0.0004376233,2.0063853380,2.5347867051
2024-12-30,-0.0021175100,0.6500000000,0.0000000000,0.0000000000,-0.0013763815,2.0036237864,2.5294192690
2024-12-31,-0.0032460406,0.6500000000,0.0000000000,0.0000000000,-0.0021099264,1.9993962876,2.5212086713
2025-01-02,-0.0137979552,0.6500000000,0.0000000000,0.0000000000,-0.0089686709,1.9814643604,2.4864211471
2025-01-03,-0.0227740717,0.6605832092,0.0105832092,0.0000126999,-0.0150568692,1.9516297107,2.4297952136
2025-01-06,-0.0144113575,0.6673349881,0.0067517789,0.0000081021,-0.0096253052,1.9328446790,2.3947785661
2025-01-07,-0.0073685597,0.6716973650,0.0043623768,0.0000052349,-0.0049546770,1.9232680580,2.3771324973
2025-01-08,0.0047202769,0.7178794089,0.0461820439,0.0000554185,0.0033331712,1.9296786396,2.3883532210
2025-01-09,-0.0121461526,0.7255379979,0.0076585890,0.0000091903,-0.0088216856,1.9126556215,2.3593439183
2025-01-10,0.0098451038,0.7393017382,0.0137637403,0.0000165165,0.0072619859,1.9265452996,2.3825719041
2025-01-13,-0.0086149419,0.7447005725,0.0053988343,0.0000064786,-0.0064220308,1.9141729664,2.3620461856
2025-01-14,0.0219561670,0.7442584716,0.0004421008,0.0000005305,0.0163405328,1.9454515725,2.4139076661
2025-01-15,0.0260936588,0.8228535180,0.0785950463,0.0000943141,0.0213769449,1.9870393836,2.4768953492
2025-01-16,-0.0131805937,0.8087188094,0.0141347086,0.0000169617,-0.0106763557,1.9658250443,2.4442483979
2025-01-17,0.0000405085,0.8071461513,0.0015726581,0.0000018872,0.0000308091,1.9658856096,2.4443474108
2025-01-20,0.0166469805,0.8078787327,0.0007325813,0.0000008791,0.0134478624,1.9923225688,2.4850384145
2025-01-21,0.0119046659,0.8028372601,0.0050414726,0.0000060498,0.0095514596,2.0113521573,2.5146219666
2025-01-22,0.0073183874,0.8003393369,0.0024979232,0.0000029975,0.0058541958,2.0231270068,2.5330249444
2025-01-23,0.0076118633,0.7996699221,0.0006694147,0.0000008033,0.0060861749,2.0354401115,2.5523059841
2025-01-24,-0.0144645664,0.8051655512,0.0054956291,0.0000065948,-0.0116529653,2.0117211984,2.5153879847
2025-01-27,0.0039820352,0.8024432182,0.0027223330,0.0000032668,0.0031920903,2.0181427942,2.5254043482
2025-02-05,0.0008978575,0.8056941901,0.0032509719,0.0000039012,0.0007194974,2.0195948427,2.5276718014
2025-02-06,-0.0130684063,0.8918196825,0.0861254924,0.0001033506,-0.0117580125,1.9958484213,2.4946391594
2025-02-07,0.0456842463,0.8953241450,0.0035044625,0.0000042054,0.0408980034,2.0774746367,2.6086048691
2025-02-10,0.0009594142,0.8460114196,0.0493127254,0.0000591753,0.0007525001,2.0790379366,2.6111076017
2025-02-11,0.0250931741,0.8538612573,0.0078498377,0.0000094198,0.0214166694,2.1235640048,2.6766285794
2025-02-12,-0.0092691274,0.8872567861,0.0333955288,0.0000400746,-0.0082641708,2.1060145091,2.6518185681
2025-02-13,0.0164351070,0.8844175893,0.0028391968,0.0000034070,0.0145320907,2.1366193029,2.6954014900
2025-02-14,-0.0245203399,0.9375206736,0.0531030843,0.0000637237,-0.0230520493,2.0873658494,2.6293093292
2025-02-17,-0.0026717624,0.9496730046,0.0121523311,0.0000145828,-0.0025518834,2.0820391351,2.6222844394
2025-02-18,0.0179385077,0.9493928669,0.0002801377,0.0000003362,0.0170303551,2.1174970008,2.6693243090
2025-02-19,0.0236354444,0.9699749073,0.0205820404,0.0000246984,0.0229010896,2.1659899894,2.7324149754
2025-02-20,0.0175001142,0.9650395413,0.0049353660,0.0000059224,0.0168823797,2.2025570549,2.7802325495
2025-02-21,-0.0021123880,0.9583681894,0.0066713519,0.0000080056,-0.0020324511,2.1980804654,2.7743596197
2025-02-24,0.0243813238,0.9577630446,0.0006051448,0.0000007262,0.0233508048,2.2494074133,2.8420021800
2025-02-25,-0.0127923238,0.9492071454,0.0085558992,0.0000102671,-0.0121528322,2.2220707423,2.8056463679
2025-02-26,-0.0010727336,0.9418056027,0.0074015426,0.0000088819,-0.0010191884,2.2198060337,2.8026366568
2025-02-27,0.0188305555,0.9840652387,0.0422596359,0.0000507116,0.0184797835,2.2608275687,2.8554118619
2025-02-28,-0.0055785792,0.9743828359,0.0096824027,0.0000116189,-0.0054472907,2.2485121836,2.8394827206
2025-03-03,-0.0291521780,0.9718068536,0.0025759824,0.0000030912,-0.0283333775,2.1848042391,2.7567056150
2025-03-04,-0.0090683486,0.9593970378,0.0124098158,0.0000148918,-0.0087150386,2.1657635859,2.7317068475
2025-03-05,0.0112509376,0.9566956906,0.0027013472,0.0000032416,0.0107604819,2.1890682458,2.7624411109
2025-03-06,0.0013125210,0.9533364154,0.0033592753,0.0000040311,0.0012472430,2.1917985458,2.7660668730
2025-03-07,0.0110466820,0.9575441722,0.0042077569,0.0000050493,0.0105726366,2.2149716354,2.7966227340
2025-03-10,-0.0077477637,0.9599151480,0.0023709758,0.0000028452,-0.0074400409,2.1984921558,2.7749551619
2025-03-11,0.0027273277,0.9840721829,0.0241570349,0.0000289884,0.0026548989,2.2043289302,2.7825233740
2025-03-12,0.0095896663,0.9842149943,0.0001428114,0.0000001714,0.0094381220,2.2251336555,2.8092068446
2025-03-13,-0.0174276153,0.9829046846,0.0013103097,0.0000015724,-0.0171312571,2.1870143189,2.7602490685
2025-03-14,-0.0128202861,0.9707096580,0.0121950266,0.0000146340,-0.0124594096,2.1597654117,2.7248618857
2025-03-17,0.0348259511,0.9939119297,0.0232022717,0.0000278427,0.0345860855,2.2344632430,2.8197577925
2025-03-18,0.0279387226,0.9513078432,0.0426040866,0.0000511249,0.0265272010,2.2937372987,2.8985382233
2025-03-19,-0.0073953674,0.9285190970,0.0227887462,0.0000273465,-0.0068940864,2.2779240756,2.8771024682
2025-03-20,0.0155925664,0.9313299689,0.0028108719,0.0000033730,0.0145184513,2.3109960055,2.9219638795
2025-03-21,-0.0070534808,0.9256565257,0.0056734432,0.0000068081,-0.0065359087,2.2958915467,2.9013538634
2025-03-24,-0.0136079999,0.9223929473,0.0032635784,0.0000039163,-0.0125558394,2.2670647012,2.8618722404
2025-03-25,0.0211570211,0.9147157743,0.0076771730,0.0000092126,0.0193434483,2.3109175500,2.9224209317
2025-03-26,-0.0087142512,0.9041645554,0.0105512188,0.0000126615,-0.0078917785,2.2926803006,2.8969542217
2025-03-27,-0.0064575241,0.9004553919,0.0037091635,0.0000044510,-0.0058191634,2.2793388193,2.8782470700
2025-03-28,0.0337140952,0.8995285303,0.0009268616,0.0000011122,0.0303256783,2.3484613150,2.9752845657
2025-03-31,-0.0202055666,0.8713762249,0.0281523055,0.0000337828,-0.0176404331,2.3070334402,2.9151672552
2025-04-01,0.0104001326,0.8568771695,0.0144990554,0.0000173989,0.0088942373,2.3275527432,2.9454853813
2025-04-02,0.0171049239,0.8554783270,0.0013988424,0.0000016786,0.0146312130,2.3616076633,2.9958676845
2025-04-03,-0.0028303008,0.8506145737,0.0048637534,0.0000058365,-0.0024133316,2.3559083208,2.9873884778
2025-04-07,-0.0461647945,0.8507477874,0.0001332138,0.0000001599,-0.0392747567,2.2633805948,2.8494763025
2025-04-08,0.0001673593,0.7993096926,0.0514380948,0.0000617257,0.0000720462,2.2635436628,2.8499531889
2025-04-09,-0.0136838645,0.8138471886,0.0145374960,0.0000174450,-0.0111540197,2.2382960522,2.8109548155
2025-04-10,0.0753931127,0.8144215446,0.0005743560,0.0000006892,0.0614010860,2.3757298607,3.0228814486
2025-04-11,0.0110557923,0.7168871367,0.0975344079,0.0001170413,0.0078087140,2.3942812558,3.0563017981
2025-04-14,0.0127589077,0.7161515213,0.0007356154,0.0000008827,0.0091364284,2.4161564350,3.0952968705
2025-04-15,0.0060869035,0.7195126713,0.0033611501,0.0000040334,0.0043755708,2.4267284985,3.1141376438
2025-04-16,0.0029815584,0.7199112969,0.0003986256,0.0000004784,0.0021459792,2.4319362074,3.1234226269
2025-04-17,-0.0069812395,0.7227702296,0.0028589326,0.0000034307,-0.0050492628,2.4196567224,3.1016172655
2025-04-18,0.0028953941,0.7255157942,0.0027455646,0.0000032947,0.0020973595,2.4247316124,3.1105976699
2025-04-21,-0.0116792021,0.7335828392,0.0080670450,0.0000096805,-0.0085773427,2.4039338584,3.0742683711
2025-04-22,0.0144825254,0.7344289773,0.0008461381,0.0000010154,0.0106353709,2.4295005867,3.1187915408
2025-04-23,0.0073816796,0.7328771030,0.0015518743,0.0000018622,0.0054080017,2.4426393301,3.1418134608
2025-04-24,-0.0106478984,0.7353728018,0.0024956988,0.0000029948,-0.0078331697,2.4235057217,3.1083597503
2025-04-25,0.0149521848,0.7328369677,0.0025358341,0.0000030430,0.0109544707,2.4500539442,3.1548365196
2025-04-28,-0.0096883125,0.7309266567,0.0019103110,0.0000022924,-0.0070837382,2.4326984035,3.1242714776
2025-04-29,0.0171304364,0.7281653514,0.0027613053,0.0000033136,0.0124704767,2.4630353122,3.1777916115
2025-04-30,-0.0143223763,0.7308101753,0.0026448240,0.0000031738,-0.0104701121,2.4372470563,3.1322780843
2025-05-06,0.0230390637,0.7252336147,0.0055765607,0.0000066919,0.0167020116,2.4779539849,3.2044428386
2025-05-07,0.0027726815,0.7194350563,0.0057985584,0.0000069583,0.0019878060,2.4828796767,3.2133277380
2025-05-08,-0.0233968141,0.7243085664,0.0048735102,0.0000058482,-0.0169523611,2.4407890039,3.1381461063
2025-05-09,0.0028741182,0.7415576489,0.0172490825,0.0000206989,0.0021106254,2.4459405952,3.1471655091
2025-05-12,-0.0117939475,0.7416496101,0.0000919612,0.0000001104,-0.0087470869,2.4245457403,3.1100480044
2025-05-13,0.0225260409,0.7464852000,0.0048355899,0.0000058027,0.0168095534,2.4653012714,3.1801050728
2025-05-14,-0.0079242153,0.7422875249,0.0041976752,0.0000050372,-0.0058870834,2.4507878372,3.1549052355
2025-05-15,0.0069643409,0.7433736685,0.0010861436,0.0000013034,0.0051758043,2.4634726354,3.1768770711
2025-05-16,-0.0082079233,0.7570285725,0.0136549040,0.0000163859,-0.0062300183,2.4481251557,3.1508015078
2025-05-19,0.0077480930,0.7552181789,0.0018103935,0.0000021725,0.0058493282,2.4624450433,3.1752142109
2025-05-20,0.0005224898,0.7589390520,0.0037208730,0.0000044650,0.0003920729,2.4634105011,3.1768732279
2025-05-21,0.0297440871,0.7671452568,0.0082062048,0.0000098474,0.0228081879,2.5195964308,3.2713664220
2025-05-22,-0.0102736406,0.7573380657,0.0098071910,0.0000117686,-0.0077923877,2.4999627585,3.2377575792
2025-05-23,-0.0022720518,0.7545828437,0.0027552220,0.0000033063,-0.0017177576,2.4956684286,3.2304012263
2025-05-26,-0.0048048563,0.7632075616,0.0086247179,0.0000103497,-0.0036774523,2.4864907269,3.2148796126
2025-05-27,0.0018819094,0.7666714125,0.0034638509,0.0000041566,0.0014386495,2.4900679155,3.2209297247
2025-05-28,-0.0019957296,0.7669087610,0.0002373485,0.0000002848,-0.0015308273,2.4862560516,3.2145016200
2025-05-29,-0.0077723685,0.7719372185,0.0050284575,0.0000060341,-0.0060058147,2.4713240585,3.1895173289
2025-05-30,0.0084550421,0.7711684213,0.0007687972,0.0000009226,0.0065193389,2.4874354576,3.2164848321
2025-06-03,-0.0088493139,0.7910070598,0.0198386385,0.0000238064,-0.0070236761,2.4699645165,3.1880211482
2025-06-04,0.0157496820,0.7911170172,0.0001099573,0.0000001319,0.0124597095,2.5007395569,3.2382314676
2025-06-05,0.0039521813,0.7890504148,0.0020666023,0.0000024799,0.0031159904,2.5085318373,3.2510295455
2025-06-06,0.0050355013,0.7890722334,0.0000218186,0.0000000262,0.0039733481,2.5184991075,3.2674001091
2025-06-09,-0.0001119392,0.7904193368,0.0013471033,0.0000016165,-0.0000900954,2.5182722022,3.2670343589
2025-06-10,-0.0045317649,0.7926345408,0.0022152040,0.0000026582,-0.0035946916,2.5092197902,3.2522289273
2025-06-11,-0.0137722936,0.7914710979,0.0011634428,0.0000013961,-0.0109017685,2.4818648570,3.2074382756
2025-06-12,0.0029359319,0.7868373373,0.0046337606,0.0000055605,0.0023045403,2.4875844146,3.2168550958
2025-06-13,-0.0204344828,0.7953941690,0.0085568317,0.0000102682,-0.0162637367,2.4471269967,3.1511203256
2025-06-16,-0.0023024751,0.7890640828,0.0063300862,0.0000075961,-0.0018243965,2.4426624667,3.1438649494
2025-06-17,0.0050923587,0.8121929710,0.0231288882,0.0000277547,0.0041082233,2.4526974695,3.1598746374
2025-06-18,-0.0065023988,0.8283255016,0.0161325307,0.0000193590,-0.0054054618,2.4394395069,3.1393278722
2025-06-19,0.0131748390,0.8287015999,0.0003760983,0.0000004513,0.0109175589,2.4660722313,3.1806880116
2025-06-20,0.0041845401,0.8302354986,0.0015338987,0.0000018407,0.0034723131,2.4746352062,3.1939977282
2025-06-23,-0.0018087929,0.8319600701,0.0017245715,0.0000020695,-0.0015069130,2.4709061464,3.1882204478
2025-06-24,0.0165997585,0.8376465354,0.0056864653,0.0000068238,0.0138979064,2.5052465687,3.2411441372
2025-06-25,0.0119183634,0.8416212835,0.0039747481,0.0000047697,0.0100259786,2.5303641173,3.2797732709
2025-06-26,0.0135694380,0.8420809825,0.0004596989,0.0000005516,0.0114260140,2.5592760931,3.3242779508
2025-06-27,-0.0013640754,0.8408542458,0.0012267366,0.0000014721,-0.0011484607,2.5563368652,3.3197433851
2025-06-30,-0.0064803647,0.8672550337,0.0264007878,0.0000316809,-0.0056518098,2.5418889354,3.2982302373
2025-07-01,0.0112113737,0.8794814185,0.0122263848,0.0000146717,0.0098455231,2.5669151617,3.3352079289
2025-07-02,-0.0068392710,0.8790690625,0.0004123560,0.0000004948,-0.0060126864,2.5514811059,3.3123975381
2025-07-03,-0.0121637267,0.8835300351,0.0044609726,0.0000053532,-0.0107523711,2.5240466344,3.2721064397
2025-07-04,-0.0059176071,0.8784264905,0.0051035446,0.0000061243,-0.0052043071,2.5109107205,3.2527433993
2025-07-07,0.0225249212,0.9533553195,0.0749288290,0.0000899146,0.0213843389,2.5646048863,3.3260111882
2025-07-08,0.0068451504,0.9388204055,0.0145349140,0.0000174419,0.0064089250,2.5810412467,3.3487782351
2025-07-09,0.0150977228,0.9482091683,0.0093887628,0.0000112665,0.0143045327,2.6179618355,3.3993371606
2025-07-10,-0.0140864450,1.0000000000,0.0517908317,0.0000621490,-0.0141485940,2.5809213563,3.3514525846
2025-07-11,-0.0056662710,1.0000000000,0.0000000000,0.0000000000,-0.0056662710,2.5662971565,3.3324623461
2025-07-14,0.0099284050,1.0000000000,0.0000000000,0.0000000000,0.0099284050,2.5917763940,3.3655483818
2025-07-15,-0.0018986558,1.0000000000,0.0000000000,0.0000000000,-0.0018986558,2.5868555027,3.3591583638
2025-07-16,0.0071905884,1.0000000000,0.0000000000,0.0000000000,0.0071905884,2.6054565157,3.3833126888
2025-07-17,-0.0028518309,1.0000000000,0.0000000000,0.0000000000,-0.0028518309,2.5980261943,3.3736640531
2025-07-18,0.0139103868,1.0000000000,0.0000000000,0.0000000000,0.0139103868,2.6341657435,3.4205930249
2025-07-21,-0.0112173916,1.0000000000,0.0000000000,0.0000000000,-0.0112173916,2.6046172747,3.3822228933
2025-07-22,-0.0039900126,1.0000000000,0.0000000000,0.0000000000,-0.0039900126,2.5942248191,3.3687277815
2025-07-23,0.0064380982,1.0000000000,0.0000000000,0.0000000000,0.0064380982,2.6109266931,3.3904159816
2025-07-24,0.0115278284,1.0000000000,0.0000000000,0.0000000000,0.0115278284,2.6410250078,3.4295001151
2025-07-25,0.0090340249,1.0000000000,0.0000000000,0.0000000000,0.0090340249,2.6648840935,3.4604823045
2025-07-28,0.0316840565,1.0000000000,0.0000000000,0.0000000000,0.0316840565,2.7493184318,3.5701244215
2025-07-29,0.0442770141,1.0000000000,0.0000000000,0.0000000000,0.0442770141,2.8710500427,3.7281988708
2025-07-30,0.0246556366,1.0000000000,0.0000000000,0.0000000000,0.0246556366,2.9418376092,3.8201199873
2025-07-31,-0.0002980037,1.0000000000,0.0000000000,0.0000000000,-0.0002980037,2.9409609308,3.8189815775
2025-08-01,-0.0239824703,1.0000000000,0.0000000000,0.0000000000,-0.0239824703,2.8704294227,3.7273929654
2025-08-04,-0.0153001985,1.0000000000,0.0000000000,0.0000000000,-0.0153001985,2.8265112827,3.6703631130
2025-08-05,0.0079040558,1.0000000000,0.0000000000,0.0000000000,0.0079040558,2.8488521855,3.6993738678
2025-08-06,0.0083033206,1.0000000000,0.0000000000,0.0000000000,0.0083033206,2.8725071185,3.7300909550
2025-08-07,0.0026086357,1.0000000000,0.0000000000,0.0000000000,0.0026086357,2.8800004432,3.7398214035
2025-08-08,-0.0172838436,1.0000000000,0.0000000000,0.0000000000,-0.0172838436,2.8302229659,3.6751829151
2025-08-11,0.0092283104,1.0000000000,0.0000000000,0.0000000000,0.0092283104,2.8563411420,3.7090986440
2025-08-12,0.0175203624,1.0000000000,0.0000000000,0.0000000000,0.0175203624,2.9063852740,3.7740833965
2025-08-13,0.0222725458,1.0000000000,0.0000000000,0.0000000000,0.0222725458,2.9711178732,3.8581418419
2025-08-14,0.0347082718,1.0000000000,0.0000000000,0.0000000000,0.0347082718,3.0742402399,3.9920512776
2025-08-15,-0.0205700052,1.0000000000,0.0000000000,0.0000000000,-0.0205700052,3.0110031023,3.9099347622
2025-08-18,0.0498663962,1.0000000000,0.0000000000,0.0000000000,0.0498663962,3.1611509761,4.1049091183
2025-08-19,0.0015958986,0.9411644090,0.0588355910,0.0000706027,0.0014314003,3.1656758485,4.1114601371
2025-08-20,-0.0230650156,0.9438457873,0.0026813783,0.0000032177,-0.0217730354,3.0967494761,4.0166292451
2025-08-21,0.0870500274,0.9183452537,0.0255005336,0.0000306006,0.0799113788,3.3442149966,4.3662769308
2025-08-22,-0.0072553136,0.7510562970,0.1672889567,0.0002007467,-0.0056498957,3.3253205307,4.3345982226
2025-08-25,0.0523099103,0.7512997548,0.0002434578,0.0000002921,0.0393001307,3.4560060621,4.5613406670
2025-08-26,0.0079036855,0.7143184966,0.0369812582,0.0000443775,0.0056013712,3.4753644350,4.5973920691
2025-08-27,-0.0159729876,0.7178604393,0.0035419427,0.0000042503,-0.0114706262,3.4354998286,4.5239579825
2025-08-28,0.0016136193,0.7116792060,0.0061812333,0.0000074175,0.0011409618,3.4394196028,4.5312579285
2025-08-29,0.0221100584,0.7114619950,0.0002172109,0.0000002607,0.0157302056,3.4935223802,4.6314443058
2025-09-01,0.0485462651,0.7073905526,0.0040714424,0.0000048857,0.0343362836,3.6134769553,4.8562836289
2025-09-02,0.0106795571,0.6822080403,0.0251825123,0.0000302190,0.0072554607,3.6396943955,4.9081465874
2025-09-03,0.0020613626,0.6838411111,0.0016330708,0.0000019597,0.0014076848,3.6448179380,4.9182640572
2025-09-04,0.0133329116,0.6896576324,0.0058165213,0.0000069798,0.0091881644,3.6783071244,4.9838388369
2025-09-05,-0.0551073693,0.6894503877,0.0002072447,0.0000002487,-0.0379940458,3.5385533549,4.7091925895
2025-09-08,0.0348542115,0.6500000000,0.0394503877,0.0000473405,0.0226078970,3.6185526046,4.8733277839
2025-09-09,-0.0147586083,0.6500000000,0.0000000000,0.0000000000,-0.0095930954,3.5838394843,4.8014042480
2025-09-10,0.0054451798,0.6500000000,0.0000000000,0.0000000000,0.0035393669,3.5965240071,4.8275487575
2025-09-11,-0.0215186972,0.6500000000,0.0000000000,0.0000000000,-0.0139871532,3.5462188749,4.7236661976
2025-09-12,0.0354931923,0.6500000000,0.0000000000,0.0000000000,0.0230705750,3.6280321835,4.8913241905
2025-09-15,-0.0015460305,0.6500000000,0.0000000000,0.0000000000,-0.0010049198,3.6243863021,4.8837620543
2025-09-16,-0.0020700396,0.6500000000,0.0000000000,0.0000000000,-0.0013455257,3.6195095970,4.8736524734
2025-09-17,-0.0083257316,0.6500000000,0.0000000000,0.0000000000,-0.0054117255,3.5999218045,4.8330757510
2025-09-18,-0.0069731881,0.6500000000,0.0000000000,0.0000000000,-0.0045325723,3.5836048987,4.7993738046
2025-09-19,0.0077171682,0.6500000000,0.0000000000,0.0000000000,0.0050161593,3.6015808319,4.8364113795
2025-09-22,-0.0180668943,0.6500000000,0.0000000000,0.0000000000,-0.0117434813,3.5592857347,4.7490324463
2025-09-23,0.0082197055,0.6500000000,0.0000000000,0.0000000000,0.0053428086,3.5783023170,4.7880680943
2025-09-24,0.0045225871,0.6500000000,0.0000000000,0.0000000000,0.0029396816,3.5888213866,4.8097225494
2025-09-25,0.0189508969,0.6500000000,0.0000000000,0.0000000000,0.0123180830,3.6330287862,4.9008711054
2025-09-26,-0.0078415457,0.6500000000,0.0000000000,0.0000000000,-0.0050970047,3.6145112215,4.8624407009
2025-09-29,-0.0224979997,0.6500000000,0.0000000000,0.0000000000,-0.0146236998,3.5616536945,4.7530455116
2025-09-30,-0.0058619426,0.6500000000,0.0000000000,0.0000000000,-0.0038102627,3.5480828584,4.7251834318
2025-10-09,-0.0098484185,0.6500000000,0.0000000000,0.0000000000,-0.0064014720,3.5253699051,4.6786478477
2025-10-10,-0.0095256285,0.6500000000,0.0000000000,0.0000000000,-0.0061916585,3.5035420185,4.6340807864
2025-10-13,-0.0365036808,0.6500000000,0.0000000000,0.0000000000,-0.0237273925,3.4204121017,4.4649197804
2025-10-14,0.0311131051,0.6500000000,0.0000000000,0.0000000000,0.0202235183,3.4895848685,4.6038372987
2025-10-15,-0.0044157065,0.6500000000,0.0000000000,0.0000000000,-0.0028702092,3.4795690297,4.5835081043
2025-10-16,0.0062746080,0.6500000000,0.0000000000,0.0000000000,0.0040784952,3.4937604352,4.6122678207
2025-10-17,0.0082354577,0.6500000000,0.0000000000,0.0000000000,0.0053530475,3.5124627008,4.6502519573
2025-10-20,-0.0132869141,0.6500000000,0.0000000000,0.0000000000,-0.0086364942,3.4821273372,4.5884644590
2025-10-21,0.0018045399,0.6500000000,0.0000000000,0.0000000000,0.0011729509,3.4862117017,4.5967445261
2025-10-22,0.0019056156,0.6500000000,0.0000000000,0.0000000000,0.0012386501,3.4905298983,4.6055041542
2025-10-23,0.0100096751,0.6500000000,0.0000000000,0.0000000000,0.0065062888,3.5132402939,4.6516037543
2025-10-24,0.0055528474,0.6500000000,0.0000000000,0.0000000000,0.0036093508,3.5259208107,4.6774334003
2025-10-27,0.0092375222,0.6500000000,0.0000000000,0.0000000000,0.0060043895,3.5470918124,4.7206412954
2025-10-28,0.0025691390,0.6500000000,0.0000000000,0.0000000000,0.0016699404,3.5530152442,4.7327692792
2025-10-29,-0.0020145363,0.6500000000,0.0000000000,0.0000000000,-0.0013094486,3.5483627533,4.7232349435
2025-10-30,-0.0244057294,0.6500000000,0.0000000000,0.0000000000,-0.0158637241,3.4920725055,4.6079609494
2025-10-31,0.0007624913,0.6500000000,0.0000000000,0.0000000000,0.0004956194,3.4938032442,4.6114744796
2025-11-03,-0.0036081691,0.6500000000,0.0000000000,0.0000000000,-0.0023453099,3.4856091928,4.5948354998
2025-11-04,-0.0069616382,0.6500000000,0.0000000000,0.0000000000,-0.0045250648,3.4698365852,4.5628479174
2025-11-05,-0.0096022627,0.6500000000,0.0000000000,0.0000000000,-0.0062414708,3.4481797016,4.5190342530
2025-11-06,0.0043783753,0.6500000000,0.0000000000,0.0000000000,0.0028459439,3.4579930276,4.5388202808
2025-11-07,0.0120770970,0.6500000000,0.0000000000,0.0000000000,0.0078501131,3.4851386639,4.5936360537
2025-11-10,-0.0054138111,0.6500000000,0.0000000000,0.0000000000,-0.0035189772,3.4728745403,4.5687669758
2025-11-11,0.0098015783,0.6500000000,0.0000000000,0.0000000000,0.0063710259,3.4950003139,4.6135481029
2025-11-12,-0.0081788005,0.6500000000,0.0000000000,0.0000000000,-0.0053162203,3.4764201221,4.5758148133
2025-11-13,0.0196806110,0.6500000000,0.0000000000,0.0000000000,0.0127923971,3.5208918690,4.6658696446
2025-11-14,-0.0019026183,0.6500000000,0.0000000000,0.0000000000,-0.0012367019,3.5165375752,4.6569922754
2025-11-17,-0.0029120203,0.6500000000,0.0000000000,0.0000000000,-0.0018928132,3.5098814266,4.6434310195
2025-11-18,-0.0149820312,0.6500000000,0.0000000000,0.0000000000,-0.0097383203,3.4757010772,4.5738629913
2025-11-19,-0.0036582704,0.6575109727,0.0075109727,0.0000090132,-0.0024143661,3.4673094622,4.5571305635
2025-11-20,0.0052656221,0.6571211489,0.0003898238,0.0000004678,0.0034596838,3.4793052567,4.5811266907
2025-11-21,-0.0039506150,0.6649831977,0.0078620488,0.0000094345,-0.0026365270,3.4701319743,4.5630284230
2025-11-24,-0.0117532807,0.7829625677,0.1179793700,0.0001415752,-0.0093439541,3.4377072204,4.5093978689
2025-11-25,0.0015553008,0.7810292580,0.0019333097,0.0000023200,0.0012124155,3.4418751498,4.5164113391
2025-11-26,0.0125550688,0.8434842964,0.0624550383,0.0000749460,0.0105150573,3.4780666643,4.5731151942
2025-11-27,-0.0060139283,0.8410195002,0.0024647961,0.0000029578,-0.0050607887,3.4604649038,4.5456128074
2025-11-28,0.0027978246,0.8467973159,0.0057778157,0.0000069334,0.0023622570,3.4686394112,4.5583306348
2025-12-01,0.0096012693,0.8466736581,0.0001236578,0.0000001484,0.0081289934,3.4968359580,4.6020963946
2025-12-02,0.0070864618,0.8572287609,0.0105551028,0.0000126661,0.0060620527,3.5180339621,4.6347089749
2025-12-03,-0.0152530117,0.9291261789,0.0718974180,0.0000862769,-0.0142582493,3.4678729567,4.5640157049
2025-12-04,-0.0032972013,0.9266013397,0.0025248392,0.0000030298,-0.0030582210,3.4572674348,4.5489672262
2025-12-05,0.0051077318,0.9267956304,0.0001942907,0.0000002331,0.0047335903,3.4736327225,4.5722021306
2025-12-08,0.0189439235,0.9328063323,0.0060107019,0.0000072128,0.0176637990,3.5349902726,4.6588175781
2025-12-09,0.0205044811,1.0000000000,0.0671936677,0.0000806324,0.0204238487,3.6071883790,4.7543442149
2025-12-10,-0.0020243001,1.0000000000,0.0000000000,0.0000000000,-0.0020243001,3.5998863473,4.7447199955
2025-12-11,0.0042905477,1.0000000000,0.0000000000,0.0000000000,0.0042905477,3.6153318313,4.7650774429
2025-12-12,-0.0100182704,1.0000000000,0.0000000000,0.0000000000,-0.0100182704,3.5791124593,4.7173396084
2025-12-15,-0.0023605347,1.0000000000,0.0000000000,0.0000000000,-0.0023605347,3.5706638401,4.7062041646
2025-12-16,-0.0161214364,1.0000000000,0.0000000000,0.0000000000,-0.0161214364,3.5130996102,4.6303333935
2025-12-17,-0.0153784449,1.0000000000,0.0000000000,0.0000000000,-0.0153784449,3.4590736013,4.5591260664
2025-12-18,0.0269962137,1.0000000000,0.0000000000,0.0000000000,0.0269962137,3.5524554915,4.6822052081
2025-12-19,-0.0020222278,1.0000000000,0.0000000000,0.0000000000,-0.0020222278,3.5452716173,4.6727367226
2025-12-22,-0.0034628317,1.0000000000,0.0000000000,0.0000000000,-0.0034628317,3.5329949384,4.6565558218
2025-12-23,0.0187491784,1.0000000000,0.0000000000,0.0000000000,0.0187491784,3.5992356909,4.7438624178
2025-12-24,0.0155781100,1.0000000000,0.0000000000,0.0000000000,0.0155781100,3.6553049804,4.8177628284
2025-12-25,0.0026808154,1.0000000000,0.0000000000,0.0000000000,0.0026808154,3.6651041785,4.8306783614
2025-12-26,-0.0064972733,1.0000000000,0.0000000000,0.0000000000,-0.0064972733,3.6412909948,4.7992921237
2025-12-29,-0.0085193607,1.0000000000,0.0000000000,0.0000000000,-0.0085193607,3.6102695233,4.7584052228
2025-12-30,-0.0078636026,1.0000000000,0.0000000000,0.0000000000,-0.0078636026,3.5818797985,4.7209870152
2025-12-31,0.0139386320,1.0000000000,0.0000000000,0.0000000000,0.0139386320,3.6318063030,4.7867911160
2026-01-05,-0.0036620117,1.0000000000,0.0000000000,0.0000000000,-0.0036620117,3.6185065857,4.7692618307
2026-01-06,0.0477817445,1.0000000000,0.0000000000,0.0000000000,0.0477817445,3.7914051428,4.9971454810
2026-01-07,0.0284238210,1.0000000000,0.0000000000,0.0000000000,0.0284238210,3.8991713638,5.1391834495
2026-01-08,0.0815846649,1.0000000000,0.0000000000,0.0000000000,0.0815846649,4.2172839531,5.5584620093
2026-01-09,-0.0017353261,0.8673140318,0.1326859682,0.0001592232,-0.0016642958,4.2102651450,5.5488162652
2026-01-12,0.0111367616,0.8682819481,0.0009679163,0.0000011615,0.0096686876,4.2509728834,5.6106121093
2026-01-13,0.0395469545,0.8668078883,0.0014740598,0.0000017689,0.0342778432,4.3966870655,5.8324947311
2026-01-14,-0.0169510435,0.8330767124,0.0337311759,0.0000404774,-0.0141619970,4.3344211965,5.7336278592
2026-01-15,-0.0177430508,0.8296045884,0.0034721240,0.0000041665,-0.0147238829,4.2706016864,5.6318958090
2026-01-16,0.0469505864,0.8185345671,0.0110700213,0.0000132840,0.0384173938,4.4346670734,5.8963166195
2026-01-19,0.0155013589,0.7777976754,0.0407368917,0.0000488843,0.0120080367,4.4879187183,5.9877175398
2026-01-20,-0.0133943695,0.7759145540,0.0018831214,0.0000022597,-0.0103951459,4.4412661482,5.9075158389
2026-01-21,-0.0079021589,0.7697404018,0.0061741522,0.0000074090,-0.0060900200,4.4142187486,5.8608337098
2026-01-22,0.0335436914,0.7675476041,0.0021927977,0.0000026314,0.0257437486,4.5278572863,6.0574277069
2026-01-23,-0.0357638834,0.7510468315,0.0165007726,0.0000198009,-0.0268801523,4.4061477930,5.8407905685
2026-01-26,0.0097514456,0.7241563962,0.0268904353,0.0000322685,0.0070293031,4.4371199415,5.8977467197
2026-01-27,-0.0128437926,0.7372647081,0.0131083119,0.0000157300,-0.0094850050,4.3950338368,5.8219972840
2026-01-28,0.0179115704,0.7324752344,0.0047894736,0.0000057474,0.0131140344,4.4526704616,5.9262783984
2026-01-29,0.0001019106,0.7303527970,0.0021224375,0.0000025469,0.0000718837,4.4529905363,5.9268823488
2026-01-30,-0.0083733707,0.7322502335,0.0018974365,0.0000022769,-0.0061336796,4.4256773192,5.8772543659
2026-02-02,-0.0166335279,0.7328178911,0.0005676576,0.0000006812,-0.0121900280,4.3717281886,5.7794948913
2026-02-03,-0.0216933703,0.7253859419,0.0074319492,0.0000089183,-0.0157449842,4.3028953972,5.6541181682
2026-02-04,0.0021248023,0.7158021583,0.0095837836,0.0000115005,0.0015094375,4.3093903491,5.6661320516
2026-02-05,0.0062300314,0.7170913383,0.0012891800,0.0000015470,0.0044659545,4.3286358905,5.7014322322
2026-02-06,0.0144229488,0.7175796509,0.0004883126,0.0000005860,0.0103490286,4.3734330672,5.7836636975
2026-02-09,0.0132749438,0.7181483871,0.0005687362,0.0000006825,0.0095326970,4.4151236795,5.8604415081
2026-02-10,-0.0020432373,0.7207226473,0.0025742602,0.0000030891,-0.0014756965,4.4086082968,5.8484672354
2026-02-11,0.0192067229,0.7206954253,0.0000272221,0.0000000327,0.0138421646,4.4696329787,5.9607971247
2026-02-12,-0.0057770363,0.7178542754,0.0028411499,0.0000034094,-0.0041504796,4.4510818583,5.9263613834
2026-02-13,-0.0124842386,0.7222708643,0.0044165889,0.0000052999,-0.0090223017,4.4109228548,5.8523752738
2026-02-24,0.0029191029,0.7186890064,0.0035818579,0.0000042982,0.0020936290,4.4201576906,5.8694589597
2026-02-25,-0.0238549531,0.7186702445,0.0000187619,0.0000000225,-0.0171438675,4.3443790929,5.7294432915
2026-02-26,0.0104217504,0.7073653494,0.0113048952,0.0000135659,0.0073584193,4.3763468557,5.7891541196
2026-02-27,-0.0209463597,0.7106849065,0.0033195571,0.0000039835,-0.0148902451,4.3111819782,5.6678924152
2026-03-02,-0.0069508874,0.7011606801,0.0095242264,0.0000114291,-0.0048851180,4.2901213456,5.6284955335
2026-03-03,0.0011210033,0.7005667509,0.0005939292,0.0000007127,0.0007846249,4.2934874818,5.6348050957
2026-03-04,-0.0406886762,0.7018828074,0.0013160565,0.0000015793,-0.0285602615,4.1708643565,5.4055323358
2026-03-05,0.0017786348,0.6744077847,0.0274750227,0.0000329700,0.0011665551,4.1757298997,5.4151468038
2026-03-06,0.0062662340,0.6749711554,0.0005633707,0.0000006760,0.0042288512,4.1933884400,5.4490793809
2026-03-09,-0.0030455881,0.6750534817,0.0000823263,0.0000000988,-0.0020560336,4.1847666923,5.4324837296
2026-03-10,0.0186574025,0.6790512359,0.0039977542,0.0000047973,0.0126645349,4.2377648162,5.5338397652
2026-03-11,0.0237981272,0.6764505315,0.0026007044,0.0000031208,0.0160951349,4.3059722127,5.6655347877
2026-03-12,-0.0078671517,0.6710836279,0.0053669036,0.0000064403,-0.0052859570,4.2832110287,5.6209631659
2026-03-13,-0.0167953546,0.6724746202,0.0013909923,0.0000016692,-0.0112961189,4.2348273678,5.5265570966
2026-03-16,-0.0009111041,0.6713185953,0.0011560249,0.0000013872,-0.0006130284,4.2322312985,5.5215218276
2026-03-17,0.0058601248,0.6714413228,0.0001227274,0.0000001473,0.0039345827,4.2488833625,5.5538786347
2026-03-18,0.0083329828,0.6713455870,0.0000957357,0.0000001149,0.0055941963,4.2726524502,5.6001590097
2026-03-19,0.0001233230,0.6731654154,0.0018198284,0.0000021838,0.0000808330,4.2729978216,5.6008496383
2026-03-20,0.0066031547,0.6734424645,0.0002770491,0.0000003325,0.0044465123,4.2919977589,5.6378329147
2026-03-23,-0.0308967019,0.6783510354,0.0049085709,0.0000058903,-0.0209647000,4.2020173134,5.4636424717
2026-03-24,-0.0173880440,0.6674787914,0.0108722440,0.0000130467,-0.0116191973,4.1531932453,5.3686404162
2026-03-25,0.0173399701,0.6697127540,0.0022339625,0.0000026808,0.0116101184,4.2014123106,5.4617324807
2026-03-26,0.0021834185,0.6672014905,0.0025112635,0.0000030135,0.0014537666,4.2075201835,5.4736577286
2026-03-27,-0.0088249025,0.6677118459,0.0005103554,0.0000006124,-0.0058931044,4.1827248279,5.4253532328
2026-03-30,0.0278843275,0.6693430086,0.0016311627,0.0000019574,0.0186622223,4.2607837684,5.5766355593
2026-03-31,0.0331986084,0.6632847465,0.0060582621,0.0000072699,0.0220128606,4.3545758076,5.7617720993
2026-04-01,0.0019556846,0.6519666299,0.0113181166,0.0000135817,0.0012614594,4.3600689280,5.7730403082
2026-04-02,0.0056335189,0.6530887121,0.0011220821,0.0000013465,0.0036778411,4.3761045688,5.8055628401
2026-04-03,-0.0120397781,0.6547598959,0.0016711838,0.0000020054,-0.0078851692,4.3415982437,5.7356651520
2026-04-07,-0.0124481778,0.6533951398,0.0013647561,0.0000016377,-0.0081352166,4.3062784016,5.6642665724
2026-04-08,0.0107633595,0.6517999871,0.0015951527,0.0000019142,0.0070136434,4.3364811027,5.7252331098
2026-04-09,0.0071185885,0.6516618704,0.0001381167,0.0000001657,0.0046387470,4.3565969413,5.7659886885
2026-04-10,0.0015601078,0.6770080488,0.0253461784,0.0000304154,0.0010257901,4.3610658955,5.7749842525
2026-04-13,-0.0047836432,0.6863266082,0.0093185595,0.0000111823,-0.0032943239,4.3466991320,5.7473587885
2026-04-14,0.0080069438,0.7984101531,0.1120835449,0.0001345003,0.0062583250,4.3739021878,5.7933775675
2026-04-15,0.0345028280,0.7974021188,0.0010080344,0.0000012096,0.0275114185,4.4942344414,5.9932654772
2026-04-16,-0.0185465844,0.7759352452,0.0214668736,0.0000257602,-0.0144167088,4.4294423722,5.8821108730
2026-04-17,-0.0006050226,0.7999054575,0.0239702123,0.0000287643,-0.0005127252,4.4271712857,5.8785520628
2026-04-20,-0.0069097794,0.8066733091,0.0067678517,0.0000081214,-0.0055820560,4.4024585676,5.8379325650
2026-04-21,-0.0027658963,0.8131558492,0.0064825400,0.0000077790,-0.0022568838,4.3925227301,5.8217854489
2026-04-22,-0.0111836479,0.8688850172,0.0557291680,0.0000668750,-0.0097841791,4.3495455009,5.7566766501
2026-04-23,0.0152879629,0.8726550886,0.0037700714,0.0000045241,0.0133365946,4.4075536258,5.8446845094
2026-04-24,-0.0182505274,0.8706159171,0.0020391714,0.0000024470,-0.0158916466,4.3375103410,5.7380159347
2026-04-27,-0.0069437508,0.8630483470,0.0075675701,0.0000090811,-0.0060018737,4.3114771516,5.6981725819
2026-04-28,0.0265839908,0.8961679316,0.0331195847,0.0000397435,0.0237839766,4.4140212232,5.8496527496
2026-04-29,-0.0009838156,0.9130292493,0.0168613177,0.0000202336,-0.0009184860,4.4099670066,5.8438977701
2026-04-30,0.0085126086,0.9161169473,0.0030876980,0.0000037052,0.0077948398,4.4443419929,5.8936445846
2026-05-06,0.0295142206,0.9194193265,0.0033023791,0.0000039629,0.0271319820,4.5649257998,6.0675909112
2026-05-07,0.0172120323,0.9017123505,0.0177069760,0.0000212484,0.0154990537,4.6356778300,6.1720264818
2026-05-08,0.0024685811,0.8931241750,0.0085881754,0.0000103058,0.0021944436,4.6458505637,6.1872626296
2026-05-11,-0.0100529086,0.8957083745,0.0025841995,0.0000031010,-0.0090075754,4.6040027143,6.1250626442
2026-05-12,0.0271113840,0.9016662254,0.0059578509,0.0000071494,0.0244382698,4.7165165749,6.2911215693
2026-05-13,0.0309710539,0.8979150493,0.0037511761,0.0000045014,0.0278048740,4.8476587239,6.4859642345
2026-05-14,-0.0093771255,0.8728921397,0.0250229096,0.0000300275,-0.0082152467,4.8078340117,6.4251445337
2026-05-15,-0.0320446324,0.8694677796,0.0034243601,0.0000041092,-0.0278658846,4.6738594640,6.2192531392
2026-05-18,0.0030724206,0.8428004681,0.0266673115,0.0000320008,0.0025574368,4.6858125641,6.2383613009
2026-05-19,-0.0101898587,0.8464883218,0.0036878537,0.0000044254,-0.0086300218,4.6453738996,6.1747932809
2026-05-20,0.0123272100,0.8434073601,0.0030809618,0.0000036972,0.0103931625,4.6936540255,6.2509112546
2026-05-21,0.0206510787,0.8487527711,0.0053454110,0.0000064145,0.0175212458,4.7758926914,6.3799993151
2026-05-22,-0.0193362543,0.8400663504,0.0086864208,0.0000104237,-0.0162541603,4.6982645663,6.2566340261
2026-05-25,-0.0160092946,0.8340615341,0.0060048163,0.0000072058,-0.0133599426,4.6354960215,6.1564697290
2026-05-26,0.0034228330,0.8268750132,0.0071865208,0.0000086238,0.0028216312,4.6485756819,6.1775422966
2026-05-27,-0.0088672147,0.8425378493,0.0156628361,0.0000187954,-0.0074897594,4.6137589684,6.1227647027
2026-05-28,-0.0128906967,0.8420847222,0.0004531271,0.0000005438,-0.0108556025,4.5636738348,6.0438379997
2026-05-29,-0.0142574810,0.8497240129,0.0076392906,0.0000091671,-0.0121240911,4.5083434373,5.9576680941
2026-06-01,0.0048017837,0.8451909045,0.0045331084,0.0000054397,0.0040529842,4.5266156819,5.9862755275
2026-06-02,-0.0170907281,0.8448346139,0.0003562906,0.0000004275,-0.0144392663,4.4612546728,5.8839657199
2026-06-03,-0.0104074656,0.8848332862,0.0399986723,0.0000479984,-0.0092568704,4.4199574164,5.8227285489
2026-06-04,0.0001288697,0.8806511663,0.0041821199,0.0000050185,0.0001084707,4.4204368521,5.8234789219
2026-06-05,0.0039507159,0.8813486214,0.0006974551,0.0000008369,0.0034811211,4.4358249280,5.8464858327
2026-06-08,-0.0251556378,0.8816967148,0.0003480934,0.0000004177,-0.0221800609,4.3374380610,5.6994137529
2026-06-09,0.0032198670,0.8708713825,0.0108253323,0.0000129904,0.0027910997,4.3495442829,5.7177651074
2026-06-10,0.0090046941,0.8866994623,0.0158280798,0.0000189937,0.0079654637,4.3841904201,5.7692518332
2026-06-11,0.0160080646,0.8865428276,0.0001566347,0.0000001880,0.0141916469,4.4464093027,5.8616063895
2026-06-12,0.0214028704,0.8889783482,0.0024355206,0.0000029226,0.0190237657,4.5309967515,5.9870615911
2026-06-15,0.0122363157,0.8770380711,0.0119402771,0.0000143283,0.0107173864,4.5795571944,6.0603211669
2026-06-16,0.0093053993,0.8742442823,0.0027937888,0.0000033525,0.0081318396,4.6167974191,6.1167148755
2026-06-17,-0.0195966290,0.8738368938,0.0004073885,0.0000004889,-0.0171247463,4.5377359344,5.9968478831
2026-06-18,-0.0045194750,0.8613560553,0.0124808385,0.0000149770,-0.0039078542,4.5200031242,5.9697452790
2026-06-22,-0.0128365291,0.8612735511,0.0000825041,0.0000000990,-0.0110558620,4.4700305935,5.8931144703
2026-06-23,0.0402141290,0.8853782796,0.0241047285,0.0000289257,0.0355757906,4.6290554661,6.1301009356
2026-06-24,-0.0010993822,0.8540010086,0.0313772710,0.0000376527,-0.0009765262,4.6245350721,6.1233616119
2026-06-25,-0.0040811271,0.8599729508,0.0059719422,0.0000071663,-0.0035168253,4.6082713903,6.0983713947
2026-06-26,0.0292870521,0.8589605884,0.0010123624,0.0000012148,0.0251552086,4.7241934186,6.2769747152
2026-06-29,-0.0393976407,0.8427055004,0.0162550880,0.0000195061,-0.0332201146,4.5672551718,6.0296767208
2026-06-30,0.0584118960,0.8168229075,0.0258825928,0.0000310591,0.0476811156,4.7850269935,6.3818815701
2026-07-01,-0.0208668438,0.7687778525,0.0480450551,0.0000576541,-0.0160996214,4.7079898704,6.2487118443
2026-07-02,0.0484033578,0.7589526218,0.0098252307,0.0000117903,0.0367240650,4.8808863964,6.5511704792
2026-07-03,0.0099712107,0.7211316929,0.0378209289,0.0000453851,0.0071451709,4.9157611640,6.6164935803
2026-07-06,0.0055952527,0.7235913823,0.0024596894,0.0000029516,0.0040457250,4.9356489818,6.6535145338
2026-07-07,0.0102521665,0.7272628376,0.0036714553,0.0000044057,0.0074516139,4.9724275326,6.7217274725
2026-07-08,-0.0296867176,0.7273933336,0.0001304961,0.0000001566,-0.0215940771,4.8650525493,6.5221814474
2026-07-09,-0.0140127161,0.7109612432,0.0164320905,0.0000197185,-0.0099822166,4.8164885411,6.4307879704
2026-07-10,0.0111440855,0.7069449067,0.0040163365,0.0000048196,0.0078734348,4.8544108498,6.5024532211
2026-07-13,0.0066895746,0.7064265470,0.0005183597,0.0000006220,0.0047250711,4.8773482861,6.5459518671
2026-07-14,-0.0038316700,0.7066325311,0.0002059841,0.0000002472,-0.0027078298,4.8641412570,6.5208699400
2026-07-15,0.0149368660,0.7229396862,0.0163071552,0.0000195686,0.0107788846,4.9165712742,6.6182713002
2026-07-16,0.0247106005,0.7270064704,0.0040667842,0.0000048801,0.0179598863,5.0048723355,6.7818127585
2026-07-17,-0.0065802869,0.7189588484,0.0080476220,0.0000096571,-0.0047406126,4.9811461744,6.7371864848
2026-07-20,-0.0278870459,0.7190578715,0.0000990230,0.0000001188,-0.0200525187,4.8812616475,6.5493062558
2026-07-21,0.0314533471,0.7051341983,0.0139236732,0.0000167084,0.0221621223,4.9894407650,6.7553038586
2026-07-22,-0.0108473423,0.6954485285,0.0096856698,0.0000116228,-0.0075553910,4.9517435889,6.6820267654
2026-07-23,0.0119081654,0.6951217123,0.0003268162,0.0000003922,0.0082772322,4.9927303203,6.7615974456
2026-07-24,0.0058042390,0.7003251261,0.0052034138,0.0000062441,0.0040586103,5.0129938669,6.8008433730
2026-07-27,-0.0163190076,0.7017008005,0.0013756744,0.0000016508,-0.0114527115,4.9555814945,6.6898603586
2026-07-28,0.0060670508,0.7047350541,0.0030342536,0.0000036411,0.0042720223,4.9767518490,6.7304480811
2026-07-29,0.0058789302,0.7047240141,0.0000110401,0.0000000132,0.0041430100,4.9973705818,6.7700159155
2026-07-30,-0.0010414641,0.7050977660,0.0003737519,0.0000004485,-0.0007347825,4.9936986012,6.7629651867
2026-07-31,0.0042554591,0.7165098904,0.0114121244,0.0000136945,0.0030353840,5.0088563938,6.7917447083
2026-08-03,0.0008001088,0.7201967119,0.0036868215,0.0000044242,0.0005718115,5.0117205157,6.7971788430
2026-08-04,-0.0029500723,0.7201896013,0.0000071106,0.0000000085,-0.0021246199,5.0010725145,6.7771266741
2026-08-05,-0.0143983143,0.7221111364,0.0019215351,0.0000023058,-0.0103994890,4.9490639161,6.6795474740
2026-08-06,0.0242895526,0.7287557348,0.0066445984,0.0000079735,0.0176931773,5.0366285813,6.8417906940
2026-08-07,-0.0162450077,0.7347778687,0.0060221339,0.0000072266,-0.0119436987,4.9764726071,6.7306457515
2026-08-10,0.0186686446,0.7315318774,0.0032459913,0.0000038952,0.0136528134,5.0444154590,6.8562977847
2026-08-11,0.0050708742,0.7458315572,0.0142996798,0.0000171596,0.0037648584,5.0634069687,6.8910652080
2026-08-12,-0.0073630563,0.7456692138,0.0001623434,0.0000001948,-0.0054905992,5.0356058302,6.8403259066
2026-08-13,0.0091267105,0.7467528054,0.0010835916,0.0000013003,0.0068140964,5.0699189335,6.9027555808
2026-08-14,0.0001181318,0.7477813760,0.0010285706,0.0000012343,0.0000871024,5.0703605358,6.9035710154
2026-08-17,0.0009389845,0.7543722658,0.0065908899,0.0000079091,0.0007004348,5.0739119927,6.9100533614
2026-08-18,0.0110206764,0.7627036735,0.0083314076,0.0000099977,0.0083955127,5.1165100850,6.9862068231
2026-08-19,0.0067895779,0.7674729392,0.0047692658,0.0000057231,0.0052050942,5.1431420021,7.0336402188
2026-08-20,0.0101578110,0.7671024878,0.0003704515,0.0000004445,0.0077916375,5.1832155004,7.1050866068
2026-08-21,0.0092927081,0.7684777739,0.0013752861,0.0000016503,0.0071395893,5.2202215304,7.1711121028
2026-08-24,-0.0063336972,0.7725532885,0.0040755147,0.0000048906,-0.0048980092,5.1946528373,7.1256924504
2026-08-25,-0.0091398209,0.7768292331,0.0042759446,0.0000051311,-0.0071052112,5.1577437317,7.0605648974
